"SOURCE_PATH","TARGET_PATH","MIGRATION_MODE","SOURCE_SHA256","PUBLIC_SHA256","HASH_RELATION","TRANSFORMATION_REASON"
"day01/Code/01_GD32F407_Flash/Common/flash_drv.c","projects/01-flash-basics/course/Common/flash_drv.c","VERBATIM","d1ef57fcadeec305daed044553063a66503f50df5dc793312e5b356ec10178ac","d1ef57fcadeec305daed044553063a66503f50df5dc793312e5b356ec10178ac","MATCH",""
"day01/Code/01_GD32F407_Flash/Common/flash_drv.h","projects/01-flash-basics/course/Common/flash_drv.h","VERBATIM","f836e745ed922e0c1850aa8814fbb267218cd496be5cd7acef62b2e4d0144df0","f836e745ed922e0c1850aa8814fbb267218cd496be5cd7acef62b2e4d0144df0","MATCH",""
"day01/Code/01_GD32F407_Flash/Common/fmc_operation.c","projects/01-flash-basics/course/Common/fmc_operation.c","VERBATIM","996936d0d884172b36d96e9155f713489d099770f22b2f8d4ddbc7c9226c3c33","996936d0d884172b36d96e9155f713489d099770f22b2f8d4ddbc7c9226c3c33","MATCH",""
"day01/Code/01_GD32F407_Flash/Common/fmc_operation.h","projects/01-flash-basics/course/Common/fmc_operation.h","VERBATIM","3fc83074fa0df26c416ed8f0485d7cc88d8973c837ab24089723a7938f9bd1ce","3fc83074fa0df26c416ed8f0485d7cc88d8973c837ab24089723a7938f9bd1ce","MATCH",""
"day01/Code/01_GD32F407_Flash/Firmware/CMSIS/core_cm4_simd.h","projects/01-flash-basics/course/Firmware/CMSIS/core_cm4_simd.h","VERBATIM","0c2a0c2d66c7791b82ca19d10336c96518830ef359f6bfd9da7477bc2cbccbbb","0c2a0c2d66c7791b82ca19d10336c96518830ef359f6bfd9da7477bc2cbccbbb","MATCH",""
"day01/Code/01_GD32F407_Flash/Firmware/CMSIS/core_cm4.h","projects/01-flash-basics/course/Firmware/CMSIS/core_cm4.h","VERBATIM","4756546e1449d17b1a7dee2f3307f2c92c9f1d669c3f5dfc3ee1dec8aee9a8f7","4756546e1449d17b1a7dee2f3307f2c92c9f1d669c3f5dfc3ee1dec8aee9a8f7","MATCH",""
"day01/Code/01_GD32F407_Flash/Firmware/CMSIS/core_cmFunc.h","projects/01-flash-basics/course/Firmware/CMSIS/core_cmFunc.h","VERBATIM","5075ff67c8e264b83d9b391c07c6512e26abbc189e321de0d8b4375476980e5e","5075ff67c8e264b83d9b391c07c6512e26abbc189e321de0d8b4375476980e5e","MATCH",""
"day01/Code/01_GD32F407_Flash/Firmware/CMSIS/core_cmInstr.h","projects/01-flash-basics/course/Firmware/CMSIS/core_cmInstr.h","VERBATIM","c35ddca16ca04646dc70acf2d592ad9eaeaaecd8125a32abb710069648266eb5","c35ddca16ca04646dc70acf2d592ad9eaeaaecd8125a32abb710069648266eb5","MATCH",""
"day01/Code/01_GD32F407_Flash/Firmware/CMSIS/GD/GD32F4xx/Include/gd32f4xx.h","projects/01-flash-basics/course/Firmware/CMSIS/GD/GD32F4xx/Include/gd32f4xx.h","VERBATIM","96f1f6884c9885d32df760a385ca0b5e8e9b20c066f71b946771a00503623a62","96f1f6884c9885d32df760a385ca0b5e8e9b20c066f71b946771a00503623a62","MATCH",""
"day01/Code/01_GD32F407_Flash/Firmware/CMSIS/GD/GD32F4xx/Include/system_gd32f4xx.h","projects/01-flash-basics/course/Firmware/CMSIS/GD/GD32F4xx/Include/system_gd32f4xx.h","VERBATIM","98ef2dd6dd7f6d2542c4d5ca83e9869be3630b43300cb9ab453703e4277913bd","98ef2dd6dd7f6d2542c4d5ca83e9869be3630b43300cb9ab453703e4277913bd","MATCH",""
"day01/Code/01_GD32F407_Flash/Firmware/CMSIS/GD/GD32F4xx/Source/ARM/startup_gd32f405_425.s","projects/01-flash-basics/course/Firmware/CMSIS/GD/GD32F4xx/Source/ARM/startup_gd32f405_425.s","VERBATIM","aef6290f6950c0b7fb922fd12b91b3fc34ada707a6846aa5d7a1277fdd50fbd9","aef6290f6950c0b7fb922fd12b91b3fc34ada707a6846aa5d7a1277fdd50fbd9","MATCH",""
"day01/Code/01_GD32F407_Flash/Firmware/CMSIS/GD/GD32F4xx/Source/ARM/startup_gd32f407_427.s","projects/01-flash-basics/course/Firmware/CMSIS/GD/GD32F4xx/Source/ARM/startup_gd32f407_427.s","VERBATIM","65127cc1ffc7bb0c6e3ab3e1ef32c8f935d09ef4a83ac4914e089d40c39b8b5b","65127cc1ffc7bb0c6e3ab3e1ef32c8f935d09ef4a83ac4914e089d40c39b8b5b","MATCH",""
"day01/Code/01_GD32F407_Flash/Firmware/CMSIS/GD/GD32F4xx/Source/ARM/startup_gd32f450_470.s","projects/01-flash-basics/course/Firmware/CMSIS/GD/GD32F4xx/Source/ARM/startup_gd32f450_470.s","VERBATIM","a4e9852ba47aad025de9645d067fab33dda87b8e82dea6d77b3364f902345299","a4e9852ba47aad025de9645d067fab33dda87b8e82dea6d77b3364f902345299","MATCH",""
"day01/Code/01_GD32F407_Flash/Firmware/CMSIS/GD/GD32F4xx/Source/IAR/startup_gd32f405_425.s","projects/01-flash-basics/course/Firmware/CMSIS/GD/GD32F4xx/Source/IAR/startup_gd32f405_425.s","VERBATIM","70e76c6ad0182a5682773261e308008bc1102c09839605a0e058851173026836","70e76c6ad0182a5682773261e308008bc1102c09839605a0e058851173026836","MATCH",""
"day01/Code/01_GD32F407_Flash/Firmware/CMSIS/GD/GD32F4xx/Source/IAR/startup_gd32f407_427.s","projects/01-flash-basics/course/Firmware/CMSIS/GD/GD32F4xx/Source/IAR/startup_gd32f407_427.s","VERBATIM","550d6ca54de7f8fcb2791aaf9141666ba15978c55017fa6798bf0ca80a2864c6","550d6ca54de7f8fcb2791aaf9141666ba15978c55017fa6798bf0ca80a2864c6","MATCH",""
"day01/Code/01_GD32F407_Flash/Firmware/CMSIS/GD/GD32F4xx/Source/IAR/startup_gd32f450_470.s","projects/01-flash-basics/course/Firmware/CMSIS/GD/GD32F4xx/Source/IAR/startup_gd32f450_470.s","VERBATIM","ee6654f1d551c6937d014fe943342b0395a32076e5ac8dd688c600eacb9bd343","ee6654f1d551c6937d014fe943342b0395a32076e5ac8dd688c600eacb9bd343","MATCH",""
"day01/Code/01_GD32F407_Flash/Firmware/CMSIS/GD/GD32F4xx/Source/system_gd32f4xx.c","projects/01-flash-basics/course/Firmware/CMSIS/GD/GD32F4xx/Source/system_gd32f4xx.c","VERBATIM","8f66a123756716cf74297a7b54eec616f230cbbc37dfb60f21bf05d1bc070836","8f66a123756716cf74297a7b54eec616f230cbbc37dfb60f21bf05d1bc070836","MATCH",""
"day01/Code/01_GD32F407_Flash/Firmware/GD32F4xx_standard_peripheral/Include/gd32f4xx_adc.h","projects/01-flash-basics/course/Firmware/GD32F4xx_standard_peripheral/Include/gd32f4xx_adc.h","VERBATIM","d6b41e007f1ee95e5fa1b495f94924f7e6166439fbf3e9234a26b5fa6c32f1de","d6b41e007f1ee95e5fa1b495f94924f7e6166439fbf3e9234a26b5fa6c32f1de","MATCH",""
"day01/Code/01_GD32F407_Flash/Firmware/GD32F4xx_standard_peripheral/Include/gd32f4xx_can.h","projects/01-flash-basics/course/Firmware/GD32F4xx_standard_peripheral/Include/gd32f4xx_can.h","VERBATIM","62a96066d7b8a1cef45ab4092fce5058b962050eb1c9e4b3585f0e19b9f30578","62a96066d7b8a1cef45ab4092fce5058b962050eb1c9e4b3585f0e19b9f30578","MATCH",""
"day01/Code/01_GD32F407_Flash/Firmware/GD32F4xx_standard_peripheral/Include/gd32f4xx_crc.h","projects/01-flash-basics/course/Firmware/GD32F4xx_standard_peripheral/Include/gd32f4xx_crc.h","VERBATIM","4870f145aeec968f3a7a0a5068105591e1adeb9a37a5e47fdcc9d27d7d3afbd6","4870f145aeec968f3a7a0a5068105591e1adeb9a37a5e47fdcc9d27d7d3afbd6","MATCH",""
"day01/Code/01_GD32F407_Flash/Firmware/GD32F4xx_standard_peripheral/Include/gd32f4xx_ctc.h","projects/01-flash-basics/course/Firmware/GD32F4xx_standard_peripheral/Include/gd32f4xx_ctc.h","VERBATIM","900ab7d5f9c585834166a58966c8d523ff91d410066d00bbed3e6522c25782d7","900ab7d5f9c585834166a58966c8d523ff91d410066d00bbed3e6522c25782d7","MATCH",""
"day01/Code/01_GD32F407_Flash/Firmware/GD32F4xx_standard_peripheral/Include/gd32f4xx_dac.h","projects/01-flash-basics/course/Firmware/GD32F4xx_standard_peripheral/Include/gd32f4xx_dac.h","VERBATIM","86057cc0c52a32f955a12f47aba1e4997ac2daba13b10a686d8777579f638afb","86057cc0c52a32f955a12f47aba1e4997ac2daba13b10a686d8777579f638afb","MATCH",""
"day01/Code/01_GD32F407_Flash/Firmware/GD32F4xx_standard_peripheral/Include/gd32f4xx_dbg.h","projects/01-flash-basics/course/Firmware/GD32F4xx_standard_peripheral/Include/gd32f4xx_dbg.h","VERBATIM","21a089b5880f1d101116bd37eaac7a085a103901a40900e75941130d901b150e","21a089b5880f1d101116bd37eaac7a085a103901a40900e75941130d901b150e","MATCH",""
"day01/Code/01_GD32F407_Flash/Firmware/GD32F4xx_standard_peripheral/Include/gd32f4xx_dci.h","projects/01-flash-basics/course/Firmware/GD32F4xx_standard_peripheral/Include/gd32f4xx_dci.h","VERBATIM","787f449f0b2eba5bbcc92b0d50899fa668cea6ed9ccab3960eba0b2253cc7748","787f449f0b2eba5bbcc92b0d50899fa668cea6ed9ccab3960eba0b2253cc7748","MATCH",""
"day01/Code/01_GD32F407_Flash/Firmware/GD32F4xx_standard_peripheral/Include/gd32f4xx_dma.h","projects/01-flash-basics/course/Firmware/GD32F4xx_standard_peripheral/Include/gd32f4xx_dma.h","VERBATIM","f358957ebf98c4c449480a088e349cdac2716394c24fa4111de08b06fcdc5094","f358957ebf98c4c449480a088e349cdac2716394c24fa4111de08b06fcdc5094","MATCH",""
"day01/Code/01_GD32F407_Flash/Firmware/GD32F4xx_standard_peripheral/Include/gd32f4xx_enet.h","projects/01-flash-basics/course/Firmware/GD32F4xx_standard_peripheral/Include/gd32f4xx_enet.h","VERBATIM","2bdbc2be9b0e3ba398deeab38021442a2cfeedff21fc353cf3b16c717a2cdf9b","2bdbc2be9b0e3ba398deeab38021442a2cfeedff21fc353cf3b16c717a2cdf9b","MATCH",""
"day01/Code/01_GD32F407_Flash/Firmware/GD32F4xx_standard_peripheral/Include/gd32f4xx_exmc.h","projects/01-flash-basics/course/Firmware/GD32F4xx_standard_peripheral/Include/gd32f4xx_exmc.h","VERBATIM","68482b678dd868085a6be6317eec18873d43f895936e503487e843e561a0d55e","68482b678dd868085a6be6317eec18873d43f895936e503487e843e561a0d55e","MATCH",""
"day01/Code/01_GD32F407_Flash/Firmware/GD32F4xx_standard_peripheral/Include/gd32f4xx_exti.h","projects/01-flash-basics/course/Firmware/GD32F4xx_standard_peripheral/Include/gd32f4xx_exti.h","VERBATIM","705948f029f63a5995d9849a60e417d6210ece34c8e942c76a2d4e7a2b927426","705948f029f63a5995d9849a60e417d6210ece34c8e942c76a2d4e7a2b927426","MATCH",""
"day01/Code/01_GD32F407_Flash/Firmware/GD32F4xx_standard_peripheral/Include/gd32f4xx_fmc.h","projects/01-flash-basics/course/Firmware/GD32F4xx_standard_peripheral/Include/gd32f4xx_fmc.h","VERBATIM","5a5d9f0b1ce1e7486206130f80048f81a6d3e9e6337bf0a4c69d4a1d5edc9f7e","5a5d9f0b1ce1e7486206130f80048f81a6d3e9e6337bf0a4c69d4a1d5edc9f7e","MATCH",""
"day01/Code/01_GD32F407_Flash/Firmware/GD32F4xx_standard_peripheral/Include/gd32f4xx_fwdgt.h","projects/01-flash-basics/course/Firmware/GD32F4xx_standard_peripheral/Include/gd32f4xx_fwdgt.h","VERBATIM","04cb4ee0d6526910cf9ca8befc437fc6df3fdfe09fb0bc418ab7ea5c19611a50","04cb4ee0d6526910cf9ca8befc437fc6df3fdfe09fb0bc418ab7ea5c19611a50","MATCH",""
"day01/Code/01_GD32F407_Flash/Firmware/GD32F4xx_standard_peripheral/Include/gd32f4xx_gpio.h","projects/01-flash-basics/course/Firmware/GD32F4xx_standard_peripheral/Include/gd32f4xx_gpio.h","VERBATIM","a20501a28644bf45b8e3c4ab2a7237466805c1480b06e7d6c8585296d7f08787","a20501a28644bf45b8e3c4ab2a7237466805c1480b06e7d6c8585296d7f08787","MATCH",""
"day01/Code/01_GD32F407_Flash/Firmware/GD32F4xx_standard_peripheral/Include/gd32f4xx_i2c.h","projects/01-flash-basics/course/Firmware/GD32F4xx_standard_peripheral/Include/gd32f4xx_i2c.h","VERBATIM","6cf4053e2452263cdfcb98da0832ce1f2f1b0380c1bea5d4284c1df0d5cbbb05","6cf4053e2452263cdfcb98da0832ce1f2f1b0380c1bea5d4284c1df0d5cbbb05","MATCH",""
"day01/Code/01_GD32F407_Flash/Firmware/GD32F4xx_standard_peripheral/Include/gd32f4xx_ipa.h","projects/01-flash-basics/course/Firmware/GD32F4xx_standard_peripheral/Include/gd32f4xx_ipa.h","VERBATIM","1ad22068402e09bae4117e637ed972fcd7452751ccbe01c7829aea7df45ae8ae","1ad22068402e09bae4117e637ed972fcd7452751ccbe01c7829aea7df45ae8ae","MATCH",""
"day01/Code/01_GD32F407_Flash/Firmware/GD32F4xx_standard_peripheral/Include/gd32f4xx_iref.h","projects/01-flash-basics/course/Firmware/GD32F4xx_standard_peripheral/Include/gd32f4xx_iref.h","VERBATIM","d9d1e67fd4473f44b2f7e22bb78c3dfa9b5109d083af1b0fdc63ec657b241c4a","d9d1e67fd4473f44b2f7e22bb78c3dfa9b5109d083af1b0fdc63ec657b241c4a","MATCH",""
"day01/Code/01_GD32F407_Flash/Firmware/GD32F4xx_standard_peripheral/Include/gd32f4xx_misc.h","projects/01-flash-basics/course/Firmware/GD32F4xx_standard_peripheral/Include/gd32f4xx_misc.h","VERBATIM","0a918f830f0200c0e806dfb50594259783e69d8adbc27708705567f7193d35fb","0a918f830f0200c0e806dfb50594259783e69d8adbc27708705567f7193d35fb","MATCH",""
"day01/Code/01_GD32F407_Flash/Firmware/GD32F4xx_standard_peripheral/Include/gd32f4xx_pmu.h","projects/01-flash-basics/course/Firmware/GD32F4xx_standard_peripheral/Include/gd32f4xx_pmu.h","VERBATIM","b9a72b6e42083efd170c0c5fbe579c5d6417f9bbf674db36041be96fcbd84636","b9a72b6e42083efd170c0c5fbe579c5d6417f9bbf674db36041be96fcbd84636","MATCH",""
"day01/Code/01_GD32F407_Flash/Firmware/GD32F4xx_standard_peripheral/Include/gd32f4xx_rcu.h","projects/01-flash-basics/course/Firmware/GD32F4xx_standard_peripheral/Include/gd32f4xx_rcu.h","VERBATIM","ac2b2ae653edc89e674eda24e1cfe8b511b73984ae0cabed3df60ba61f8eef08","ac2b2ae653edc89e674eda24e1cfe8b511b73984ae0cabed3df60ba61f8eef08","MATCH",""
"day01/Code/01_GD32F407_Flash/Firmware/GD32F4xx_standard_peripheral/Include/gd32f4xx_rtc.h","projects/01-flash-basics/course/Firmware/GD32F4xx_standard_peripheral/Include/gd32f4xx_rtc.h","VERBATIM","1798b1b495683096d4491cf0f854957d2ad60612f65a801ed0e7a4bee49fa549","1798b1b495683096d4491cf0f854957d2ad60612f65a801ed0e7a4bee49fa549","MATCH",""
"day01/Code/01_GD32F407_Flash/Firmware/GD32F4xx_standard_peripheral/Include/gd32f4xx_sdio.h","projects/01-flash-basics/course/Firmware/GD32F4xx_standard_peripheral/Include/gd32f4xx_sdio.h","VERBATIM","8d6813efc565e3085611d767ea4e670e0c76a256c6f17fc93f313bcb11d0385a","8d6813efc565e3085611d767ea4e670e0c76a256c6f17fc93f313bcb11d0385a","MATCH",""
"day01/Code/01_GD32F407_Flash/Firmware/GD32F4xx_standard_peripheral/Include/gd32f4xx_spi.h","projects/01-flash-basics/course/Firmware/GD32F4xx_standard_peripheral/Include/gd32f4xx_spi.h","VERBATIM","4c6360c8fe58d4a38e4870bcba17630857551d3ec7b4bd3ddeb5085c31240b1c","4c6360c8fe58d4a38e4870bcba17630857551d3ec7b4bd3ddeb5085c31240b1c","MATCH",""
"day01/Code/01_GD32F407_Flash/Firmware/GD32F4xx_standard_peripheral/Include/gd32f4xx_syscfg.h","projects/01-flash-basics/course/Firmware/GD32F4xx_standard_peripheral/Include/gd32f4xx_syscfg.h","VERBATIM","5060fef0a07a3fc1396a31f09f95fe1d134f8a1fb1581e3dd98bb6078108c447","5060fef0a07a3fc1396a31f09f95fe1d134f8a1fb1581e3dd98bb6078108c447","MATCH",""
"day01/Code/01_GD32F407_Flash/Firmware/GD32F4xx_standard_peripheral/Include/gd32f4xx_timer.h","projects/01-flash-basics/course/Firmware/GD32F4xx_standard_peripheral/Include/gd32f4xx_timer.h","VERBATIM","7a79f81f1d862a1b49f23bfe05b1ac751a71e761b6e63c2dffabe6c7bc69ac49","7a79f81f1d862a1b49f23bfe05b1ac751a71e761b6e63c2dffabe6c7bc69ac49","MATCH",""
"day01/Code/01_GD32F407_Flash/Firmware/GD32F4xx_standard_peripheral/Include/gd32f4xx_tli.h","projects/01-flash-basics/course/Firmware/GD32F4xx_standard_peripheral/Include/gd32f4xx_tli.h","VERBATIM","1b94ea157ac8ce2fed962b0c4ff95b6702c6194300aa51b04c3aafe493768d2a","1b94ea157ac8ce2fed962b0c4ff95b6702c6194300aa51b04c3aafe493768d2a","MATCH",""
"day01/Code/01_GD32F407_Flash/Firmware/GD32F4xx_standard_peripheral/Include/gd32f4xx_trng.h","projects/01-flash-basics/course/Firmware/GD32F4xx_standard_peripheral/Include/gd32f4xx_trng.h","VERBATIM","91e2bb5affefa65f90927fad795faa0f4204516284eca38e461506f0cd9ca924","91e2bb5affefa65f90927fad795faa0f4204516284eca38e461506f0cd9ca924","MATCH",""
"day01/Code/01_GD32F407_Flash/Firmware/GD32F4xx_standard_peripheral/Include/gd32f4xx_usart.h","projects/01-flash-basics/course/Firmware/GD32F4xx_standard_peripheral/Include/gd32f4xx_usart.h","VERBATIM","6cf40e957a1216c99e3663d667de1944c42272897011834bf20adcd97e791074","6cf40e957a1216c99e3663d667de1944c42272897011834bf20adcd97e791074","MATCH",""
"day01/Code/01_GD32F407_Flash/Firmware/GD32F4xx_standard_peripheral/Include/gd32f4xx_wwdgt.h","projects/01-flash-basics/course/Firmware/GD32F4xx_standard_peripheral/Include/gd32f4xx_wwdgt.h","VERBATIM","01eecfc98b4507aeb8f0afbe7d994ea0a617a79e5d4eb2d1d4a85979ba014efe","01eecfc98b4507aeb8f0afbe7d994ea0a617a79e5d4eb2d1d4a85979ba014efe","MATCH",""
"day01/Code/01_GD32F407_Flash/Firmware/GD32F4xx_standard_peripheral/Source/gd32f4xx_adc.c","projects/01-flash-basics/course/Firmware/GD32F4xx_standard_peripheral/Source/gd32f4xx_adc.c","VERBATIM","8a5c91ec7a397b53efd086646674d273ece00f36c9610ab50715fe1521ba4112","8a5c91ec7a397b53efd086646674d273ece00f36c9610ab50715fe1521ba4112","MATCH",""
"day01/Code/01_GD32F407_Flash/Firmware/GD32F4xx_standard_peripheral/Source/gd32f4xx_can.c","projects/01-flash-basics/course/Firmware/GD32F4xx_standard_peripheral/Source/gd32f4xx_can.c","VERBATIM","ce0e343b00856972eabaccc1f4d88c051796a8d1e30c4596312fc29a533db8ba","ce0e343b00856972eabaccc1f4d88c051796a8d1e30c4596312fc29a533db8ba","MATCH",""
"day01/Code/01_GD32F407_Flash/Firmware/GD32F4xx_standard_peripheral/Source/gd32f4xx_crc.c","projects/01-flash-basics/course/Firmware/GD32F4xx_standard_peripheral/Source/gd32f4xx_crc.c","VERBATIM","c14034159e72e082aa70e2a8cba60ffcf950b63d75ae467706632f32ec00f315","c14034159e72e082aa70e2a8cba60ffcf950b63d75ae467706632f32ec00f315","MATCH",""
"day01/Code/01_GD32F407_Flash/Firmware/GD32F4xx_standard_peripheral/Source/gd32f4xx_ctc.c","projects/01-flash-basics/course/Firmware/GD32F4xx_standard_peripheral/Source/gd32f4xx_ctc.c","VERBATIM","07f4a6385c6ffb2e18ecf95daae6a431fb91262fa988835a249a64f4002280a1","07f4a6385c6ffb2e18ecf95daae6a431fb91262fa988835a249a64f4002280a1","MATCH",""
"day01/Code/01_GD32F407_Flash/Firmware/GD32F4xx_standard_peripheral/Source/gd32f4xx_dac.c","projects/01-flash-basics/course/Firmware/GD32F4xx_standard_peripheral/Source/gd32f4xx_dac.c","VERBATIM","ace5c99f1e2774d955ca4e4d5d6e81b2d831f718098487ea3e8c2c34c960e160","ace5c99f1e2774d955ca4e4d5d6e81b2d831f718098487ea3e8c2c34c960e160","MATCH",""
"day01/Code/01_GD32F407_Flash/Firmware/GD32F4xx_standard_peripheral/Source/gd32f4xx_dbg.c","projects/01-flash-basics/course/Firmware/GD32F4xx_standard_peripheral/Source/gd32f4xx_dbg.c","VERBATIM","6eec659fd6b5c549226bae8e9c9c78785b064d557434189bb221287d550fe291","6eec659fd6b5c549226bae8e9c9c78785b064d557434189bb221287d550fe291","MATCH",""
"day01/Code/01_GD32F407_Flash/Firmware/GD32F4xx_standard_peripheral/Source/gd32f4xx_dci.c","projects/01-flash-basics/course/Firmware/GD32F4xx_standard_peripheral/Source/gd32f4xx_dci.c","VERBATIM","b99613d9a21a02dd39117f30b9a488b859209ab3489dcfde7361d147cdf76516","b99613d9a21a02dd39117f30b9a488b859209ab3489dcfde7361d147cdf76516","MATCH",""
"day01/Code/01_GD32F407_Flash/Firmware/GD32F4xx_standard_peripheral/Source/gd32f4xx_dma.c","projects/01-flash-basics/course/Firmware/GD32F4xx_standard_peripheral/Source/gd32f4xx_dma.c","VERBATIM","2d943a169ababcc22cbc6c41665f5ce375c30b63005954e1d34bb3218cb63faf","2d943a169ababcc22cbc6c41665f5ce375c30b63005954e1d34bb3218cb63faf","MATCH",""
"day01/Code/01_GD32F407_Flash/Firmware/GD32F4xx_standard_peripheral/Source/gd32f4xx_enet.c","projects/01-flash-basics/course/Firmware/GD32F4xx_standard_peripheral/Source/gd32f4xx_enet.c","VERBATIM","3051e8737c463d23d07b9c9ad937bc7c488bb573738b2313982870daa670e87e","3051e8737c463d23d07b9c9ad937bc7c488bb573738b2313982870daa670e87e","MATCH",""
"day01/Code/01_GD32F407_Flash/Firmware/GD32F4xx_standard_peripheral/Source/gd32f4xx_exmc.c","projects/01-flash-basics/course/Firmware/GD32F4xx_standard_peripheral/Source/gd32f4xx_exmc.c","VERBATIM","e4a79b377c89d9eb8bd5be101e273ad5efba0c2a24fb4621ab7bc124beeeaebf","e4a79b377c89d9eb8bd5be101e273ad5efba0c2a24fb4621ab7bc124beeeaebf","MATCH",""
"day01/Code/01_GD32F407_Flash/Firmware/GD32F4xx_standard_peripheral/Source/gd32f4xx_exti.c","projects/01-flash-basics/course/Firmware/GD32F4xx_standard_peripheral/Source/gd32f4xx_exti.c","VERBATIM","fce4a7eca93486d71a9e5758642f2282ae7f8805dbb559312837a0b17577fe58","fce4a7eca93486d71a9e5758642f2282ae7f8805dbb559312837a0b17577fe58","MATCH",""
"day01/Code/01_GD32F407_Flash/Firmware/GD32F4xx_standard_peripheral/Source/gd32f4xx_fmc.c","projects/01-flash-basics/course/Firmware/GD32F4xx_standard_peripheral/Source/gd32f4xx_fmc.c","VERBATIM","15408829d2405432fc8ed73d5d8c6bbb1e6c74540f1b817983babd62e22cab16","15408829d2405432fc8ed73d5d8c6bbb1e6c74540f1b817983babd62e22cab16","MATCH",""
"day01/Code/01_GD32F407_Flash/Firmware/GD32F4xx_standard_peripheral/Source/gd32f4xx_fwdgt.c","projects/01-flash-basics/course/Firmware/GD32F4xx_standard_peripheral/Source/gd32f4xx_fwdgt.c","VERBATIM","05b67d15069ced6f0472e4115ecd16064402e0d6220561499000025a8cd189b7","05b67d15069ced6f0472e4115ecd16064402e0d6220561499000025a8cd189b7","MATCH",""
"day01/Code/01_GD32F407_Flash/Firmware/GD32F4xx_standard_peripheral/Source/gd32f4xx_gpio.c","projects/01-flash-basics/course/Firmware/GD32F4xx_standard_peripheral/Source/gd32f4xx_gpio.c","VERBATIM","262befe864d5da3bada64d0b3dab29e5c2747e46b154ede8bcab0b788db614e0","262befe864d5da3bada64d0b3dab29e5c2747e46b154ede8bcab0b788db614e0","MATCH",""
"day01/Code/01_GD32F407_Flash/Firmware/GD32F4xx_standard_peripheral/Source/gd32f4xx_i2c.c","projects/01-flash-basics/course/Firmware/GD32F4xx_standard_peripheral/Source/gd32f4xx_i2c.c","VERBATIM","8edfaf1a8f0bf2833923d0072fe1b9d0467382b3ec1d243e918d0de9711cccd2","8edfaf1a8f0bf2833923d0072fe1b9d0467382b3ec1d243e918d0de9711cccd2","MATCH",""
"day01/Code/01_GD32F407_Flash/Firmware/GD32F4xx_standard_peripheral/Source/gd32f4xx_ipa.c","projects/01-flash-basics/course/Firmware/GD32F4xx_standard_peripheral/Source/gd32f4xx_ipa.c","VERBATIM","38a8350304763c1c83b4d2341f6782b090ca09abe541ac360089b5cb454bcf57","38a8350304763c1c83b4d2341f6782b090ca09abe541ac360089b5cb454bcf57","MATCH",""
"day01/Code/01_GD32F407_Flash/Firmware/GD32F4xx_standard_peripheral/Source/gd32f4xx_iref.c","projects/01-flash-basics/course/Firmware/GD32F4xx_standard_peripheral/Source/gd32f4xx_iref.c","VERBATIM","24f2fcfcd20882fd3e65773a281a827bf5391a0a8054324eef7c98bb3f2b9b80","24f2fcfcd20882fd3e65773a281a827bf5391a0a8054324eef7c98bb3f2b9b80","MATCH",""
"day01/Code/01_GD32F407_Flash/Firmware/GD32F4xx_standard_peripheral/Source/gd32f4xx_misc.c","projects/01-flash-basics/course/Firmware/GD32F4xx_standard_peripheral/Source/gd32f4xx_misc.c","VERBATIM","1cd262f295155428c25dedc69bfbab99f7a99de09e0b602eca1f2c6017cfe2da","1cd262f295155428c25dedc69bfbab99f7a99de09e0b602eca1f2c6017cfe2da","MATCH",""
"day01/Code/01_GD32F407_Flash/Firmware/GD32F4xx_standard_peripheral/Source/gd32f4xx_pmu.c","projects/01-flash-basics/course/Firmware/GD32F4xx_standard_peripheral/Source/gd32f4xx_pmu.c","VERBATIM","dafa94838a55132e3313234c5ac2be6172116dc26574347363d554effb186d79","dafa94838a55132e3313234c5ac2be6172116dc26574347363d554effb186d79","MATCH",""
"day01/Code/01_GD32F407_Flash/Firmware/GD32F4xx_standard_peripheral/Source/gd32f4xx_rcu.c","projects/01-flash-basics/course/Firmware/GD32F4xx_standard_peripheral/Source/gd32f4xx_rcu.c","VERBATIM","6c1030eb58ec7cb9c41e2a1ff31ddef87f70dd083222327978234004c4e95b98","6c1030eb58ec7cb9c41e2a1ff31ddef87f70dd083222327978234004c4e95b98","MATCH",""
"day01/Code/01_GD32F407_Flash/Firmware/GD32F4xx_standard_peripheral/Source/gd32f4xx_rtc.c","projects/01-flash-basics/course/Firmware/GD32F4xx_standard_peripheral/Source/gd32f4xx_rtc.c","VERBATIM","eea5bcb92c88a7bab9f3740f8e9408236412a546b03a5467f21b0f94a01183e7","eea5bcb92c88a7bab9f3740f8e9408236412a546b03a5467f21b0f94a01183e7","MATCH",""
"day01/Code/01_GD32F407_Flash/Firmware/GD32F4xx_standard_peripheral/Source/gd32f4xx_sdio.c","projects/01-flash-basics/course/Firmware/GD32F4xx_standard_peripheral/Source/gd32f4xx_sdio.c","VERBATIM","9d8f3e488c74c44a30c4d0bbb9cd8d86555d898ca9c36f259ce57609959b9854","9d8f3e488c74c44a30c4d0bbb9cd8d86555d898ca9c36f259ce57609959b9854","MATCH",""
"day01/Code/01_GD32F407_Flash/Firmware/GD32F4xx_standard_peripheral/Source/gd32f4xx_spi.c","projects/01-flash-basics/course/Firmware/GD32F4xx_standard_peripheral/Source/gd32f4xx_spi.c","VERBATIM","ce06438e9ad5882a0fca88dfe658dd925ed3320ba574c2797e2f93acf6142459","ce06438e9ad5882a0fca88dfe658dd925ed3320ba574c2797e2f93acf6142459","MATCH",""
"day01/Code/01_GD32F407_Flash/Firmware/GD32F4xx_standard_peripheral/Source/gd32f4xx_syscfg.c","projects/01-flash-basics/course/Firmware/GD32F4xx_standard_peripheral/Source/gd32f4xx_syscfg.c","VERBATIM","51a7a5e70f3064424cc6e2f6a06942b47adaac8c36a6612ee08b1643557b3ca3","51a7a5e70f3064424cc6e2f6a06942b47adaac8c36a6612ee08b1643557b3ca3","MATCH",""
"day01/Code/01_GD32F407_Flash/Firmware/GD32F4xx_standard_peripheral/Source/gd32f4xx_timer.c","projects/01-flash-basics/course/Firmware/GD32F4xx_standard_peripheral/Source/gd32f4xx_timer.c","VERBATIM","3961465cf6ba39554e34c02183c50676a4ab9b3991a6aad32d271754b2506b14","3961465cf6ba39554e34c02183c50676a4ab9b3991a6aad32d271754b2506b14","MATCH",""
"day01/Code/01_GD32F407_Flash/Firmware/GD32F4xx_standard_peripheral/Source/gd32f4xx_tli.c","projects/01-flash-basics/course/Firmware/GD32F4xx_standard_peripheral/Source/gd32f4xx_tli.c","VERBATIM","881a02e692afd4a0b6848a929b0b8c79148911ad7543cf611287c45e82372541","881a02e692afd4a0b6848a929b0b8c79148911ad7543cf611287c45e82372541","MATCH",""
"day01/Code/01_GD32F407_Flash/Firmware/GD32F4xx_standard_peripheral/Source/gd32f4xx_trng.c","projects/01-flash-basics/course/Firmware/GD32F4xx_standard_peripheral/Source/gd32f4xx_trng.c","VERBATIM","ba9093d046a01c997aa54d2de9f663e8af32fb9e53c950cfc640f1033fcd6c53","ba9093d046a01c997aa54d2de9f663e8af32fb9e53c950cfc640f1033fcd6c53","MATCH",""
"day01/Code/01_GD32F407_Flash/Firmware/GD32F4xx_standard_peripheral/Source/gd32f4xx_usart.c","projects/01-flash-basics/course/Firmware/GD32F4xx_standard_peripheral/Source/gd32f4xx_usart.c","VERBATIM","f67fa54d9c9537317be92d95fd880a394d9abe98df708e5aa821fbfa392ae9b0","f67fa54d9c9537317be92d95fd880a394d9abe98df708e5aa821fbfa392ae9b0","MATCH",""
"day01/Code/01_GD32F407_Flash/Firmware/GD32F4xx_standard_peripheral/Source/gd32f4xx_wwdgt.c","projects/01-flash-basics/course/Firmware/GD32F4xx_standard_peripheral/Source/gd32f4xx_wwdgt.c","VERBATIM","0ed39de6f0101e10ddcb476e6ef21c44d2282d4f689d0d0d70f9e04940e6f0fe","0ed39de6f0101e10ddcb476e6ef21c44d2282d4f689d0d0d70f9e04940e6f0fe","MATCH",""
"day01/Code/01_GD32F407_Flash/Firmware/GD32F4xx_usb_library/device/class/audio/Include/audio_core.h","projects/01-flash-basics/course/Firmware/GD32F4xx_usb_library/device/class/audio/Include/audio_core.h","VERBATIM","d4550583ad93fb3eed7d288fb84ca5e1b57269e088fb073e541a666b636fec00","d4550583ad93fb3eed7d288fb84ca5e1b57269e088fb073e541a666b636fec00","MATCH",""
"day01/Code/01_GD32F407_Flash/Firmware/GD32F4xx_usb_library/device/class/audio/Include/audio_out_itf.h","projects/01-flash-basics/course/Firmware/GD32F4xx_usb_library/device/class/audio/Include/audio_out_itf.h","VERBATIM","77fb54dea6431af26c1de2b1ccfb8186fac92519d817556fe6b31fde7947310b","77fb54dea6431af26c1de2b1ccfb8186fac92519d817556fe6b31fde7947310b","MATCH",""
"day01/Code/01_GD32F407_Flash/Firmware/GD32F4xx_usb_library/device/class/audio/Source/audio_core.c","projects/01-flash-basics/course/Firmware/GD32F4xx_usb_library/device/class/audio/Source/audio_core.c","VERBATIM","e134abab42ada7e2d9c6bad56032f4358fbd37b82e3861496bfe8dc7b4263d32","e134abab42ada7e2d9c6bad56032f4358fbd37b82e3861496bfe8dc7b4263d32","MATCH",""
"day01/Code/01_GD32F407_Flash/Firmware/GD32F4xx_usb_library/device/class/audio/Source/audio_out_itf.c","projects/01-flash-basics/course/Firmware/GD32F4xx_usb_library/device/class/audio/Source/audio_out_itf.c","VERBATIM","33f0490e4b3ce2315d51257bb877a233ba7293bf83f1272113382989476b887b","33f0490e4b3ce2315d51257bb877a233ba7293bf83f1272113382989476b887b","MATCH",""
"day01/Code/01_GD32F407_Flash/Firmware/GD32F4xx_usb_library/device/class/cdc/Include/cdc_acm_core.h","projects/01-flash-basics/course/Firmware/GD32F4xx_usb_library/device/class/cdc/Include/cdc_acm_core.h","VERBATIM","58a53b46a222a4ca1b4f35901a48555a22ff6c8ef95dcb23e651a64512a0b8ec","58a53b46a222a4ca1b4f35901a48555a22ff6c8ef95dcb23e651a64512a0b8ec","MATCH",""
"day01/Code/01_GD32F407_Flash/Firmware/GD32F4xx_usb_library/device/class/cdc/Source/cdc_acm_core.c","projects/01-flash-basics/course/Firmware/GD32F4xx_usb_library/device/class/cdc/Source/cdc_acm_core.c","VERBATIM","92f6d272cb501a2e0e8020a5c7c3fdbf3f6267044a5f00c248a53bdc23867e71","92f6d272cb501a2e0e8020a5c7c3fdbf3f6267044a5f00c248a53bdc23867e71","MATCH",""
"day01/Code/01_GD32F407_Flash/Firmware/GD32F4xx_usb_library/device/class/dfu/Include/dfu_core.h","projects/01-flash-basics/course/Firmware/GD32F4xx_usb_library/device/class/dfu/Include/dfu_core.h","VERBATIM","b074e46c11dfc3d6f057e7c91263a7894a8598f5ad27062a8f0c737739f0ac4b","b074e46c11dfc3d6f057e7c91263a7894a8598f5ad27062a8f0c737739f0ac4b","MATCH",""
"day01/Code/01_GD32F407_Flash/Firmware/GD32F4xx_usb_library/device/class/dfu/Include/dfu_mem.h","projects/01-flash-basics/course/Firmware/GD32F4xx_usb_library/device/class/dfu/Include/dfu_mem.h","VERBATIM","ee0fa900e1595041db2524e57a7684a911afec27bd737544cb8acc1a419b54f3","ee0fa900e1595041db2524e57a7684a911afec27bd737544cb8acc1a419b54f3","MATCH",""
"day01/Code/01_GD32F407_Flash/Firmware/GD32F4xx_usb_library/device/class/dfu/Source/dfu_core.c","projects/01-flash-basics/course/Firmware/GD32F4xx_usb_library/device/class/dfu/Source/dfu_core.c","VERBATIM","ee0b61f48e523f816e1977ab5667701d4a30c9d7994809daec56a6c22b6b23f2","ee0b61f48e523f816e1977ab5667701d4a30c9d7994809daec56a6c22b6b23f2","MATCH",""
"day01/Code/01_GD32F407_Flash/Firmware/GD32F4xx_usb_library/device/class/dfu/Source/dfu_mem.c","projects/01-flash-basics/course/Firmware/GD32F4xx_usb_library/device/class/dfu/Source/dfu_mem.c","VERBATIM","1740852fd0411642aad47bf10951d51de5338ca02239c634c4a28211cc0b6bd5","1740852fd0411642aad47bf10951d51de5338ca02239c634c4a28211cc0b6bd5","MATCH",""
"day01/Code/01_GD32F407_Flash/Firmware/GD32F4xx_usb_library/device/class/hid/Include/custom_hid_core.h","projects/01-flash-basics/course/Firmware/GD32F4xx_usb_library/device/class/hid/Include/custom_hid_core.h","VERBATIM","3d8630539b539b75241b088ba5cb2bd6a6377ebe6a0c026e14e4d9f618149f3c","3d8630539b539b75241b088ba5cb2bd6a6377ebe6a0c026e14e4d9f618149f3c","MATCH",""
"day01/Code/01_GD32F407_Flash/Firmware/GD32F4xx_usb_library/device/class/hid/Include/standard_hid_core.h","projects/01-flash-basics/course/Firmware/GD32F4xx_usb_library/device/class/hid/Include/standard_hid_core.h","VERBATIM","b43958e8ef0bb4e5939d1b1279f2b4d25791abd357c51504fb08c6bf5cde5a55","b43958e8ef0bb4e5939d1b1279f2b4d25791abd357c51504fb08c6bf5cde5a55","MATCH",""
"day01/Code/01_GD32F407_Flash/Firmware/GD32F4xx_usb_library/device/class/hid/Source/custom_hid_core.c","projects/01-flash-basics/course/Firmware/GD32F4xx_usb_library/device/class/hid/Source/custom_hid_core.c","VERBATIM","e31d924422097b600884693e2cfb38c20e4215861dfc8bbdff3058c9a9133668","e31d924422097b600884693e2cfb38c20e4215861dfc8bbdff3058c9a9133668","MATCH",""
"day01/Code/01_GD32F407_Flash/Firmware/GD32F4xx_usb_library/device/class/hid/Source/standard_hid_core.c","projects/01-flash-basics/course/Firmware/GD32F4xx_usb_library/device/class/hid/Source/standard_hid_core.c","VERBATIM","976542c7fc8c038846c71e4c5e6755b3c9364c8c09425f671fa694f1f14889a1","976542c7fc8c038846c71e4c5e6755b3c9364c8c09425f671fa694f1f14889a1","MATCH",""
"day01/Code/01_GD32F407_Flash/Firmware/GD32F4xx_usb_library/device/class/iap/Include/usb_iap_core.h","projects/01-flash-basics/course/Firmware/GD32F4xx_usb_library/device/class/iap/Include/usb_iap_core.h","VERBATIM","0c5491567e7452be4cdc0099bc8f6e5b6aca7b9c273fdb95647264938337c163","0c5491567e7452be4cdc0099bc8f6e5b6aca7b9c273fdb95647264938337c163","MATCH",""
"day01/Code/01_GD32F407_Flash/Firmware/GD32F4xx_usb_library/device/class/iap/Source/usb_iap_core.c","projects/01-flash-basics/course/Firmware/GD32F4xx_usb_library/device/class/iap/Source/usb_iap_core.c","VERBATIM","b48d8edb4882f57e2ee0b7cd17d94a4ea574bbfdb3ef72f35355fb7b8cbf374d","b48d8edb4882f57e2ee0b7cd17d94a4ea574bbfdb3ef72f35355fb7b8cbf374d","MATCH",""
"day01/Code/01_GD32F407_Flash/Firmware/GD32F4xx_usb_library/device/class/msc/Include/usbd_msc_bbb.h","projects/01-flash-basics/course/Firmware/GD32F4xx_usb_library/device/class/msc/Include/usbd_msc_bbb.h","VERBATIM","fce4e4a9e17e3c7ad6ef23bf6284354b3c1e0bc79e2e3d8c51c00c7cba88598f","fce4e4a9e17e3c7ad6ef23bf6284354b3c1e0bc79e2e3d8c51c00c7cba88598f","MATCH",""
"day01/Code/01_GD32F407_Flash/Firmware/GD32F4xx_usb_library/device/class/msc/Include/usbd_msc_core.h","projects/01-flash-basics/course/Firmware/GD32F4xx_usb_library/device/class/msc/Include/usbd_msc_core.h","VERBATIM","1b56e50c7f78bd46cc86e131565da5a3ca050901171a99d33526283996d0062c","1b56e50c7f78bd46cc86e131565da5a3ca050901171a99d33526283996d0062c","MATCH",""
"day01/Code/01_GD32F407_Flash/Firmware/GD32F4xx_usb_library/device/class/msc/Include/usbd_msc_mem.h","projects/01-flash-basics/course/Firmware/GD32F4xx_usb_library/device/class/msc/Include/usbd_msc_mem.h","VERBATIM","4219910f0d5565cbf2cb7de2191fffad41f01f9903ec160827c6f441fc9fe241","4219910f0d5565cbf2cb7de2191fffad41f01f9903ec160827c6f441fc9fe241","MATCH",""
"day01/Code/01_GD32F407_Flash/Firmware/GD32F4xx_usb_library/device/class/msc/Include/usbd_msc_scsi.h","projects/01-flash-basics/course/Firmware/GD32F4xx_usb_library/device/class/msc/Include/usbd_msc_scsi.h","VERBATIM","8a843a759a5d1013db6524b1547453013da00c202f03a7011b604c8e79f96a2d","8a843a759a5d1013db6524b1547453013da00c202f03a7011b604c8e79f96a2d","MATCH",""
"day01/Code/01_GD32F407_Flash/Firmware/GD32F4xx_usb_library/device/class/msc/Source/usbd_msc_bbb.c","projects/01-flash-basics/course/Firmware/GD32F4xx_usb_library/device/class/msc/Source/usbd_msc_bbb.c","VERBATIM","d613ecddab72a03de672e4669f2549f5ce93259c09819fcbd78db49dbbefa4a5","d613ecddab72a03de672e4669f2549f5ce93259c09819fcbd78db49dbbefa4a5","MATCH",""
"day01/Code/01_GD32F407_Flash/Firmware/GD32F4xx_usb_library/device/class/msc/Source/usbd_msc_core.c","projects/01-flash-basics/course/Firmware/GD32F4xx_usb_library/device/class/msc/Source/usbd_msc_core.c","VERBATIM","5c5983c2884b08aa4a480b29929e20a502741c56cefd717e48a6fe5c807bbb5c","5c5983c2884b08aa4a480b29929e20a502741c56cefd717e48a6fe5c807bbb5c","MATCH",""
"day01/Code/01_GD32F407_Flash/Firmware/GD32F4xx_usb_library/device/class/msc/Source/usbd_msc_scsi.c","projects/01-flash-basics/course/Firmware/GD32F4xx_usb_library/device/class/msc/Source/usbd_msc_scsi.c","VERBATIM","062e1df310c0feed9372585e09d4a317f65b8e0e03bd70c14aa7418a99c5effd","062e1df310c0feed9372585e09d4a317f65b8e0e03bd70c14aa7418a99c5effd","MATCH",""
"day01/Code/01_GD32F407_Flash/Firmware/GD32F4xx_usb_library/device/class/printer/Include/printer_core.h","projects/01-flash-basics/course/Firmware/GD32F4xx_usb_library/device/class/printer/Include/printer_core.h","VERBATIM","4231dae7349cc3643150ec1e90a5cefb4adf23adc0314e82ef001bdfcd7d7e8c","4231dae7349cc3643150ec1e90a5cefb4adf23adc0314e82ef001bdfcd7d7e8c","MATCH",""
"day01/Code/01_GD32F407_Flash/Firmware/GD32F4xx_usb_library/device/class/printer/Source/printer_core.c","projects/01-flash-basics/course/Firmware/GD32F4xx_usb_library/device/class/printer/Source/printer_core.c","VERBATIM","93eb77ff7a45da1424244e1ffa25755a259e43b815d00b14c319bec17a079831","93eb77ff7a45da1424244e1ffa25755a259e43b815d00b14c319bec17a079831","MATCH",""
"day01/Code/01_GD32F407_Flash/Firmware/GD32F4xx_usb_library/device/core/Include/usbd_core.h","projects/01-flash-basics/course/Firmware/GD32F4xx_usb_library/device/core/Include/usbd_core.h","VERBATIM","a205d78d7c4299519538d5057744916bcb5459ec963bfbd6aa42101197b15041","a205d78d7c4299519538d5057744916bcb5459ec963bfbd6aa42101197b15041","MATCH",""
"day01/Code/01_GD32F407_Flash/Firmware/GD32F4xx_usb_library/device/core/Include/usbd_enum.h","projects/01-flash-basics/course/Firmware/GD32F4xx_usb_library/device/core/Include/usbd_enum.h","VERBATIM","9de97ed85ba71120379bf876faf752fa7900784d1614c18d1e9ecea6c7e2c897","9de97ed85ba71120379bf876faf752fa7900784d1614c18d1e9ecea6c7e2c897","MATCH",""
"day01/Code/01_GD32F407_Flash/Firmware/GD32F4xx_usb_library/device/core/Include/usbd_transc.h","projects/01-flash-basics/course/Firmware/GD32F4xx_usb_library/device/core/Include/usbd_transc.h","VERBATIM","7598a18b6aa5696b7d15c3f8da6f0f04c37bca44d48c86fd5a7bd92850a17681","7598a18b6aa5696b7d15c3f8da6f0f04c37bca44d48c86fd5a7bd92850a17681","MATCH",""
"day01/Code/01_GD32F407_Flash/Firmware/GD32F4xx_usb_library/device/core/Source/usbd_core.c","projects/01-flash-basics/course/Firmware/GD32F4xx_usb_library/device/core/Source/usbd_core.c","VERBATIM","74a04240e3912ef2d959396250678ff65e41a6d65e4c92cddb7babebc646a12f","74a04240e3912ef2d959396250678ff65e41a6d65e4c92cddb7babebc646a12f","MATCH",""
"day01/Code/01_GD32F407_Flash/Firmware/GD32F4xx_usb_library/device/core/Source/usbd_enum.c","projects/01-flash-basics/course/Firmware/GD32F4xx_usb_library/device/core/Source/usbd_enum.c","VERBATIM","07c9d4af518d9659d3696a574638d2238413c849345915f347b1ce91c02a81ee","07c9d4af518d9659d3696a574638d2238413c849345915f347b1ce91c02a81ee","MATCH",""
"day01/Code/01_GD32F407_Flash/Firmware/GD32F4xx_usb_library/device/core/Source/usbd_transc.c","projects/01-flash-basics/course/Firmware/GD32F4xx_usb_library/device/core/Source/usbd_transc.c","VERBATIM","ce5e569f4cbb0918250c03000276fd987e116e69f489eec7b049b790a5a87f37","ce5e569f4cbb0918250c03000276fd987e116e69f489eec7b049b790a5a87f37","MATCH",""
"day01/Code/01_GD32F407_Flash/Firmware/GD32F4xx_usb_library/driver/Include/drv_usb_core.h","projects/01-flash-basics/course/Firmware/GD32F4xx_usb_library/driver/Include/drv_usb_core.h","VERBATIM","d7957d291f199b35772ce89782b17558bcc73b935f66f80c5b7fbe16ddba5875","d7957d291f199b35772ce89782b17558bcc73b935f66f80c5b7fbe16ddba5875","MATCH",""
"day01/Code/01_GD32F407_Flash/Firmware/GD32F4xx_usb_library/driver/Include/drv_usb_dev.h","projects/01-flash-basics/course/Firmware/GD32F4xx_usb_library/driver/Include/drv_usb_dev.h","VERBATIM","caf5d56ebafdba9fc9f167418a1616e4291b112edbf47a8654bd9a98f8c17b9a","caf5d56ebafdba9fc9f167418a1616e4291b112edbf47a8654bd9a98f8c17b9a","MATCH",""
"day01/Code/01_GD32F407_Flash/Firmware/GD32F4xx_usb_library/driver/Include/drv_usb_host.h","projects/01-flash-basics/course/Firmware/GD32F4xx_usb_library/driver/Include/drv_usb_host.h","VERBATIM","fb4056a260f60fda977ab1139ebfcf00e53b5c3e697fdda573b902a413bfff14","fb4056a260f60fda977ab1139ebfcf00e53b5c3e697fdda573b902a413bfff14","MATCH",""
"day01/Code/01_GD32F407_Flash/Firmware/GD32F4xx_usb_library/driver/Include/drv_usb_hw.h","projects/01-flash-basics/course/Firmware/GD32F4xx_usb_library/driver/Include/drv_usb_hw.h","VERBATIM","81dbb2d76cd496106998eaa694da78184988c9618e06cfe573e5d6b5fa1c1f20","81dbb2d76cd496106998eaa694da78184988c9618e06cfe573e5d6b5fa1c1f20","MATCH",""
"day01/Code/01_GD32F407_Flash/Firmware/GD32F4xx_usb_library/driver/Include/drv_usb_regs.h","projects/01-flash-basics/course/Firmware/GD32F4xx_usb_library/driver/Include/drv_usb_regs.h","VERBATIM","048a97f0ff66f557ee6a5e829f8aa0336d69e13e63151cf4d64092d0ff9606ba","048a97f0ff66f557ee6a5e829f8aa0336d69e13e63151cf4d64092d0ff9606ba","MATCH",""
"day01/Code/01_GD32F407_Flash/Firmware/GD32F4xx_usb_library/driver/Include/drv_usbd_int.h","projects/01-flash-basics/course/Firmware/GD32F4xx_usb_library/driver/Include/drv_usbd_int.h","VERBATIM","3b71749a04450bbec4838039bc3c6482ee1d7ecb509b97da5151f362f918a8f4","3b71749a04450bbec4838039bc3c6482ee1d7ecb509b97da5151f362f918a8f4","MATCH",""
"day01/Code/01_GD32F407_Flash/Firmware/GD32F4xx_usb_library/driver/Include/drv_usbh_int.h","projects/01-flash-basics/course/Firmware/GD32F4xx_usb_library/driver/Include/drv_usbh_int.h","VERBATIM","5268ee8f0accee9c9e848ae421f3f1b83b8efa72b8854f08a5756c16c3873997","5268ee8f0accee9c9e848ae421f3f1b83b8efa72b8854f08a5756c16c3873997","MATCH",""
"day01/Code/01_GD32F407_Flash/Firmware/GD32F4xx_usb_library/driver/Source/drv_usb_core.c","projects/01-flash-basics/course/Firmware/GD32F4xx_usb_library/driver/Source/drv_usb_core.c","VERBATIM","b90492a8404bcbdcbba9d31d38ad75d2d85b6014ccacf6eea77b23f69cf5f623","b90492a8404bcbdcbba9d31d38ad75d2d85b6014ccacf6eea77b23f69cf5f623","MATCH",""
"day01/Code/01_GD32F407_Flash/Firmware/GD32F4xx_usb_library/driver/Source/drv_usb_dev.c","projects/01-flash-basics/course/Firmware/GD32F4xx_usb_library/driver/Source/drv_usb_dev.c","VERBATIM","93ca6cd491c5e0fea197d5ac7f10ba23e6973543da7aeed38bfc1ae3a0dc474b","93ca6cd491c5e0fea197d5ac7f10ba23e6973543da7aeed38bfc1ae3a0dc474b","MATCH",""
"day01/Code/01_GD32F407_Flash/Firmware/GD32F4xx_usb_library/driver/Source/drv_usb_host.c","projects/01-flash-basics/course/Firmware/GD32F4xx_usb_library/driver/Source/drv_usb_host.c","VERBATIM","d9f6de1a16c13351c6947a1d8c735a2fa2ef6495159ef75e8c84a903003853ea","d9f6de1a16c13351c6947a1d8c735a2fa2ef6495159ef75e8c84a903003853ea","MATCH",""
"day01/Code/01_GD32F407_Flash/Firmware/GD32F4xx_usb_library/driver/Source/drv_usbd_int.c","projects/01-flash-basics/course/Firmware/GD32F4xx_usb_library/driver/Source/drv_usbd_int.c","VERBATIM","6d629c1b2ee8a05bd9c1b8e20f2664410afc9608e9489ccac5be881d10d0a715","6d629c1b2ee8a05bd9c1b8e20f2664410afc9608e9489ccac5be881d10d0a715","MATCH",""
"day01/Code/01_GD32F407_Flash/Firmware/GD32F4xx_usb_library/driver/Source/drv_usbh_int.c","projects/01-flash-basics/course/Firmware/GD32F4xx_usb_library/driver/Source/drv_usbh_int.c","VERBATIM","4d390034615df35fb792026bd76844c922f387580e291039f1bc5f6b6c982486","4d390034615df35fb792026bd76844c922f387580e291039f1bc5f6b6c982486","MATCH",""
"day01/Code/01_GD32F407_Flash/Firmware/GD32F4xx_usb_library/host/class/hid/Include/usbh_hid_core.h","projects/01-flash-basics/course/Firmware/GD32F4xx_usb_library/host/class/hid/Include/usbh_hid_core.h","VERBATIM","0dec84719141c68389ec4f957111fb6dc21a5be55159a808a9d4d20759e447aa","0dec84719141c68389ec4f957111fb6dc21a5be55159a808a9d4d20759e447aa","MATCH",""
"day01/Code/01_GD32F407_Flash/Firmware/GD32F4xx_usb_library/host/class/hid/Include/usbh_standard_hid.h","projects/01-flash-basics/course/Firmware/GD32F4xx_usb_library/host/class/hid/Include/usbh_standard_hid.h","VERBATIM","9dff3d162d5690f986145fc6a50e8be49ee6ea57b0df5de92708173ece1231a8","9dff3d162d5690f986145fc6a50e8be49ee6ea57b0df5de92708173ece1231a8","MATCH",""
"day01/Code/01_GD32F407_Flash/Firmware/GD32F4xx_usb_library/host/class/hid/Source/usbh_hid_core.c","projects/01-flash-basics/course/Firmware/GD32F4xx_usb_library/host/class/hid/Source/usbh_hid_core.c","VERBATIM","2cdafdf63ebb98a454a09acc070b9c2e925c7eec29af318f1a8ce5f913c5d200","2cdafdf63ebb98a454a09acc070b9c2e925c7eec29af318f1a8ce5f913c5d200","MATCH",""
"day01/Code/01_GD32F407_Flash/Firmware/GD32F4xx_usb_library/host/class/hid/Source/usbh_standard_hid.c","projects/01-flash-basics/course/Firmware/GD32F4xx_usb_library/host/class/hid/Source/usbh_standard_hid.c","VERBATIM","324f535d3213364159ef30d0ab69cb69472d94ee6a25f07d1c624d1b4bb315c3","324f535d3213364159ef30d0ab69cb69472d94ee6a25f07d1c624d1b4bb315c3","MATCH",""
"day01/Code/01_GD32F407_Flash/Firmware/GD32F4xx_usb_library/host/class/msc/Include/usbh_msc_bbb.h","projects/01-flash-basics/course/Firmware/GD32F4xx_usb_library/host/class/msc/Include/usbh_msc_bbb.h","VERBATIM","fe164e019db850549fa0edb8a4b2f0c38ff1c7540a834b935c91268d0e275ff8","fe164e019db850549fa0edb8a4b2f0c38ff1c7540a834b935c91268d0e275ff8","MATCH",""
"day01/Code/01_GD32F407_Flash/Firmware/GD32F4xx_usb_library/host/class/msc/Include/usbh_msc_core.h","projects/01-flash-basics/course/Firmware/GD32F4xx_usb_library/host/class/msc/Include/usbh_msc_core.h","VERBATIM","34b4b4aed85f332b815096ee4c39fba67c77fef1f9eb79fc470603568cbe2dc9","34b4b4aed85f332b815096ee4c39fba67c77fef1f9eb79fc470603568cbe2dc9","MATCH",""
"day01/Code/01_GD32F407_Flash/Firmware/GD32F4xx_usb_library/host/class/msc/Include/usbh_msc_scsi.h","projects/01-flash-basics/course/Firmware/GD32F4xx_usb_library/host/class/msc/Include/usbh_msc_scsi.h","VERBATIM","e6e8ca26d9a2abffe14a21af356cb07c4058d9052dfd22b46205ec11884a867a","e6e8ca26d9a2abffe14a21af356cb07c4058d9052dfd22b46205ec11884a867a","MATCH",""
"day01/Code/01_GD32F407_Flash/Firmware/GD32F4xx_usb_library/host/class/msc/Source/usbh_msc_bbb.c","projects/01-flash-basics/course/Firmware/GD32F4xx_usb_library/host/class/msc/Source/usbh_msc_bbb.c","VERBATIM","2a82ad623d78ccc1802d851ab7fb124d6abb5dbea980aa8c6517e26ff906e049","2a82ad623d78ccc1802d851ab7fb124d6abb5dbea980aa8c6517e26ff906e049","MATCH",""
"day01/Code/01_GD32F407_Flash/Firmware/GD32F4xx_usb_library/host/class/msc/Source/usbh_msc_core.c","projects/01-flash-basics/course/Firmware/GD32F4xx_usb_library/host/class/msc/Source/usbh_msc_core.c","VERBATIM","5df338c15161e6c7a6424179245e0e373973b22e81dea91111ad5613ae0c8690","5df338c15161e6c7a6424179245e0e373973b22e81dea91111ad5613ae0c8690","MATCH",""
"day01/Code/01_GD32F407_Flash/Firmware/GD32F4xx_usb_library/host/class/msc/Source/usbh_msc_fatfs.c","projects/01-flash-basics/course/Firmware/GD32F4xx_usb_library/host/class/msc/Source/usbh_msc_fatfs.c","VERBATIM","8fd0c5b44f9ac0e35427803f9761e40a5297caa2acc078cb9fde3c25ba4036b1","8fd0c5b44f9ac0e35427803f9761e40a5297caa2acc078cb9fde3c25ba4036b1","MATCH",""
"day01/Code/01_GD32F407_Flash/Firmware/GD32F4xx_usb_library/host/class/msc/Source/usbh_msc_scsi.c","projects/01-flash-basics/course/Firmware/GD32F4xx_usb_library/host/class/msc/Source/usbh_msc_scsi.c","VERBATIM","45e6ad746800250c90834ac684d207da486f3f0fda8503284def2c537f952a85","45e6ad746800250c90834ac684d207da486f3f0fda8503284def2c537f952a85","MATCH",""
"day01/Code/01_GD32F407_Flash/Firmware/GD32F4xx_usb_library/host/core/Include/usbh_core.h","projects/01-flash-basics/course/Firmware/GD32F4xx_usb_library/host/core/Include/usbh_core.h","VERBATIM","8919b0da3bc89862ac89da53bd34cc4f8af2f7ecebf23493d3bc0980570ec67d","8919b0da3bc89862ac89da53bd34cc4f8af2f7ecebf23493d3bc0980570ec67d","MATCH",""
"day01/Code/01_GD32F407_Flash/Firmware/GD32F4xx_usb_library/host/core/Include/usbh_enum.h","projects/01-flash-basics/course/Firmware/GD32F4xx_usb_library/host/core/Include/usbh_enum.h","VERBATIM","a08d6a471be77a6bfdf916e166e4a95b49358f209e0708080e4a441d7d454897","a08d6a471be77a6bfdf916e166e4a95b49358f209e0708080e4a441d7d454897","MATCH",""
"day01/Code/01_GD32F407_Flash/Firmware/GD32F4xx_usb_library/host/core/Include/usbh_pipe.h","projects/01-flash-basics/course/Firmware/GD32F4xx_usb_library/host/core/Include/usbh_pipe.h","VERBATIM","d1aa31749db419f147e34bf1608f3c79d8846fc9067b138ce90dcc6d68a724b2","d1aa31749db419f147e34bf1608f3c79d8846fc9067b138ce90dcc6d68a724b2","MATCH",""
"day01/Code/01_GD32F407_Flash/Firmware/GD32F4xx_usb_library/host/core/Include/usbh_transc.h","projects/01-flash-basics/course/Firmware/GD32F4xx_usb_library/host/core/Include/usbh_transc.h","VERBATIM","b0a9300c836592e16782062a0d898645adc64efd21ad96f46b8ef6ebd876499c","b0a9300c836592e16782062a0d898645adc64efd21ad96f46b8ef6ebd876499c","MATCH",""
"day01/Code/01_GD32F407_Flash/Firmware/GD32F4xx_usb_library/host/core/Source/usbh_core.c","projects/01-flash-basics/course/Firmware/GD32F4xx_usb_library/host/core/Source/usbh_core.c","VERBATIM","2e61c1493a0f04d944a9b1e01924a57908552c5c5920f357df984f098988df08","2e61c1493a0f04d944a9b1e01924a57908552c5c5920f357df984f098988df08","MATCH",""
"day01/Code/01_GD32F407_Flash/Firmware/GD32F4xx_usb_library/host/core/Source/usbh_enum.c","projects/01-flash-basics/course/Firmware/GD32F4xx_usb_library/host/core/Source/usbh_enum.c","VERBATIM","273217f6826c6d57a1d210d2a58974ae97a27e15951b98be25bbccdea8133871","273217f6826c6d57a1d210d2a58974ae97a27e15951b98be25bbccdea8133871","MATCH",""
"day01/Code/01_GD32F407_Flash/Firmware/GD32F4xx_usb_library/host/core/Source/usbh_pipe.c","projects/01-flash-basics/course/Firmware/GD32F4xx_usb_library/host/core/Source/usbh_pipe.c","VERBATIM","e8a4253e2a4224333c4343ee0ffd5f280c9875ef57702f44c1973cbd42edd2e0","e8a4253e2a4224333c4343ee0ffd5f280c9875ef57702f44c1973cbd42edd2e0","MATCH",""
"day01/Code/01_GD32F407_Flash/Firmware/GD32F4xx_usb_library/host/core/Source/usbh_transc.c","projects/01-flash-basics/course/Firmware/GD32F4xx_usb_library/host/core/Source/usbh_transc.c","VERBATIM","cf1ae1fcf884275e82634538e997d8d24c31fbe959140909f5bb4e34bca0bbef","cf1ae1fcf884275e82634538e997d8d24c31fbe959140909f5bb4e34bca0bbef","MATCH",""
"day01/Code/01_GD32F407_Flash/Firmware/GD32F4xx_usb_library/ustd/class/cdc/usb_cdc.h","projects/01-flash-basics/course/Firmware/GD32F4xx_usb_library/ustd/class/cdc/usb_cdc.h","VERBATIM","fcd43c4f51573d30f01573e2d2856e0be969c8ffd02d415aadfb69a595decf4e","fcd43c4f51573d30f01573e2d2856e0be969c8ffd02d415aadfb69a595decf4e","MATCH",""
"day01/Code/01_GD32F407_Flash/Firmware/GD32F4xx_usb_library/ustd/class/hid/usb_hid.h","projects/01-flash-basics/course/Firmware/GD32F4xx_usb_library/ustd/class/hid/usb_hid.h","VERBATIM","f3c6a02d4fc46f9512465b6eb2951c8cddb956af73422aab9d2a1bafc69f2e7b","f3c6a02d4fc46f9512465b6eb2951c8cddb956af73422aab9d2a1bafc69f2e7b","MATCH",""
"day01/Code/01_GD32F407_Flash/Firmware/GD32F4xx_usb_library/ustd/class/msc/msc_bbb.h","projects/01-flash-basics/course/Firmware/GD32F4xx_usb_library/ustd/class/msc/msc_bbb.h","VERBATIM","b884b8f8f7cfaf22512ede7ae709b5f3591e126d2919aecf4e2b4d7efea1f5d6","b884b8f8f7cfaf22512ede7ae709b5f3591e126d2919aecf4e2b4d7efea1f5d6","MATCH",""
"day01/Code/01_GD32F407_Flash/Firmware/GD32F4xx_usb_library/ustd/class/msc/msc_scsi.h","projects/01-flash-basics/course/Firmware/GD32F4xx_usb_library/ustd/class/msc/msc_scsi.h","VERBATIM","8842cf305e996369687fa89568c9aee3d46f745e1aef6eb58b1a3f519f863631","8842cf305e996369687fa89568c9aee3d46f745e1aef6eb58b1a3f519f863631","MATCH",""
"day01/Code/01_GD32F407_Flash/Firmware/GD32F4xx_usb_library/ustd/class/msc/usb_msc.h","projects/01-flash-basics/course/Firmware/GD32F4xx_usb_library/ustd/class/msc/usb_msc.h","VERBATIM","e3c2a096085131687f121de426ef9154f23ccc26e877129243a648fb8c90b216","e3c2a096085131687f121de426ef9154f23ccc26e877129243a648fb8c90b216","MATCH",""
"day01/Code/01_GD32F407_Flash/Firmware/GD32F4xx_usb_library/ustd/common/usb_ch9_std.h","projects/01-flash-basics/course/Firmware/GD32F4xx_usb_library/ustd/common/usb_ch9_std.h","VERBATIM","b5249865f377709e456f76ca76ca5499ace39bad6a452832dbe535f1989c6d22","b5249865f377709e456f76ca76ca5499ace39bad6a452832dbe535f1989c6d22","MATCH",""
"day01/Code/01_GD32F407_Flash/Hardware/bsp_battery_leds.c","projects/01-flash-basics/course/Hardware/bsp_battery_leds.c","VERBATIM","3355ee67df90741c1311332c6cfb0053385a7ffd03c3de8ea06fcbd57563a61d","3355ee67df90741c1311332c6cfb0053385a7ffd03c3de8ea06fcbd57563a61d","MATCH",""
"day01/Code/01_GD32F407_Flash/Hardware/bsp_battery_leds.h","projects/01-flash-basics/course/Hardware/bsp_battery_leds.h","VERBATIM","f7585067c016c3b5077e05028c10af52a247a608de67c34047073418c430d4bf","f7585067c016c3b5077e05028c10af52a247a608de67c34047073418c430d4bf","MATCH",""
"day01/Code/01_GD32F407_Flash/Hardware/bsp_buzzer.c","projects/01-flash-basics/course/Hardware/bsp_buzzer.c","VERBATIM","2585fd1908edf73c203dbbcf159b75f73d605cdf35ee33bbeaa33dd42d6a341f","2585fd1908edf73c203dbbcf159b75f73d605cdf35ee33bbeaa33dd42d6a341f","MATCH",""
"day01/Code/01_GD32F407_Flash/Hardware/bsp_buzzer.h","projects/01-flash-basics/course/Hardware/bsp_buzzer.h","VERBATIM","6f5fdca736b26835cda0c10dd1f5a020894e48716151d63e5ab8b6911b9c8831","6f5fdca736b26835cda0c10dd1f5a020894e48716151d63e5ab8b6911b9c8831","MATCH",""
"day01/Code/01_GD32F407_Flash/Hardware/bsp_keys.c","projects/01-flash-basics/course/Hardware/bsp_keys.c","VERBATIM","06352592ceeb62d72bce1d2b408e7031a34e1a76010681e3d5e8d53a471cc1f4","06352592ceeb62d72bce1d2b408e7031a34e1a76010681e3d5e8d53a471cc1f4","MATCH",""
"day01/Code/01_GD32F407_Flash/Hardware/bsp_keys.h","projects/01-flash-basics/course/Hardware/bsp_keys.h","VERBATIM","0ef66b8ce08877d228b8b505af37aa727b0d6a383bbc78619de51579c5b984d7","0ef66b8ce08877d228b8b505af37aa727b0d6a383bbc78619de51579c5b984d7","MATCH",""
"day01/Code/01_GD32F407_Flash/Hardware/bsp_pca9685.c","projects/01-flash-basics/course/Hardware/bsp_pca9685.c","VERBATIM","8ad0523c80a951f1b6825ad0800f550876f4e8a47954aef21a89d538042ddf85","8ad0523c80a951f1b6825ad0800f550876f4e8a47954aef21a89d538042ddf85","MATCH",""
"day01/Code/01_GD32F407_Flash/Hardware/bsp_pca9685.h","projects/01-flash-basics/course/Hardware/bsp_pca9685.h","VERBATIM","ea3f4d3874828b2dfe2932791ee00899154a3a182e99993ccbd9b9029deaa92e","ea3f4d3874828b2dfe2932791ee00899154a3a182e99993ccbd9b9029deaa92e","MATCH",""
"day01/Code/01_GD32F407_Flash/Hardware/bsp_servo.c","projects/01-flash-basics/course/Hardware/bsp_servo.c","VERBATIM","a5179bee263075e44786e8e52cd5d6c0c3ec659e98906b560f691573ddc579a1","a5179bee263075e44786e8e52cd5d6c0c3ec659e98906b560f691573ddc579a1","MATCH",""
"day01/Code/01_GD32F407_Flash/Hardware/bsp_servo.h","projects/01-flash-basics/course/Hardware/bsp_servo.h","VERBATIM","53bdaa6180cf37aa9adc025902600fac610b25477d81f8702bd614b98f305184","53bdaa6180cf37aa9adc025902600fac610b25477d81f8702bd614b98f305184","MATCH",""
"day01/Code/01_GD32F407_Flash/Hardware/bsp_w25qxx.c","projects/01-flash-basics/course/Hardware/bsp_w25qxx.c","VERBATIM","a0ea74791e8ca1f55121f1b62463cba6faf593722e91a5118470a9b75cc4332d","a0ea74791e8ca1f55121f1b62463cba6faf593722e91a5118470a9b75cc4332d","MATCH",""
"day01/Code/01_GD32F407_Flash/Hardware/bsp_w25qxx.h","projects/01-flash-basics/course/Hardware/bsp_w25qxx.h","VERBATIM","d8058d7878d27b6fc8e840fcc7aa677bda0f4b1d9f449fafc080af4767a5208f","d8058d7878d27b6fc8e840fcc7aa677bda0f4b1d9f449fafc080af4767a5208f","MATCH",""
"day01/Code/01_GD32F407_Flash/Hardware/i2c_oled/bmp.h","projects/01-flash-basics/course/Hardware/i2c_oled/bmp.h","VERBATIM","49a086e5ab31da021f77579e99b5a71059ee57533aa0c1faf4e23a9d0fbf1cc4","49a086e5ab31da021f77579e99b5a71059ee57533aa0c1faf4e23a9d0fbf1cc4","MATCH",""
"day01/Code/01_GD32F407_Flash/Hardware/i2c_oled/oled.c","projects/01-flash-basics/course/Hardware/i2c_oled/oled.c","VERBATIM","aeb2a7c9c8770cfc57d64227f530db96731b9aee462aed234c168213f054e1c8","aeb2a7c9c8770cfc57d64227f530db96731b9aee462aed234c168213f054e1c8","MATCH",""
"day01/Code/01_GD32F407_Flash/Hardware/i2c_oled/oled.h","projects/01-flash-basics/course/Hardware/i2c_oled/oled.h","VERBATIM","b98a1d8ff85e6b97cd53049929e92d76e220c986d189a6b1c3cda901b5dfe521","b98a1d8ff85e6b97cd53049929e92d76e220c986d189a6b1c3cda901b5dfe521","MATCH",""
"day01/Code/01_GD32F407_Flash/Hardware/i2c_oled/oledfont.h","projects/01-flash-basics/course/Hardware/i2c_oled/oledfont.h","VERBATIM","9bfd741a3dfc91f1d3309b67ac59ac4a9d367a1d7a616bcb444ccc8d09d29f4d","9bfd741a3dfc91f1d3309b67ac59ac4a9d367a1d7a616bcb444ccc8d09d29f4d","MATCH",""
"day01/Code/01_GD32F407_Flash/Hardware/PCF8563.c","projects/01-flash-basics/course/Hardware/PCF8563.c","VERBATIM","175399ba450f8e636bb2fa95e138e6b9a3bddc84ff2f9d12cca17c0827488e9d","175399ba450f8e636bb2fa95e138e6b9a3bddc84ff2f9d12cca17c0827488e9d","MATCH",""
"day01/Code/01_GD32F407_Flash/Hardware/PCF8563.h","projects/01-flash-basics/course/Hardware/PCF8563.h","VERBATIM","18cedb9ffa72107f8618f14884e3466570cbf6e72b04ad720e18ab8da0583a3a","18cedb9ffa72107f8618f14884e3466570cbf6e72b04ad720e18ab8da0583a3a","MATCH",""
"day01/Code/01_GD32F407_Flash/Hardware/spi_oled/bmp.h","projects/01-flash-basics/course/Hardware/spi_oled/bmp.h","VERBATIM","b118e7d338a0517ba350906c3fb4433803937da878bb55588561b1de2e104f3d","b118e7d338a0517ba350906c3fb4433803937da878bb55588561b1de2e104f3d","MATCH",""
"day01/Code/01_GD32F407_Flash/Hardware/spi_oled/oled.c","projects/01-flash-basics/course/Hardware/spi_oled/oled.c","VERBATIM","f81d723978f1c969ee1c964d50af0e4c61ec3775ac70a1433509619f8ea0092d","f81d723978f1c969ee1c964d50af0e4c61ec3775ac70a1433509619f8ea0092d","MATCH",""
"day01/Code/01_GD32F407_Flash/Hardware/spi_oled/oled.h","projects/01-flash-basics/course/Hardware/spi_oled/oled.h","VERBATIM","d6644e05ccba3dbd2cec6ed02651892cfd5485bc0febdf20fd068c5ac2d1e962","d6644e05ccba3dbd2cec6ed02651892cfd5485bc0febdf20fd068c5ac2d1e962","MATCH",""
"day01/Code/01_GD32F407_Flash/Library/EXTI_config.h","projects/01-flash-basics/course/Library/EXTI_config.h","VERBATIM","0e1d8994d361a55d9837f7251d9fbe43d6c26f110b82382ff86941480f30a85b","0e1d8994d361a55d9837f7251d9fbe43d6c26f110b82382ff86941480f30a85b","MATCH",""
"day01/Code/01_GD32F407_Flash/Library/EXTI.c","projects/01-flash-basics/course/Library/EXTI.c","VERBATIM","f31ad6b5038d43f75066a667d0c1905ced684533c26c8dbd32d8bff6f822e28c","f31ad6b5038d43f75066a667d0c1905ced684533c26c8dbd32d8bff6f822e28c","MATCH",""
"day01/Code/01_GD32F407_Flash/Library/EXTI.h","projects/01-flash-basics/course/Library/EXTI.h","VERBATIM","836bc18a5497f7024b8a58223e66391071ebef1051bc8dddc9cf9a4537d430fb","836bc18a5497f7024b8a58223e66391071ebef1051bc8dddc9cf9a4537d430fb","MATCH",""
"day01/Code/01_GD32F407_Flash/Library/I2C/I2C_config.h","projects/01-flash-basics/course/Library/I2C/I2C_config.h","VERBATIM","c78e6ef8b19040f77c089e6c5da8a95e9ae1e5a890cecfd30731e8d831ef0fca","c78e6ef8b19040f77c089e6c5da8a95e9ae1e5a890cecfd30731e8d831ef0fca","MATCH",""
"day01/Code/01_GD32F407_Flash/Library/I2C/I2C.c","projects/01-flash-basics/course/Library/I2C/I2C.c","VERBATIM","e17605acea90ba6709874fba8efbacb31f105f013b10779679c71da5d3c988c2","e17605acea90ba6709874fba8efbacb31f105f013b10779679c71da5d3c988c2","MATCH",""
"day01/Code/01_GD32F407_Flash/Library/I2C/I2C.h","projects/01-flash-basics/course/Library/I2C/I2C.h","VERBATIM","b3c4ab98d7a9c01fe9fcefd7c8d7fdf3d97964b8efaa14cb057ebb2466ed5008","b3c4ab98d7a9c01fe9fcefd7c8d7fdf3d97964b8efaa14cb057ebb2466ed5008","MATCH",""
"day01/Code/01_GD32F407_Flash/Library/I2C/I2C0.c","projects/01-flash-basics/course/Library/I2C/I2C0.c","VERBATIM","09d1eb340eff2166230fc1727269ad8bdfdd9d69801ee72516fafd5a4ac09f4b","09d1eb340eff2166230fc1727269ad8bdfdd9d69801ee72516fafd5a4ac09f4b","MATCH",""
"day01/Code/01_GD32F407_Flash/Library/I2C/I2C0.h","projects/01-flash-basics/course/Library/I2C/I2C0.h","VERBATIM","5381921337295aaa5f855220ff496d62baca4002cd4bdc8a8cd389901b73b567","5381921337295aaa5f855220ff496d62baca4002cd4bdc8a8cd389901b73b567","MATCH",""
"day01/Code/01_GD32F407_Flash/Library/SPI/SPI_config.h","projects/01-flash-basics/course/Library/SPI/SPI_config.h","VERBATIM","6b4f4ed9a65f23ecc97f5b76e34de2340443cd32839f39c58dea84118106d8c4","6b4f4ed9a65f23ecc97f5b76e34de2340443cd32839f39c58dea84118106d8c4","MATCH",""
"day01/Code/01_GD32F407_Flash/Library/SPI/SPI.c","projects/01-flash-basics/course/Library/SPI/SPI.c","VERBATIM","d38d366d8c40053915116a8bc6fc4c4667341dfc87efdba5a68cc852a0d9b504","d38d366d8c40053915116a8bc6fc4c4667341dfc87efdba5a68cc852a0d9b504","MATCH",""
"day01/Code/01_GD32F407_Flash/Library/SPI/SPI.h","projects/01-flash-basics/course/Library/SPI/SPI.h","VERBATIM","228827808cd9e5fa9d40c5158c82258adb18cb347fbc9cc6ce45d4e7c15f5198","228827808cd9e5fa9d40c5158c82258adb18cb347fbc9cc6ce45d4e7c15f5198","MATCH",""
"day01/Code/01_GD32F407_Flash/Library/SPI/SPI0.c","projects/01-flash-basics/course/Library/SPI/SPI0.c","VERBATIM","6df75c41548208431df0eb0a3841c7c908ca0a62f863f941239d99af51c4d239","6df75c41548208431df0eb0a3841c7c908ca0a62f863f941239d99af51c4d239","MATCH",""
"day01/Code/01_GD32F407_Flash/Library/SPI/SPI0.h","projects/01-flash-basics/course/Library/SPI/SPI0.h","VERBATIM","6ac40fd0140c927fcec89fb8e544f668e9fef2565b3c59c80b7c178db0a0e5e5","6ac40fd0140c927fcec89fb8e544f668e9fef2565b3c59c80b7c178db0a0e5e5","MATCH",""
"day01/Code/01_GD32F407_Flash/Library/TIMER_config.h","projects/01-flash-basics/course/Library/TIMER_config.h","VERBATIM","fd153a4b76c23071b2c8f861a8ce001764d262c45cfea8dc65a447e42b716210","fd153a4b76c23071b2c8f861a8ce001764d262c45cfea8dc65a447e42b716210","MATCH",""
"day01/Code/01_GD32F407_Flash/Library/TIMER.c","projects/01-flash-basics/course/Library/TIMER.c","VERBATIM","e32690d22b9982482691676795f7ebf70e27ca01b1cf3ababa165c3e65c91a6a","e32690d22b9982482691676795f7ebf70e27ca01b1cf3ababa165c3e65c91a6a","MATCH",""
"day01/Code/01_GD32F407_Flash/Library/TIMER.h","projects/01-flash-basics/course/Library/TIMER.h","VERBATIM","589b5271d5c286801849960b11984b42ab88089f55d2e9393e8469ec6c42664f","589b5271d5c286801849960b11984b42ab88089f55d2e9393e8469ec6c42664f","MATCH",""
"day01/Code/01_GD32F407_Flash/Library/USART/USART_config.h","projects/01-flash-basics/course/Library/USART/USART_config.h","VERBATIM","98f2567c6474a0500773aff62b89c30e20a8c8700722b1db52232e05c641339d","98f2567c6474a0500773aff62b89c30e20a8c8700722b1db52232e05c641339d","MATCH",""
"day01/Code/01_GD32F407_Flash/Library/USART/USART.c","projects/01-flash-basics/course/Library/USART/USART.c","VERBATIM","2f9bb98e49eb21aa5a9813c1340e2ba5187ab29c7034d9d898827ca3a592a988","2f9bb98e49eb21aa5a9813c1340e2ba5187ab29c7034d9d898827ca3a592a988","MATCH",""
"day01/Code/01_GD32F407_Flash/Library/USART/USART.h","projects/01-flash-basics/course/Library/USART/USART.h","VERBATIM","c365a4143b5bca67299c41db548db6e4c7695d704b542c998e35f58bc9322d1a","c365a4143b5bca67299c41db548db6e4c7695d704b542c998e35f58bc9322d1a","MATCH",""
"day01/Code/01_GD32F407_Flash/Library/USART/USART0.c","projects/01-flash-basics/course/Library/USART/USART0.c","VERBATIM","d30ec7e30aea5afc0b64062eebea846c587f95f76bfed493475d370dc33b37ef","d30ec7e30aea5afc0b64062eebea846c587f95f76bfed493475d370dc33b37ef","MATCH",""
"day01/Code/01_GD32F407_Flash/Library/USART/USART0.h","projects/01-flash-basics/course/Library/USART/USART0.h","VERBATIM","58d96f267dbbc3582c0622526177c7d0eccef031019ef990796afccb44a908db","58d96f267dbbc3582c0622526177c7d0eccef031019ef990796afccb44a908db","MATCH",""
"day01/Code/01_GD32F407_Flash/Library/USART/USART1.c","projects/01-flash-basics/course/Library/USART/USART1.c","VERBATIM","9a6de68381da651969320719756e612b82da20c772aa3b7c9e6df4871247ee57","9a6de68381da651969320719756e612b82da20c772aa3b7c9e6df4871247ee57","MATCH",""
"day01/Code/01_GD32F407_Flash/Library/USART/USART1.h","projects/01-flash-basics/course/Library/USART/USART1.h","VERBATIM","613ec47204418fbbeb443a5c1567065bc07a487c386aec4f6756f84f46807866","613ec47204418fbbeb443a5c1567065bc07a487c386aec4f6756f84f46807866","MATCH",""
"day01/Code/01_GD32F407_Flash/Project/GD32F407.uvprojx","projects/01-flash-basics/course/Project/GD32F407.uvprojx","VERBATIM","628bfd1c31e2bd37a816044f591a90a7405e2d23915717a4396a97e2888cc22f","628bfd1c31e2bd37a816044f591a90a7405e2d23915717a4396a97e2888cc22f","MATCH",""
"day01/Code/01_GD32F407_Flash/User/gd32f4xx_it.c","projects/01-flash-basics/course/User/gd32f4xx_it.c","VERBATIM","5be8e65b392a41354e513056974d1869598af02739a7ce6419e611d6aa3979c6","5be8e65b392a41354e513056974d1869598af02739a7ce6419e611d6aa3979c6","MATCH",""
"day01/Code/01_GD32F407_Flash/User/gd32f4xx_it.h","projects/01-flash-basics/course/User/gd32f4xx_it.h","VERBATIM","b4995762ae5ceb7125cc9720cea7e2bad8640c23b87ed1856d9b8a380a5fc8c3","b4995762ae5ceb7125cc9720cea7e2bad8640c23b87ed1856d9b8a380a5fc8c3","MATCH",""
"day01/Code/01_GD32F407_Flash/User/gd32f4xx_libopt.h","projects/01-flash-basics/course/User/gd32f4xx_libopt.h","VERBATIM","702c6d85987bcdddd363a8412c5806255f6c746065da984eb21896c5ddd6bf09","702c6d85987bcdddd363a8412c5806255f6c746065da984eb21896c5ddd6bf09","MATCH",""
"day01/Code/01_GD32F407_Flash/User/main.c","projects/01-flash-basics/course/User/main.c","VERBATIM","a68c73544e011a042a9b6099405ddefb399a1770f2e0c93e850407fb4770b9a2","a68c73544e011a042a9b6099405ddefb399a1770f2e0c93e850407fb4770b9a2","MATCH",""
"day01/Code/01_GD32F407_Flash/User/main.h","projects/01-flash-basics/course/User/main.h","VERBATIM","724b8affcda9984a7b0f94ac7a7bb1005015ac3ca9e2cf59e5bff08b58ceafd1","724b8affcda9984a7b0f94ac7a7bb1005015ac3ca9e2cf59e5bff08b58ceafd1","MATCH",""
"day01/Code/01_GD32F407_Flash/User/readme.txt","projects/01-flash-basics/course/User/readme.txt","VERBATIM","a45bd1e14d470b46be2d57c9d35147e41204556cc4bb4e25ea3c7b6b424a0b7c","a45bd1e14d470b46be2d57c9d35147e41204556cc4bb4e25ea3c7b6b424a0b7c","MATCH",""
"day01/Code/01_GD32F407_Flash/User/systick.c","projects/01-flash-basics/course/User/systick.c","VERBATIM","bdcf5157ddd8870483ceb757646a3978ff836ac08737540d6f93a508127fdeeb","bdcf5157ddd8870483ceb757646a3978ff836ac08737540d6f93a508127fdeeb","MATCH",""
"day01/Code/01_GD32F407_Flash/User/systick.h","projects/01-flash-basics/course/User/systick.h","VERBATIM","8722c649ef06723501e93f5a071320e6a9e5dc57220b20f5b267a0096ea46e35","8722c649ef06723501e93f5a071320e6a9e5dc57220b20f5b267a0096ea46e35","MATCH",""
"day01/Code/02_GD32F407_Bootloader/Common/flash_drv.c","projects/02-boot-app-split/bootloader/course/Common/flash_drv.c","VERBATIM","d1ef57fcadeec305daed044553063a66503f50df5dc793312e5b356ec10178ac","d1ef57fcadeec305daed044553063a66503f50df5dc793312e5b356ec10178ac","MATCH",""
"day01/Code/02_GD32F407_Bootloader/Common/flash_drv.h","projects/02-boot-app-split/bootloader/course/Common/flash_drv.h","VERBATIM","f836e745ed922e0c1850aa8814fbb267218cd496be5cd7acef62b2e4d0144df0","f836e745ed922e0c1850aa8814fbb267218cd496be5cd7acef62b2e4d0144df0","MATCH",""
"day01/Code/02_GD32F407_Bootloader/Common/fmc_operation.c","projects/02-boot-app-split/bootloader/course/Common/fmc_operation.c","VERBATIM","996936d0d884172b36d96e9155f713489d099770f22b2f8d4ddbc7c9226c3c33","996936d0d884172b36d96e9155f713489d099770f22b2f8d4ddbc7c9226c3c33","MATCH",""
"day01/Code/02_GD32F407_Bootloader/Common/fmc_operation.h","projects/02-boot-app-split/bootloader/course/Common/fmc_operation.h","VERBATIM","3fc83074fa0df26c416ed8f0485d7cc88d8973c837ab24089723a7938f9bd1ce","3fc83074fa0df26c416ed8f0485d7cc88d8973c837ab24089723a7938f9bd1ce","MATCH",""
"day01/Code/02_GD32F407_Bootloader/Firmware/CMSIS/core_cm4_simd.h","projects/02-boot-app-split/bootloader/course/Firmware/CMSIS/core_cm4_simd.h","VERBATIM","0c2a0c2d66c7791b82ca19d10336c96518830ef359f6bfd9da7477bc2cbccbbb","0c2a0c2d66c7791b82ca19d10336c96518830ef359f6bfd9da7477bc2cbccbbb","MATCH",""
"day01/Code/02_GD32F407_Bootloader/Firmware/CMSIS/core_cm4.h","projects/02-boot-app-split/bootloader/course/Firmware/CMSIS/core_cm4.h","VERBATIM","4756546e1449d17b1a7dee2f3307f2c92c9f1d669c3f5dfc3ee1dec8aee9a8f7","4756546e1449d17b1a7dee2f3307f2c92c9f1d669c3f5dfc3ee1dec8aee9a8f7","MATCH",""
"day01/Code/02_GD32F407_Bootloader/Firmware/CMSIS/core_cmFunc.h","projects/02-boot-app-split/bootloader/course/Firmware/CMSIS/core_cmFunc.h","VERBATIM","5075ff67c8e264b83d9b391c07c6512e26abbc189e321de0d8b4375476980e5e","5075ff67c8e264b83d9b391c07c6512e26abbc189e321de0d8b4375476980e5e","MATCH",""
"day01/Code/02_GD32F407_Bootloader/Firmware/CMSIS/core_cmInstr.h","projects/02-boot-app-split/bootloader/course/Firmware/CMSIS/core_cmInstr.h","VERBATIM","c35ddca16ca04646dc70acf2d592ad9eaeaaecd8125a32abb710069648266eb5","c35ddca16ca04646dc70acf2d592ad9eaeaaecd8125a32abb710069648266eb5","MATCH",""
"day01/Code/02_GD32F407_Bootloader/Firmware/CMSIS/GD/GD32F4xx/Include/gd32f4xx.h","projects/02-boot-app-split/bootloader/course/Firmware/CMSIS/GD/GD32F4xx/Include/gd32f4xx.h","VERBATIM","96f1f6884c9885d32df760a385ca0b5e8e9b20c066f71b946771a00503623a62","96f1f6884c9885d32df760a385ca0b5e8e9b20c066f71b946771a00503623a62","MATCH",""
"day01/Code/02_GD32F407_Bootloader/Firmware/CMSIS/GD/GD32F4xx/Include/system_gd32f4xx.h","projects/02-boot-app-split/bootloader/course/Firmware/CMSIS/GD/GD32F4xx/Include/system_gd32f4xx.h","VERBATIM","98ef2dd6dd7f6d2542c4d5ca83e9869be3630b43300cb9ab453703e4277913bd","98ef2dd6dd7f6d2542c4d5ca83e9869be3630b43300cb9ab453703e4277913bd","MATCH",""
"day01/Code/02_GD32F407_Bootloader/Firmware/CMSIS/GD/GD32F4xx/Source/ARM/startup_gd32f405_425.s","projects/02-boot-app-split/bootloader/course/Firmware/CMSIS/GD/GD32F4xx/Source/ARM/startup_gd32f405_425.s","VERBATIM","aef6290f6950c0b7fb922fd12b91b3fc34ada707a6846aa5d7a1277fdd50fbd9","aef6290f6950c0b7fb922fd12b91b3fc34ada707a6846aa5d7a1277fdd50fbd9","MATCH",""
"day01/Code/02_GD32F407_Bootloader/Firmware/CMSIS/GD/GD32F4xx/Source/ARM/startup_gd32f407_427.s","projects/02-boot-app-split/bootloader/course/Firmware/CMSIS/GD/GD32F4xx/Source/ARM/startup_gd32f407_427.s","VERBATIM","8bd565510812682bb78eabde21966437e355651d87969df804bb7a03f6a1966c","8bd565510812682bb78eabde21966437e355651d87969df804bb7a03f6a1966c","MATCH",""
"day01/Code/02_GD32F407_Bootloader/Firmware/CMSIS/GD/GD32F4xx/Source/ARM/startup_gd32f450_470.s","projects/02-boot-app-split/bootloader/course/Firmware/CMSIS/GD/GD32F4xx/Source/ARM/startup_gd32f450_470.s","VERBATIM","a4e9852ba47aad025de9645d067fab33dda87b8e82dea6d77b3364f902345299","a4e9852ba47aad025de9645d067fab33dda87b8e82dea6d77b3364f902345299","MATCH",""
"day01/Code/02_GD32F407_Bootloader/Firmware/CMSIS/GD/GD32F4xx/Source/IAR/startup_gd32f405_425.s","projects/02-boot-app-split/bootloader/course/Firmware/CMSIS/GD/GD32F4xx/Source/IAR/startup_gd32f405_425.s","VERBATIM","70e76c6ad0182a5682773261e308008bc1102c09839605a0e058851173026836","70e76c6ad0182a5682773261e308008bc1102c09839605a0e058851173026836","MATCH",""
"day01/Code/02_GD32F407_Bootloader/Firmware/CMSIS/GD/GD32F4xx/Source/IAR/startup_gd32f407_427.s","projects/02-boot-app-split/bootloader/course/Firmware/CMSIS/GD/GD32F4xx/Source/IAR/startup_gd32f407_427.s","VERBATIM","550d6ca54de7f8fcb2791aaf9141666ba15978c55017fa6798bf0ca80a2864c6","550d6ca54de7f8fcb2791aaf9141666ba15978c55017fa6798bf0ca80a2864c6","MATCH",""
"day01/Code/02_GD32F407_Bootloader/Firmware/CMSIS/GD/GD32F4xx/Source/IAR/startup_gd32f450_470.s","projects/02-boot-app-split/bootloader/course/Firmware/CMSIS/GD/GD32F4xx/Source/IAR/startup_gd32f450_470.s","VERBATIM","ee6654f1d551c6937d014fe943342b0395a32076e5ac8dd688c600eacb9bd343","ee6654f1d551c6937d014fe943342b0395a32076e5ac8dd688c600eacb9bd343","MATCH",""
"day01/Code/02_GD32F407_Bootloader/Firmware/CMSIS/GD/GD32F4xx/Source/system_gd32f4xx.c","projects/02-boot-app-split/bootloader/course/Firmware/CMSIS/GD/GD32F4xx/Source/system_gd32f4xx.c","VERBATIM","8f66a123756716cf74297a7b54eec616f230cbbc37dfb60f21bf05d1bc070836","8f66a123756716cf74297a7b54eec616f230cbbc37dfb60f21bf05d1bc070836","MATCH",""
"day01/Code/02_GD32F407_Bootloader/Firmware/GD32F4xx_standard_peripheral/Include/gd32f4xx_adc.h","projects/02-boot-app-split/bootloader/course/Firmware/GD32F4xx_standard_peripheral/Include/gd32f4xx_adc.h","VERBATIM","d6b41e007f1ee95e5fa1b495f94924f7e6166439fbf3e9234a26b5fa6c32f1de","d6b41e007f1ee95e5fa1b495f94924f7e6166439fbf3e9234a26b5fa6c32f1de","MATCH",""
"day01/Code/02_GD32F407_Bootloader/Firmware/GD32F4xx_standard_peripheral/Include/gd32f4xx_can.h","projects/02-boot-app-split/bootloader/course/Firmware/GD32F4xx_standard_peripheral/Include/gd32f4xx_can.h","VERBATIM","62a96066d7b8a1cef45ab4092fce5058b962050eb1c9e4b3585f0e19b9f30578","62a96066d7b8a1cef45ab4092fce5058b962050eb1c9e4b3585f0e19b9f30578","MATCH",""
"day01/Code/02_GD32F407_Bootloader/Firmware/GD32F4xx_standard_peripheral/Include/gd32f4xx_crc.h","projects/02-boot-app-split/bootloader/course/Firmware/GD32F4xx_standard_peripheral/Include/gd32f4xx_crc.h","VERBATIM","4870f145aeec968f3a7a0a5068105591e1adeb9a37a5e47fdcc9d27d7d3afbd6","4870f145aeec968f3a7a0a5068105591e1adeb9a37a5e47fdcc9d27d7d3afbd6","MATCH",""
"day01/Code/02_GD32F407_Bootloader/Firmware/GD32F4xx_standard_peripheral/Include/gd32f4xx_ctc.h","projects/02-boot-app-split/bootloader/course/Firmware/GD32F4xx_standard_peripheral/Include/gd32f4xx_ctc.h","VERBATIM","900ab7d5f9c585834166a58966c8d523ff91d410066d00bbed3e6522c25782d7","900ab7d5f9c585834166a58966c8d523ff91d410066d00bbed3e6522c25782d7","MATCH",""
"day01/Code/02_GD32F407_Bootloader/Firmware/GD32F4xx_standard_peripheral/Include/gd32f4xx_dac.h","projects/02-boot-app-split/bootloader/course/Firmware/GD32F4xx_standard_peripheral/Include/gd32f4xx_dac.h","VERBATIM","86057cc0c52a32f955a12f47aba1e4997ac2daba13b10a686d8777579f638afb","86057cc0c52a32f955a12f47aba1e4997ac2daba13b10a686d8777579f638afb","MATCH",""
"day01/Code/02_GD32F407_Bootloader/Firmware/GD32F4xx_standard_peripheral/Include/gd32f4xx_dbg.h","projects/02-boot-app-split/bootloader/course/Firmware/GD32F4xx_standard_peripheral/Include/gd32f4xx_dbg.h","VERBATIM","21a089b5880f1d101116bd37eaac7a085a103901a40900e75941130d901b150e","21a089b5880f1d101116bd37eaac7a085a103901a40900e75941130d901b150e","MATCH",""
"day01/Code/02_GD32F407_Bootloader/Firmware/GD32F4xx_standard_peripheral/Include/gd32f4xx_dci.h","projects/02-boot-app-split/bootloader/course/Firmware/GD32F4xx_standard_peripheral/Include/gd32f4xx_dci.h","VERBATIM","787f449f0b2eba5bbcc92b0d50899fa668cea6ed9ccab3960eba0b2253cc7748","787f449f0b2eba5bbcc92b0d50899fa668cea6ed9ccab3960eba0b2253cc7748","MATCH",""
"day01/Code/02_GD32F407_Bootloader/Firmware/GD32F4xx_standard_peripheral/Include/gd32f4xx_dma.h","projects/02-boot-app-split/bootloader/course/Firmware/GD32F4xx_standard_peripheral/Include/gd32f4xx_dma.h","VERBATIM","f358957ebf98c4c449480a088e349cdac2716394c24fa4111de08b06fcdc5094","f358957ebf98c4c449480a088e349cdac2716394c24fa4111de08b06fcdc5094","MATCH",""
"day01/Code/02_GD32F407_Bootloader/Firmware/GD32F4xx_standard_peripheral/Include/gd32f4xx_enet.h","projects/02-boot-app-split/bootloader/course/Firmware/GD32F4xx_standard_peripheral/Include/gd32f4xx_enet.h","VERBATIM","2bdbc2be9b0e3ba398deeab38021442a2cfeedff21fc353cf3b16c717a2cdf9b","2bdbc2be9b0e3ba398deeab38021442a2cfeedff21fc353cf3b16c717a2cdf9b","MATCH",""
"day01/Code/02_GD32F407_Bootloader/Firmware/GD32F4xx_standard_peripheral/Include/gd32f4xx_exmc.h","projects/02-boot-app-split/bootloader/course/Firmware/GD32F4xx_standard_peripheral/Include/gd32f4xx_exmc.h","VERBATIM","68482b678dd868085a6be6317eec18873d43f895936e503487e843e561a0d55e","68482b678dd868085a6be6317eec18873d43f895936e503487e843e561a0d55e","MATCH",""
"day01/Code/02_GD32F407_Bootloader/Firmware/GD32F4xx_standard_peripheral/Include/gd32f4xx_exti.h","projects/02-boot-app-split/bootloader/course/Firmware/GD32F4xx_standard_peripheral/Include/gd32f4xx_exti.h","VERBATIM","705948f029f63a5995d9849a60e417d6210ece34c8e942c76a2d4e7a2b927426","705948f029f63a5995d9849a60e417d6210ece34c8e942c76a2d4e7a2b927426","MATCH",""
"day01/Code/02_GD32F407_Bootloader/Firmware/GD32F4xx_standard_peripheral/Include/gd32f4xx_fmc.h","projects/02-boot-app-split/bootloader/course/Firmware/GD32F4xx_standard_peripheral/Include/gd32f4xx_fmc.h","VERBATIM","5a5d9f0b1ce1e7486206130f80048f81a6d3e9e6337bf0a4c69d4a1d5edc9f7e","5a5d9f0b1ce1e7486206130f80048f81a6d3e9e6337bf0a4c69d4a1d5edc9f7e","MATCH",""
"day01/Code/02_GD32F407_Bootloader/Firmware/GD32F4xx_standard_peripheral/Include/gd32f4xx_fwdgt.h","projects/02-boot-app-split/bootloader/course/Firmware/GD32F4xx_standard_peripheral/Include/gd32f4xx_fwdgt.h","VERBATIM","04cb4ee0d6526910cf9ca8befc437fc6df3fdfe09fb0bc418ab7ea5c19611a50","04cb4ee0d6526910cf9ca8befc437fc6df3fdfe09fb0bc418ab7ea5c19611a50","MATCH",""
"day01/Code/02_GD32F407_Bootloader/Firmware/GD32F4xx_standard_peripheral/Include/gd32f4xx_gpio.h","projects/02-boot-app-split/bootloader/course/Firmware/GD32F4xx_standard_peripheral/Include/gd32f4xx_gpio.h","VERBATIM","a20501a28644bf45b8e3c4ab2a7237466805c1480b06e7d6c8585296d7f08787","a20501a28644bf45b8e3c4ab2a7237466805c1480b06e7d6c8585296d7f08787","MATCH",""
"day01/Code/02_GD32F407_Bootloader/Firmware/GD32F4xx_standard_peripheral/Include/gd32f4xx_i2c.h","projects/02-boot-app-split/bootloader/course/Firmware/GD32F4xx_standard_peripheral/Include/gd32f4xx_i2c.h","VERBATIM","6cf4053e2452263cdfcb98da0832ce1f2f1b0380c1bea5d4284c1df0d5cbbb05","6cf4053e2452263cdfcb98da0832ce1f2f1b0380c1bea5d4284c1df0d5cbbb05","MATCH",""
"day01/Code/02_GD32F407_Bootloader/Firmware/GD32F4xx_standard_peripheral/Include/gd32f4xx_ipa.h","projects/02-boot-app-split/bootloader/course/Firmware/GD32F4xx_standard_peripheral/Include/gd32f4xx_ipa.h","VERBATIM","1ad22068402e09bae4117e637ed972fcd7452751ccbe01c7829aea7df45ae8ae","1ad22068402e09bae4117e637ed972fcd7452751ccbe01c7829aea7df45ae8ae","MATCH",""
"day01/Code/02_GD32F407_Bootloader/Firmware/GD32F4xx_standard_peripheral/Include/gd32f4xx_iref.h","projects/02-boot-app-split/bootloader/course/Firmware/GD32F4xx_standard_peripheral/Include/gd32f4xx_iref.h","VERBATIM","d9d1e67fd4473f44b2f7e22bb78c3dfa9b5109d083af1b0fdc63ec657b241c4a","d9d1e67fd4473f44b2f7e22bb78c3dfa9b5109d083af1b0fdc63ec657b241c4a","MATCH",""
"day01/Code/02_GD32F407_Bootloader/Firmware/GD32F4xx_standard_peripheral/Include/gd32f4xx_misc.h","projects/02-boot-app-split/bootloader/course/Firmware/GD32F4xx_standard_peripheral/Include/gd32f4xx_misc.h","VERBATIM","0a918f830f0200c0e806dfb50594259783e69d8adbc27708705567f7193d35fb","0a918f830f0200c0e806dfb50594259783e69d8adbc27708705567f7193d35fb","MATCH",""
"day01/Code/02_GD32F407_Bootloader/Firmware/GD32F4xx_standard_peripheral/Include/gd32f4xx_pmu.h","projects/02-boot-app-split/bootloader/course/Firmware/GD32F4xx_standard_peripheral/Include/gd32f4xx_pmu.h","VERBATIM","b9a72b6e42083efd170c0c5fbe579c5d6417f9bbf674db36041be96fcbd84636","b9a72b6e42083efd170c0c5fbe579c5d6417f9bbf674db36041be96fcbd84636","MATCH",""
"day01/Code/02_GD32F407_Bootloader/Firmware/GD32F4xx_standard_peripheral/Include/gd32f4xx_rcu.h","projects/02-boot-app-split/bootloader/course/Firmware/GD32F4xx_standard_peripheral/Include/gd32f4xx_rcu.h","VERBATIM","ac2b2ae653edc89e674eda24e1cfe8b511b73984ae0cabed3df60ba61f8eef08","ac2b2ae653edc89e674eda24e1cfe8b511b73984ae0cabed3df60ba61f8eef08","MATCH",""
"day01/Code/02_GD32F407_Bootloader/Firmware/GD32F4xx_standard_peripheral/Include/gd32f4xx_rtc.h","projects/02-boot-app-split/bootloader/course/Firmware/GD32F4xx_standard_peripheral/Include/gd32f4xx_rtc.h","VERBATIM","1798b1b495683096d4491cf0f854957d2ad60612f65a801ed0e7a4bee49fa549","1798b1b495683096d4491cf0f854957d2ad60612f65a801ed0e7a4bee49fa549","MATCH",""
"day01/Code/02_GD32F407_Bootloader/Firmware/GD32F4xx_standard_peripheral/Include/gd32f4xx_sdio.h","projects/02-boot-app-split/bootloader/course/Firmware/GD32F4xx_standard_peripheral/Include/gd32f4xx_sdio.h","VERBATIM","8d6813efc565e3085611d767ea4e670e0c76a256c6f17fc93f313bcb11d0385a","8d6813efc565e3085611d767ea4e670e0c76a256c6f17fc93f313bcb11d0385a","MATCH",""
"day01/Code/02_GD32F407_Bootloader/Firmware/GD32F4xx_standard_peripheral/Include/gd32f4xx_spi.h","projects/02-boot-app-split/bootloader/course/Firmware/GD32F4xx_standard_peripheral/Include/gd32f4xx_spi.h","VERBATIM","4c6360c8fe58d4a38e4870bcba17630857551d3ec7b4bd3ddeb5085c31240b1c","4c6360c8fe58d4a38e4870bcba17630857551d3ec7b4bd3ddeb5085c31240b1c","MATCH",""
"day01/Code/02_GD32F407_Bootloader/Firmware/GD32F4xx_standard_peripheral/Include/gd32f4xx_syscfg.h","projects/02-boot-app-split/bootloader/course/Firmware/GD32F4xx_standard_peripheral/Include/gd32f4xx_syscfg.h","VERBATIM","5060fef0a07a3fc1396a31f09f95fe1d134f8a1fb1581e3dd98bb6078108c447","5060fef0a07a3fc1396a31f09f95fe1d134f8a1fb1581e3dd98bb6078108c447","MATCH",""
"day01/Code/02_GD32F407_Bootloader/Firmware/GD32F4xx_standard_peripheral/Include/gd32f4xx_timer.h","projects/02-boot-app-split/bootloader/course/Firmware/GD32F4xx_standard_peripheral/Include/gd32f4xx_timer.h","VERBATIM","7a79f81f1d862a1b49f23bfe05b1ac751a71e761b6e63c2dffabe6c7bc69ac49","7a79f81f1d862a1b49f23bfe05b1ac751a71e761b6e63c2dffabe6c7bc69ac49","MATCH",""
"day01/Code/02_GD32F407_Bootloader/Firmware/GD32F4xx_standard_peripheral/Include/gd32f4xx_tli.h","projects/02-boot-app-split/bootloader/course/Firmware/GD32F4xx_standard_peripheral/Include/gd32f4xx_tli.h","VERBATIM","1b94ea157ac8ce2fed962b0c4ff95b6702c6194300aa51b04c3aafe493768d2a","1b94ea157ac8ce2fed962b0c4ff95b6702c6194300aa51b04c3aafe493768d2a","MATCH",""
"day01/Code/02_GD32F407_Bootloader/Firmware/GD32F4xx_standard_peripheral/Include/gd32f4xx_trng.h","projects/02-boot-app-split/bootloader/course/Firmware/GD32F4xx_standard_peripheral/Include/gd32f4xx_trng.h","VERBATIM","91e2bb5affefa65f90927fad795faa0f4204516284eca38e461506f0cd9ca924","91e2bb5affefa65f90927fad795faa0f4204516284eca38e461506f0cd9ca924","MATCH",""
"day01/Code/02_GD32F407_Bootloader/Firmware/GD32F4xx_standard_peripheral/Include/gd32f4xx_usart.h","projects/02-boot-app-split/bootloader/course/Firmware/GD32F4xx_standard_peripheral/Include/gd32f4xx_usart.h","VERBATIM","6cf40e957a1216c99e3663d667de1944c42272897011834bf20adcd97e791074","6cf40e957a1216c99e3663d667de1944c42272897011834bf20adcd97e791074","MATCH",""
"day01/Code/02_GD32F407_Bootloader/Firmware/GD32F4xx_standard_peripheral/Include/gd32f4xx_wwdgt.h","projects/02-boot-app-split/bootloader/course/Firmware/GD32F4xx_standard_peripheral/Include/gd32f4xx_wwdgt.h","VERBATIM","01eecfc98b4507aeb8f0afbe7d994ea0a617a79e5d4eb2d1d4a85979ba014efe","01eecfc98b4507aeb8f0afbe7d994ea0a617a79e5d4eb2d1d4a85979ba014efe","MATCH",""
"day01/Code/02_GD32F407_Bootloader/Firmware/GD32F4xx_standard_peripheral/Source/gd32f4xx_adc.c","projects/02-boot-app-split/bootloader/course/Firmware/GD32F4xx_standard_peripheral/Source/gd32f4xx_adc.c","VERBATIM","8a5c91ec7a397b53efd086646674d273ece00f36c9610ab50715fe1521ba4112","8a5c91ec7a397b53efd086646674d273ece00f36c9610ab50715fe1521ba4112","MATCH",""
"day01/Code/02_GD32F407_Bootloader/Firmware/GD32F4xx_standard_peripheral/Source/gd32f4xx_can.c","projects/02-boot-app-split/bootloader/course/Firmware/GD32F4xx_standard_peripheral/Source/gd32f4xx_can.c","VERBATIM","ce0e343b00856972eabaccc1f4d88c051796a8d1e30c4596312fc29a533db8ba","ce0e343b00856972eabaccc1f4d88c051796a8d1e30c4596312fc29a533db8ba","MATCH",""
"day01/Code/02_GD32F407_Bootloader/Firmware/GD32F4xx_standard_peripheral/Source/gd32f4xx_crc.c","projects/02-boot-app-split/bootloader/course/Firmware/GD32F4xx_standard_peripheral/Source/gd32f4xx_crc.c","VERBATIM","c14034159e72e082aa70e2a8cba60ffcf950b63d75ae467706632f32ec00f315","c14034159e72e082aa70e2a8cba60ffcf950b63d75ae467706632f32ec00f315","MATCH",""
"day01/Code/02_GD32F407_Bootloader/Firmware/GD32F4xx_standard_peripheral/Source/gd32f4xx_ctc.c","projects/02-boot-app-split/bootloader/course/Firmware/GD32F4xx_standard_peripheral/Source/gd32f4xx_ctc.c","VERBATIM","07f4a6385c6ffb2e18ecf95daae6a431fb91262fa988835a249a64f4002280a1","07f4a6385c6ffb2e18ecf95daae6a431fb91262fa988835a249a64f4002280a1","MATCH",""
"day01/Code/02_GD32F407_Bootloader/Firmware/GD32F4xx_standard_peripheral/Source/gd32f4xx_dac.c","projects/02-boot-app-split/bootloader/course/Firmware/GD32F4xx_standard_peripheral/Source/gd32f4xx_dac.c","VERBATIM","ace5c99f1e2774d955ca4e4d5d6e81b2d831f718098487ea3e8c2c34c960e160","ace5c99f1e2774d955ca4e4d5d6e81b2d831f718098487ea3e8c2c34c960e160","MATCH",""
"day01/Code/02_GD32F407_Bootloader/Firmware/GD32F4xx_standard_peripheral/Source/gd32f4xx_dbg.c","projects/02-boot-app-split/bootloader/course/Firmware/GD32F4xx_standard_peripheral/Source/gd32f4xx_dbg.c","VERBATIM","6eec659fd6b5c549226bae8e9c9c78785b064d557434189bb221287d550fe291","6eec659fd6b5c549226bae8e9c9c78785b064d557434189bb221287d550fe291","MATCH",""
"day01/Code/02_GD32F407_Bootloader/Firmware/GD32F4xx_standard_peripheral/Source/gd32f4xx_dci.c","projects/02-boot-app-split/bootloader/course/Firmware/GD32F4xx_standard_peripheral/Source/gd32f4xx_dci.c","VERBATIM","b99613d9a21a02dd39117f30b9a488b859209ab3489dcfde7361d147cdf76516","b99613d9a21a02dd39117f30b9a488b859209ab3489dcfde7361d147cdf76516","MATCH",""
"day01/Code/02_GD32F407_Bootloader/Firmware/GD32F4xx_standard_peripheral/Source/gd32f4xx_dma.c","projects/02-boot-app-split/bootloader/course/Firmware/GD32F4xx_standard_peripheral/Source/gd32f4xx_dma.c","VERBATIM","2d943a169ababcc22cbc6c41665f5ce375c30b63005954e1d34bb3218cb63faf","2d943a169ababcc22cbc6c41665f5ce375c30b63005954e1d34bb3218cb63faf","MATCH",""
"day01/Code/02_GD32F407_Bootloader/Firmware/GD32F4xx_standard_peripheral/Source/gd32f4xx_enet.c","projects/02-boot-app-split/bootloader/course/Firmware/GD32F4xx_standard_peripheral/Source/gd32f4xx_enet.c","VERBATIM","3051e8737c463d23d07b9c9ad937bc7c488bb573738b2313982870daa670e87e","3051e8737c463d23d07b9c9ad937bc7c488bb573738b2313982870daa670e87e","MATCH",""
"day01/Code/02_GD32F407_Bootloader/Firmware/GD32F4xx_standard_peripheral/Source/gd32f4xx_exmc.c","projects/02-boot-app-split/bootloader/course/Firmware/GD32F4xx_standard_peripheral/Source/gd32f4xx_exmc.c","VERBATIM","e4a79b377c89d9eb8bd5be101e273ad5efba0c2a24fb4621ab7bc124beeeaebf","e4a79b377c89d9eb8bd5be101e273ad5efba0c2a24fb4621ab7bc124beeeaebf","MATCH",""
"day01/Code/02_GD32F407_Bootloader/Firmware/GD32F4xx_standard_peripheral/Source/gd32f4xx_exti.c","projects/02-boot-app-split/bootloader/course/Firmware/GD32F4xx_standard_peripheral/Source/gd32f4xx_exti.c","VERBATIM","fce4a7eca93486d71a9e5758642f2282ae7f8805dbb559312837a0b17577fe58","fce4a7eca93486d71a9e5758642f2282ae7f8805dbb559312837a0b17577fe58","MATCH",""
"day01/Code/02_GD32F407_Bootloader/Firmware/GD32F4xx_standard_peripheral/Source/gd32f4xx_fmc.c","projects/02-boot-app-split/bootloader/course/Firmware/GD32F4xx_standard_peripheral/Source/gd32f4xx_fmc.c","VERBATIM","15408829d2405432fc8ed73d5d8c6bbb1e6c74540f1b817983babd62e22cab16","15408829d2405432fc8ed73d5d8c6bbb1e6c74540f1b817983babd62e22cab16","MATCH",""
"day01/Code/02_GD32F407_Bootloader/Firmware/GD32F4xx_standard_peripheral/Source/gd32f4xx_fwdgt.c","projects/02-boot-app-split/bootloader/course/Firmware/GD32F4xx_standard_peripheral/Source/gd32f4xx_fwdgt.c","VERBATIM","05b67d15069ced6f0472e4115ecd16064402e0d6220561499000025a8cd189b7","05b67d15069ced6f0472e4115ecd16064402e0d6220561499000025a8cd189b7","MATCH",""
"day01/Code/02_GD32F407_Bootloader/Firmware/GD32F4xx_standard_peripheral/Source/gd32f4xx_gpio.c","projects/02-boot-app-split/bootloader/course/Firmware/GD32F4xx_standard_peripheral/Source/gd32f4xx_gpio.c","VERBATIM","262befe864d5da3bada64d0b3dab29e5c2747e46b154ede8bcab0b788db614e0","262befe864d5da3bada64d0b3dab29e5c2747e46b154ede8bcab0b788db614e0","MATCH",""
"day01/Code/02_GD32F407_Bootloader/Firmware/GD32F4xx_standard_peripheral/Source/gd32f4xx_i2c.c","projects/02-boot-app-split/bootloader/course/Firmware/GD32F4xx_standard_peripheral/Source/gd32f4xx_i2c.c","VERBATIM","8edfaf1a8f0bf2833923d0072fe1b9d0467382b3ec1d243e918d0de9711cccd2","8edfaf1a8f0bf2833923d0072fe1b9d0467382b3ec1d243e918d0de9711cccd2","MATCH",""
"day01/Code/02_GD32F407_Bootloader/Firmware/GD32F4xx_standard_peripheral/Source/gd32f4xx_ipa.c","projects/02-boot-app-split/bootloader/course/Firmware/GD32F4xx_standard_peripheral/Source/gd32f4xx_ipa.c","VERBATIM","38a8350304763c1c83b4d2341f6782b090ca09abe541ac360089b5cb454bcf57","38a8350304763c1c83b4d2341f6782b090ca09abe541ac360089b5cb454bcf57","MATCH",""
"day01/Code/02_GD32F407_Bootloader/Firmware/GD32F4xx_standard_peripheral/Source/gd32f4xx_iref.c","projects/02-boot-app-split/bootloader/course/Firmware/GD32F4xx_standard_peripheral/Source/gd32f4xx_iref.c","VERBATIM","24f2fcfcd20882fd3e65773a281a827bf5391a0a8054324eef7c98bb3f2b9b80","24f2fcfcd20882fd3e65773a281a827bf5391a0a8054324eef7c98bb3f2b9b80","MATCH",""
"day01/Code/02_GD32F407_Bootloader/Firmware/GD32F4xx_standard_peripheral/Source/gd32f4xx_misc.c","projects/02-boot-app-split/bootloader/course/Firmware/GD32F4xx_standard_peripheral/Source/gd32f4xx_misc.c","VERBATIM","1cd262f295155428c25dedc69bfbab99f7a99de09e0b602eca1f2c6017cfe2da","1cd262f295155428c25dedc69bfbab99f7a99de09e0b602eca1f2c6017cfe2da","MATCH",""
"day01/Code/02_GD32F407_Bootloader/Firmware/GD32F4xx_standard_peripheral/Source/gd32f4xx_pmu.c","projects/02-boot-app-split/bootloader/course/Firmware/GD32F4xx_standard_peripheral/Source/gd32f4xx_pmu.c","VERBATIM","dafa94838a55132e3313234c5ac2be6172116dc26574347363d554effb186d79","dafa94838a55132e3313234c5ac2be6172116dc26574347363d554effb186d79","MATCH",""
"day01/Code/02_GD32F407_Bootloader/Firmware/GD32F4xx_standard_peripheral/Source/gd32f4xx_rcu.c","projects/02-boot-app-split/bootloader/course/Firmware/GD32F4xx_standard_peripheral/Source/gd32f4xx_rcu.c","VERBATIM","6c1030eb58ec7cb9c41e2a1ff31ddef87f70dd083222327978234004c4e95b98","6c1030eb58ec7cb9c41e2a1ff31ddef87f70dd083222327978234004c4e95b98","MATCH",""
"day01/Code/02_GD32F407_Bootloader/Firmware/GD32F4xx_standard_peripheral/Source/gd32f4xx_rtc.c","projects/02-boot-app-split/bootloader/course/Firmware/GD32F4xx_standard_peripheral/Source/gd32f4xx_rtc.c","VERBATIM","eea5bcb92c88a7bab9f3740f8e9408236412a546b03a5467f21b0f94a01183e7","eea5bcb92c88a7bab9f3740f8e9408236412a546b03a5467f21b0f94a01183e7","MATCH",""
"day01/Code/02_GD32F407_Bootloader/Firmware/GD32F4xx_standard_peripheral/Source/gd32f4xx_sdio.c","projects/02-boot-app-split/bootloader/course/Firmware/GD32F4xx_standard_peripheral/Source/gd32f4xx_sdio.c","VERBATIM","9d8f3e488c74c44a30c4d0bbb9cd8d86555d898ca9c36f259ce57609959b9854","9d8f3e488c74c44a30c4d0bbb9cd8d86555d898ca9c36f259ce57609959b9854","MATCH",""
"day01/Code/02_GD32F407_Bootloader/Firmware/GD32F4xx_standard_peripheral/Source/gd32f4xx_spi.c","projects/02-boot-app-split/bootloader/course/Firmware/GD32F4xx_standard_peripheral/Source/gd32f4xx_spi.c","VERBATIM","ce06438e9ad5882a0fca88dfe658dd925ed3320ba574c2797e2f93acf6142459","ce06438e9ad5882a0fca88dfe658dd925ed3320ba574c2797e2f93acf6142459","MATCH",""
"day01/Code/02_GD32F407_Bootloader/Firmware/GD32F4xx_standard_peripheral/Source/gd32f4xx_syscfg.c","projects/02-boot-app-split/bootloader/course/Firmware/GD32F4xx_standard_peripheral/Source/gd32f4xx_syscfg.c","VERBATIM","51a7a5e70f3064424cc6e2f6a06942b47adaac8c36a6612ee08b1643557b3ca3","51a7a5e70f3064424cc6e2f6a06942b47adaac8c36a6612ee08b1643557b3ca3","MATCH",""
"day01/Code/02_GD32F407_Bootloader/Firmware/GD32F4xx_standard_peripheral/Source/gd32f4xx_timer.c","projects/02-boot-app-split/bootloader/course/Firmware/GD32F4xx_standard_peripheral/Source/gd32f4xx_timer.c","VERBATIM","3961465cf6ba39554e34c02183c50676a4ab9b3991a6aad32d271754b2506b14","3961465cf6ba39554e34c02183c50676a4ab9b3991a6aad32d271754b2506b14","MATCH",""
"day01/Code/02_GD32F407_Bootloader/Firmware/GD32F4xx_standard_peripheral/Source/gd32f4xx_tli.c","projects/02-boot-app-split/bootloader/course/Firmware/GD32F4xx_standard_peripheral/Source/gd32f4xx_tli.c","VERBATIM","881a02e692afd4a0b6848a929b0b8c79148911ad7543cf611287c45e82372541","881a02e692afd4a0b6848a929b0b8c79148911ad7543cf611287c45e82372541","MATCH",""
"day01/Code/02_GD32F407_Bootloader/Firmware/GD32F4xx_standard_peripheral/Source/gd32f4xx_trng.c","projects/02-boot-app-split/bootloader/course/Firmware/GD32F4xx_standard_peripheral/Source/gd32f4xx_trng.c","VERBATIM","ba9093d046a01c997aa54d2de9f663e8af32fb9e53c950cfc640f1033fcd6c53","ba9093d046a01c997aa54d2de9f663e8af32fb9e53c950cfc640f1033fcd6c53","MATCH",""
"day01/Code/02_GD32F407_Bootloader/Firmware/GD32F4xx_standard_peripheral/Source/gd32f4xx_usart.c","projects/02-boot-app-split/bootloader/course/Firmware/GD32F4xx_standard_peripheral/Source/gd32f4xx_usart.c","VERBATIM","f67fa54d9c9537317be92d95fd880a394d9abe98df708e5aa821fbfa392ae9b0","f67fa54d9c9537317be92d95fd880a394d9abe98df708e5aa821fbfa392ae9b0","MATCH",""
"day01/Code/02_GD32F407_Bootloader/Firmware/GD32F4xx_standard_peripheral/Source/gd32f4xx_wwdgt.c","projects/02-boot-app-split/bootloader/course/Firmware/GD32F4xx_standard_peripheral/Source/gd32f4xx_wwdgt.c","VERBATIM","0ed39de6f0101e10ddcb476e6ef21c44d2282d4f689d0d0d70f9e04940e6f0fe","0ed39de6f0101e10ddcb476e6ef21c44d2282d4f689d0d0d70f9e04940e6f0fe","MATCH",""
"day01/Code/02_GD32F407_Bootloader/Firmware/GD32F4xx_usb_library/device/class/audio/Include/audio_core.h","projects/02-boot-app-split/bootloader/course/Firmware/GD32F4xx_usb_library/device/class/audio/Include/audio_core.h","VERBATIM","d4550583ad93fb3eed7d288fb84ca5e1b57269e088fb073e541a666b636fec00","d4550583ad93fb3eed7d288fb84ca5e1b57269e088fb073e541a666b636fec00","MATCH",""
"day01/Code/02_GD32F407_Bootloader/Firmware/GD32F4xx_usb_library/device/class/audio/Include/audio_out_itf.h","projects/02-boot-app-split/bootloader/course/Firmware/GD32F4xx_usb_library/device/class/audio/Include/audio_out_itf.h","VERBATIM","77fb54dea6431af26c1de2b1ccfb8186fac92519d817556fe6b31fde7947310b","77fb54dea6431af26c1de2b1ccfb8186fac92519d817556fe6b31fde7947310b","MATCH",""
"day01/Code/02_GD32F407_Bootloader/Firmware/GD32F4xx_usb_library/device/class/audio/Source/audio_core.c","projects/02-boot-app-split/bootloader/course/Firmware/GD32F4xx_usb_library/device/class/audio/Source/audio_core.c","VERBATIM","e134abab42ada7e2d9c6bad56032f4358fbd37b82e3861496bfe8dc7b4263d32","e134abab42ada7e2d9c6bad56032f4358fbd37b82e3861496bfe8dc7b4263d32","MATCH",""
"day01/Code/02_GD32F407_Bootloader/Firmware/GD32F4xx_usb_library/device/class/audio/Source/audio_out_itf.c","projects/02-boot-app-split/bootloader/course/Firmware/GD32F4xx_usb_library/device/class/audio/Source/audio_out_itf.c","VERBATIM","33f0490e4b3ce2315d51257bb877a233ba7293bf83f1272113382989476b887b","33f0490e4b3ce2315d51257bb877a233ba7293bf83f1272113382989476b887b","MATCH",""
"day01/Code/02_GD32F407_Bootloader/Firmware/GD32F4xx_usb_library/device/class/cdc/Include/cdc_acm_core.h","projects/02-boot-app-split/bootloader/course/Firmware/GD32F4xx_usb_library/device/class/cdc/Include/cdc_acm_core.h","VERBATIM","58a53b46a222a4ca1b4f35901a48555a22ff6c8ef95dcb23e651a64512a0b8ec","58a53b46a222a4ca1b4f35901a48555a22ff6c8ef95dcb23e651a64512a0b8ec","MATCH",""
"day01/Code/02_GD32F407_Bootloader/Firmware/GD32F4xx_usb_library/device/class/cdc/Source/cdc_acm_core.c","projects/02-boot-app-split/bootloader/course/Firmware/GD32F4xx_usb_library/device/class/cdc/Source/cdc_acm_core.c","VERBATIM","92f6d272cb501a2e0e8020a5c7c3fdbf3f6267044a5f00c248a53bdc23867e71","92f6d272cb501a2e0e8020a5c7c3fdbf3f6267044a5f00c248a53bdc23867e71","MATCH",""
"day01/Code/02_GD32F407_Bootloader/Firmware/GD32F4xx_usb_library/device/class/dfu/Include/dfu_core.h","projects/02-boot-app-split/bootloader/course/Firmware/GD32F4xx_usb_library/device/class/dfu/Include/dfu_core.h","VERBATIM","b074e46c11dfc3d6f057e7c91263a7894a8598f5ad27062a8f0c737739f0ac4b","b074e46c11dfc3d6f057e7c91263a7894a8598f5ad27062a8f0c737739f0ac4b","MATCH",""
"day01/Code/02_GD32F407_Bootloader/Firmware/GD32F4xx_usb_library/device/class/dfu/Include/dfu_mem.h","projects/02-boot-app-split/bootloader/course/Firmware/GD32F4xx_usb_library/device/class/dfu/Include/dfu_mem.h","VERBATIM","ee0fa900e1595041db2524e57a7684a911afec27bd737544cb8acc1a419b54f3","ee0fa900e1595041db2524e57a7684a911afec27bd737544cb8acc1a419b54f3","MATCH",""
"day01/Code/02_GD32F407_Bootloader/Firmware/GD32F4xx_usb_library/device/class/dfu/Source/dfu_core.c","projects/02-boot-app-split/bootloader/course/Firmware/GD32F4xx_usb_library/device/class/dfu/Source/dfu_core.c","VERBATIM","ee0b61f48e523f816e1977ab5667701d4a30c9d7994809daec56a6c22b6b23f2","ee0b61f48e523f816e1977ab5667701d4a30c9d7994809daec56a6c22b6b23f2","MATCH",""
"day01/Code/02_GD32F407_Bootloader/Firmware/GD32F4xx_usb_library/device/class/dfu/Source/dfu_mem.c","projects/02-boot-app-split/bootloader/course/Firmware/GD32F4xx_usb_library/device/class/dfu/Source/dfu_mem.c","VERBATIM","1740852fd0411642aad47bf10951d51de5338ca02239c634c4a28211cc0b6bd5","1740852fd0411642aad47bf10951d51de5338ca02239c634c4a28211cc0b6bd5","MATCH",""
"day01/Code/02_GD32F407_Bootloader/Firmware/GD32F4xx_usb_library/device/class/hid/Include/custom_hid_core.h","projects/02-boot-app-split/bootloader/course/Firmware/GD32F4xx_usb_library/device/class/hid/Include/custom_hid_core.h","VERBATIM","3d8630539b539b75241b088ba5cb2bd6a6377ebe6a0c026e14e4d9f618149f3c","3d8630539b539b75241b088ba5cb2bd6a6377ebe6a0c026e14e4d9f618149f3c","MATCH",""
"day01/Code/02_GD32F407_Bootloader/Firmware/GD32F4xx_usb_library/device/class/hid/Include/standard_hid_core.h","projects/02-boot-app-split/bootloader/course/Firmware/GD32F4xx_usb_library/device/class/hid/Include/standard_hid_core.h","VERBATIM","b43958e8ef0bb4e5939d1b1279f2b4d25791abd357c51504fb08c6bf5cde5a55","b43958e8ef0bb4e5939d1b1279f2b4d25791abd357c51504fb08c6bf5cde5a55","MATCH",""
"day01/Code/02_GD32F407_Bootloader/Firmware/GD32F4xx_usb_library/device/class/hid/Source/custom_hid_core.c","projects/02-boot-app-split/bootloader/course/Firmware/GD32F4xx_usb_library/device/class/hid/Source/custom_hid_core.c","VERBATIM","e31d924422097b600884693e2cfb38c20e4215861dfc8bbdff3058c9a9133668","e31d924422097b600884693e2cfb38c20e4215861dfc8bbdff3058c9a9133668","MATCH",""
"day01/Code/02_GD32F407_Bootloader/Firmware/GD32F4xx_usb_library/device/class/hid/Source/standard_hid_core.c","projects/02-boot-app-split/bootloader/course/Firmware/GD32F4xx_usb_library/device/class/hid/Source/standard_hid_core.c","VERBATIM","976542c7fc8c038846c71e4c5e6755b3c9364c8c09425f671fa694f1f14889a1","976542c7fc8c038846c71e4c5e6755b3c9364c8c09425f671fa694f1f14889a1","MATCH",""
"day01/Code/02_GD32F407_Bootloader/Firmware/GD32F4xx_usb_library/device/class/iap/Include/usb_iap_core.h","projects/02-boot-app-split/bootloader/course/Firmware/GD32F4xx_usb_library/device/class/iap/Include/usb_iap_core.h","VERBATIM","0c5491567e7452be4cdc0099bc8f6e5b6aca7b9c273fdb95647264938337c163","0c5491567e7452be4cdc0099bc8f6e5b6aca7b9c273fdb95647264938337c163","MATCH",""
"day01/Code/02_GD32F407_Bootloader/Firmware/GD32F4xx_usb_library/device/class/iap/Source/usb_iap_core.c","projects/02-boot-app-split/bootloader/course/Firmware/GD32F4xx_usb_library/device/class/iap/Source/usb_iap_core.c","VERBATIM","b48d8edb4882f57e2ee0b7cd17d94a4ea574bbfdb3ef72f35355fb7b8cbf374d","b48d8edb4882f57e2ee0b7cd17d94a4ea574bbfdb3ef72f35355fb7b8cbf374d","MATCH",""
"day01/Code/02_GD32F407_Bootloader/Firmware/GD32F4xx_usb_library/device/class/msc/Include/usbd_msc_bbb.h","projects/02-boot-app-split/bootloader/course/Firmware/GD32F4xx_usb_library/device/class/msc/Include/usbd_msc_bbb.h","VERBATIM","fce4e4a9e17e3c7ad6ef23bf6284354b3c1e0bc79e2e3d8c51c00c7cba88598f","fce4e4a9e17e3c7ad6ef23bf6284354b3c1e0bc79e2e3d8c51c00c7cba88598f","MATCH",""
"day01/Code/02_GD32F407_Bootloader/Firmware/GD32F4xx_usb_library/device/class/msc/Include/usbd_msc_core.h","projects/02-boot-app-split/bootloader/course/Firmware/GD32F4xx_usb_library/device/class/msc/Include/usbd_msc_core.h","VERBATIM","1b56e50c7f78bd46cc86e131565da5a3ca050901171a99d33526283996d0062c","1b56e50c7f78bd46cc86e131565da5a3ca050901171a99d33526283996d0062c","MATCH",""
"day01/Code/02_GD32F407_Bootloader/Firmware/GD32F4xx_usb_library/device/class/msc/Include/usbd_msc_mem.h","projects/02-boot-app-split/bootloader/course/Firmware/GD32F4xx_usb_library/device/class/msc/Include/usbd_msc_mem.h","VERBATIM","4219910f0d5565cbf2cb7de2191fffad41f01f9903ec160827c6f441fc9fe241","4219910f0d5565cbf2cb7de2191fffad41f01f9903ec160827c6f441fc9fe241","MATCH",""
"day01/Code/02_GD32F407_Bootloader/Firmware/GD32F4xx_usb_library/device/class/msc/Include/usbd_msc_scsi.h","projects/02-boot-app-split/bootloader/course/Firmware/GD32F4xx_usb_library/device/class/msc/Include/usbd_msc_scsi.h","VERBATIM","8a843a759a5d1013db6524b1547453013da00c202f03a7011b604c8e79f96a2d","8a843a759a5d1013db6524b1547453013da00c202f03a7011b604c8e79f96a2d","MATCH",""
"day01/Code/02_GD32F407_Bootloader/Firmware/GD32F4xx_usb_library/device/class/msc/Source/usbd_msc_bbb.c","projects/02-boot-app-split/bootloader/course/Firmware/GD32F4xx_usb_library/device/class/msc/Source/usbd_msc_bbb.c","VERBATIM","d613ecddab72a03de672e4669f2549f5ce93259c09819fcbd78db49dbbefa4a5","d613ecddab72a03de672e4669f2549f5ce93259c09819fcbd78db49dbbefa4a5","MATCH",""
"day01/Code/02_GD32F407_Bootloader/Firmware/GD32F4xx_usb_library/device/class/msc/Source/usbd_msc_core.c","projects/02-boot-app-split/bootloader/course/Firmware/GD32F4xx_usb_library/device/class/msc/Source/usbd_msc_core.c","VERBATIM","5c5983c2884b08aa4a480b29929e20a502741c56cefd717e48a6fe5c807bbb5c","5c5983c2884b08aa4a480b29929e20a502741c56cefd717e48a6fe5c807bbb5c","MATCH",""
"day01/Code/02_GD32F407_Bootloader/Firmware/GD32F4xx_usb_library/device/class/msc/Source/usbd_msc_scsi.c","projects/02-boot-app-split/bootloader/course/Firmware/GD32F4xx_usb_library/device/class/msc/Source/usbd_msc_scsi.c","VERBATIM","062e1df310c0feed9372585e09d4a317f65b8e0e03bd70c14aa7418a99c5effd","062e1df310c0feed9372585e09d4a317f65b8e0e03bd70c14aa7418a99c5effd","MATCH",""
"day01/Code/02_GD32F407_Bootloader/Firmware/GD32F4xx_usb_library/device/class/printer/Include/printer_core.h","projects/02-boot-app-split/bootloader/course/Firmware/GD32F4xx_usb_library/device/class/printer/Include/printer_core.h","VERBATIM","4231dae7349cc3643150ec1e90a5cefb4adf23adc0314e82ef001bdfcd7d7e8c","4231dae7349cc3643150ec1e90a5cefb4adf23adc0314e82ef001bdfcd7d7e8c","MATCH",""
"day01/Code/02_GD32F407_Bootloader/Firmware/GD32F4xx_usb_library/device/class/printer/Source/printer_core.c","projects/02-boot-app-split/bootloader/course/Firmware/GD32F4xx_usb_library/device/class/printer/Source/printer_core.c","VERBATIM","93eb77ff7a45da1424244e1ffa25755a259e43b815d00b14c319bec17a079831","93eb77ff7a45da1424244e1ffa25755a259e43b815d00b14c319bec17a079831","MATCH",""
"day01/Code/02_GD32F407_Bootloader/Firmware/GD32F4xx_usb_library/device/core/Include/usbd_core.h","projects/02-boot-app-split/bootloader/course/Firmware/GD32F4xx_usb_library/device/core/Include/usbd_core.h","VERBATIM","a205d78d7c4299519538d5057744916bcb5459ec963bfbd6aa42101197b15041","a205d78d7c4299519538d5057744916bcb5459ec963bfbd6aa42101197b15041","MATCH",""
"day01/Code/02_GD32F407_Bootloader/Firmware/GD32F4xx_usb_library/device/core/Include/usbd_enum.h","projects/02-boot-app-split/bootloader/course/Firmware/GD32F4xx_usb_library/device/core/Include/usbd_enum.h","VERBATIM","9de97ed85ba71120379bf876faf752fa7900784d1614c18d1e9ecea6c7e2c897","9de97ed85ba71120379bf876faf752fa7900784d1614c18d1e9ecea6c7e2c897","MATCH",""
"day01/Code/02_GD32F407_Bootloader/Firmware/GD32F4xx_usb_library/device/core/Include/usbd_transc.h","projects/02-boot-app-split/bootloader/course/Firmware/GD32F4xx_usb_library/device/core/Include/usbd_transc.h","VERBATIM","7598a18b6aa5696b7d15c3f8da6f0f04c37bca44d48c86fd5a7bd92850a17681","7598a18b6aa5696b7d15c3f8da6f0f04c37bca44d48c86fd5a7bd92850a17681","MATCH",""
"day01/Code/02_GD32F407_Bootloader/Firmware/GD32F4xx_usb_library/device/core/Source/usbd_core.c","projects/02-boot-app-split/bootloader/course/Firmware/GD32F4xx_usb_library/device/core/Source/usbd_core.c","VERBATIM","74a04240e3912ef2d959396250678ff65e41a6d65e4c92cddb7babebc646a12f","74a04240e3912ef2d959396250678ff65e41a6d65e4c92cddb7babebc646a12f","MATCH",""
"day01/Code/02_GD32F407_Bootloader/Firmware/GD32F4xx_usb_library/device/core/Source/usbd_enum.c","projects/02-boot-app-split/bootloader/course/Firmware/GD32F4xx_usb_library/device/core/Source/usbd_enum.c","VERBATIM","07c9d4af518d9659d3696a574638d2238413c849345915f347b1ce91c02a81ee","07c9d4af518d9659d3696a574638d2238413c849345915f347b1ce91c02a81ee","MATCH",""
"day01/Code/02_GD32F407_Bootloader/Firmware/GD32F4xx_usb_library/device/core/Source/usbd_transc.c","projects/02-boot-app-split/bootloader/course/Firmware/GD32F4xx_usb_library/device/core/Source/usbd_transc.c","VERBATIM","ce5e569f4cbb0918250c03000276fd987e116e69f489eec7b049b790a5a87f37","ce5e569f4cbb0918250c03000276fd987e116e69f489eec7b049b790a5a87f37","MATCH",""
"day01/Code/02_GD32F407_Bootloader/Firmware/GD32F4xx_usb_library/driver/Include/drv_usb_core.h","projects/02-boot-app-split/bootloader/course/Firmware/GD32F4xx_usb_library/driver/Include/drv_usb_core.h","VERBATIM","d7957d291f199b35772ce89782b17558bcc73b935f66f80c5b7fbe16ddba5875","d7957d291f199b35772ce89782b17558bcc73b935f66f80c5b7fbe16ddba5875","MATCH",""
"day01/Code/02_GD32F407_Bootloader/Firmware/GD32F4xx_usb_library/driver/Include/drv_usb_dev.h","projects/02-boot-app-split/bootloader/course/Firmware/GD32F4xx_usb_library/driver/Include/drv_usb_dev.h","VERBATIM","caf5d56ebafdba9fc9f167418a1616e4291b112edbf47a8654bd9a98f8c17b9a","caf5d56ebafdba9fc9f167418a1616e4291b112edbf47a8654bd9a98f8c17b9a","MATCH",""
"day01/Code/02_GD32F407_Bootloader/Firmware/GD32F4xx_usb_library/driver/Include/drv_usb_host.h","projects/02-boot-app-split/bootloader/course/Firmware/GD32F4xx_usb_library/driver/Include/drv_usb_host.h","VERBATIM","fb4056a260f60fda977ab1139ebfcf00e53b5c3e697fdda573b902a413bfff14","fb4056a260f60fda977ab1139ebfcf00e53b5c3e697fdda573b902a413bfff14","MATCH",""
"day01/Code/02_GD32F407_Bootloader/Firmware/GD32F4xx_usb_library/driver/Include/drv_usb_hw.h","projects/02-boot-app-split/bootloader/course/Firmware/GD32F4xx_usb_library/driver/Include/drv_usb_hw.h","VERBATIM","81dbb2d76cd496106998eaa694da78184988c9618e06cfe573e5d6b5fa1c1f20","81dbb2d76cd496106998eaa694da78184988c9618e06cfe573e5d6b5fa1c1f20","MATCH",""
"day01/Code/02_GD32F407_Bootloader/Firmware/GD32F4xx_usb_library/driver/Include/drv_usb_regs.h","projects/02-boot-app-split/bootloader/course/Firmware/GD32F4xx_usb_library/driver/Include/drv_usb_regs.h","VERBATIM","048a97f0ff66f557ee6a5e829f8aa0336d69e13e63151cf4d64092d0ff9606ba","048a97f0ff66f557ee6a5e829f8aa0336d69e13e63151cf4d64092d0ff9606ba","MATCH",""
"day01/Code/02_GD32F407_Bootloader/Firmware/GD32F4xx_usb_library/driver/Include/drv_usbd_int.h","projects/02-boot-app-split/bootloader/course/Firmware/GD32F4xx_usb_library/driver/Include/drv_usbd_int.h","VERBATIM","3b71749a04450bbec4838039bc3c6482ee1d7ecb509b97da5151f362f918a8f4","3b71749a04450bbec4838039bc3c6482ee1d7ecb509b97da5151f362f918a8f4","MATCH",""
"day01/Code/02_GD32F407_Bootloader/Firmware/GD32F4xx_usb_library/driver/Include/drv_usbh_int.h","projects/02-boot-app-split/bootloader/course/Firmware/GD32F4xx_usb_library/driver/Include/drv_usbh_int.h","VERBATIM","5268ee8f0accee9c9e848ae421f3f1b83b8efa72b8854f08a5756c16c3873997","5268ee8f0accee9c9e848ae421f3f1b83b8efa72b8854f08a5756c16c3873997","MATCH",""
"day01/Code/02_GD32F407_Bootloader/Firmware/GD32F4xx_usb_library/driver/Source/drv_usb_core.c","projects/02-boot-app-split/bootloader/course/Firmware/GD32F4xx_usb_library/driver/Source/drv_usb_core.c","VERBATIM","b90492a8404bcbdcbba9d31d38ad75d2d85b6014ccacf6eea77b23f69cf5f623","b90492a8404bcbdcbba9d31d38ad75d2d85b6014ccacf6eea77b23f69cf5f623","MATCH",""
"day01/Code/02_GD32F407_Bootloader/Firmware/GD32F4xx_usb_library/driver/Source/drv_usb_dev.c","projects/02-boot-app-split/bootloader/course/Firmware/GD32F4xx_usb_library/driver/Source/drv_usb_dev.c","VERBATIM","93ca6cd491c5e0fea197d5ac7f10ba23e6973543da7aeed38bfc1ae3a0dc474b","93ca6cd491c5e0fea197d5ac7f10ba23e6973543da7aeed38bfc1ae3a0dc474b","MATCH",""
"day01/Code/02_GD32F407_Bootloader/Firmware/GD32F4xx_usb_library/driver/Source/drv_usb_host.c","projects/02-boot-app-split/bootloader/course/Firmware/GD32F4xx_usb_library/driver/Source/drv_usb_host.c","VERBATIM","d9f6de1a16c13351c6947a1d8c735a2fa2ef6495159ef75e8c84a903003853ea","d9f6de1a16c13351c6947a1d8c735a2fa2ef6495159ef75e8c84a903003853ea","MATCH",""
"day01/Code/02_GD32F407_Bootloader/Firmware/GD32F4xx_usb_library/driver/Source/drv_usbd_int.c","projects/02-boot-app-split/bootloader/course/Firmware/GD32F4xx_usb_library/driver/Source/drv_usbd_int.c","VERBATIM","6d629c1b2ee8a05bd9c1b8e20f2664410afc9608e9489ccac5be881d10d0a715","6d629c1b2ee8a05bd9c1b8e20f2664410afc9608e9489ccac5be881d10d0a715","MATCH",""
"day01/Code/02_GD32F407_Bootloader/Firmware/GD32F4xx_usb_library/driver/Source/drv_usbh_int.c","projects/02-boot-app-split/bootloader/course/Firmware/GD32F4xx_usb_library/driver/Source/drv_usbh_int.c","VERBATIM","4d390034615df35fb792026bd76844c922f387580e291039f1bc5f6b6c982486","4d390034615df35fb792026bd76844c922f387580e291039f1bc5f6b6c982486","MATCH",""
"day01/Code/02_GD32F407_Bootloader/Firmware/GD32F4xx_usb_library/host/class/hid/Include/usbh_hid_core.h","projects/02-boot-app-split/bootloader/course/Firmware/GD32F4xx_usb_library/host/class/hid/Include/usbh_hid_core.h","VERBATIM","0dec84719141c68389ec4f957111fb6dc21a5be55159a808a9d4d20759e447aa","0dec84719141c68389ec4f957111fb6dc21a5be55159a808a9d4d20759e447aa","MATCH",""
"day01/Code/02_GD32F407_Bootloader/Firmware/GD32F4xx_usb_library/host/class/hid/Include/usbh_standard_hid.h","projects/02-boot-app-split/bootloader/course/Firmware/GD32F4xx_usb_library/host/class/hid/Include/usbh_standard_hid.h","VERBATIM","9dff3d162d5690f986145fc6a50e8be49ee6ea57b0df5de92708173ece1231a8","9dff3d162d5690f986145fc6a50e8be49ee6ea57b0df5de92708173ece1231a8","MATCH",""
"day01/Code/02_GD32F407_Bootloader/Firmware/GD32F4xx_usb_library/host/class/hid/Source/usbh_hid_core.c","projects/02-boot-app-split/bootloader/course/Firmware/GD32F4xx_usb_library/host/class/hid/Source/usbh_hid_core.c","VERBATIM","2cdafdf63ebb98a454a09acc070b9c2e925c7eec29af318f1a8ce5f913c5d200","2cdafdf63ebb98a454a09acc070b9c2e925c7eec29af318f1a8ce5f913c5d200","MATCH",""
"day01/Code/02_GD32F407_Bootloader/Firmware/GD32F4xx_usb_library/host/class/hid/Source/usbh_standard_hid.c","projects/02-boot-app-split/bootloader/course/Firmware/GD32F4xx_usb_library/host/class/hid/Source/usbh_standard_hid.c","VERBATIM","324f535d3213364159ef30d0ab69cb69472d94ee6a25f07d1c624d1b4bb315c3","324f535d3213364159ef30d0ab69cb69472d94ee6a25f07d1c624d1b4bb315c3","MATCH",""
"day01/Code/02_GD32F407_Bootloader/Firmware/GD32F4xx_usb_library/host/class/msc/Include/usbh_msc_bbb.h","projects/02-boot-app-split/bootloader/course/Firmware/GD32F4xx_usb_library/host/class/msc/Include/usbh_msc_bbb.h","VERBATIM","fe164e019db850549fa0edb8a4b2f0c38ff1c7540a834b935c91268d0e275ff8","fe164e019db850549fa0edb8a4b2f0c38ff1c7540a834b935c91268d0e275ff8","MATCH",""
"day01/Code/02_GD32F407_Bootloader/Firmware/GD32F4xx_usb_library/host/class/msc/Include/usbh_msc_core.h","projects/02-boot-app-split/bootloader/course/Firmware/GD32F4xx_usb_library/host/class/msc/Include/usbh_msc_core.h","VERBATIM","34b4b4aed85f332b815096ee4c39fba67c77fef1f9eb79fc470603568cbe2dc9","34b4b4aed85f332b815096ee4c39fba67c77fef1f9eb79fc470603568cbe2dc9","MATCH",""
"day01/Code/02_GD32F407_Bootloader/Firmware/GD32F4xx_usb_library/host/class/msc/Include/usbh_msc_scsi.h","projects/02-boot-app-split/bootloader/course/Firmware/GD32F4xx_usb_library/host/class/msc/Include/usbh_msc_scsi.h","VERBATIM","e6e8ca26d9a2abffe14a21af356cb07c4058d9052dfd22b46205ec11884a867a","e6e8ca26d9a2abffe14a21af356cb07c4058d9052dfd22b46205ec11884a867a","MATCH",""
"day01/Code/02_GD32F407_Bootloader/Firmware/GD32F4xx_usb_library/host/class/msc/Source/usbh_msc_bbb.c","projects/02-boot-app-split/bootloader/course/Firmware/GD32F4xx_usb_library/host/class/msc/Source/usbh_msc_bbb.c","VERBATIM","2a82ad623d78ccc1802d851ab7fb124d6abb5dbea980aa8c6517e26ff906e049","2a82ad623d78ccc1802d851ab7fb124d6abb5dbea980aa8c6517e26ff906e049","MATCH",""
"day01/Code/02_GD32F407_Bootloader/Firmware/GD32F4xx_usb_library/host/class/msc/Source/usbh_msc_core.c","projects/02-boot-app-split/bootloader/course/Firmware/GD32F4xx_usb_library/host/class/msc/Source/usbh_msc_core.c","VERBATIM","5df338c15161e6c7a6424179245e0e373973b22e81dea91111ad5613ae0c8690","5df338c15161e6c7a6424179245e0e373973b22e81dea91111ad5613ae0c8690","MATCH",""
"day01/Code/02_GD32F407_Bootloader/Firmware/GD32F4xx_usb_library/host/class/msc/Source/usbh_msc_fatfs.c","projects/02-boot-app-split/bootloader/course/Firmware/GD32F4xx_usb_library/host/class/msc/Source/usbh_msc_fatfs.c","VERBATIM","8fd0c5b44f9ac0e35427803f9761e40a5297caa2acc078cb9fde3c25ba4036b1","8fd0c5b44f9ac0e35427803f9761e40a5297caa2acc078cb9fde3c25ba4036b1","MATCH",""
"day01/Code/02_GD32F407_Bootloader/Firmware/GD32F4xx_usb_library/host/class/msc/Source/usbh_msc_scsi.c","projects/02-boot-app-split/bootloader/course/Firmware/GD32F4xx_usb_library/host/class/msc/Source/usbh_msc_scsi.c","VERBATIM","45e6ad746800250c90834ac684d207da486f3f0fda8503284def2c537f952a85","45e6ad746800250c90834ac684d207da486f3f0fda8503284def2c537f952a85","MATCH",""
"day01/Code/02_GD32F407_Bootloader/Firmware/GD32F4xx_usb_library/host/core/Include/usbh_core.h","projects/02-boot-app-split/bootloader/course/Firmware/GD32F4xx_usb_library/host/core/Include/usbh_core.h","VERBATIM","8919b0da3bc89862ac89da53bd34cc4f8af2f7ecebf23493d3bc0980570ec67d","8919b0da3bc89862ac89da53bd34cc4f8af2f7ecebf23493d3bc0980570ec67d","MATCH",""
"day01/Code/02_GD32F407_Bootloader/Firmware/GD32F4xx_usb_library/host/core/Include/usbh_enum.h","projects/02-boot-app-split/bootloader/course/Firmware/GD32F4xx_usb_library/host/core/Include/usbh_enum.h","VERBATIM","a08d6a471be77a6bfdf916e166e4a95b49358f209e0708080e4a441d7d454897","a08d6a471be77a6bfdf916e166e4a95b49358f209e0708080e4a441d7d454897","MATCH",""
"day01/Code/02_GD32F407_Bootloader/Firmware/GD32F4xx_usb_library/host/core/Include/usbh_pipe.h","projects/02-boot-app-split/bootloader/course/Firmware/GD32F4xx_usb_library/host/core/Include/usbh_pipe.h","VERBATIM","d1aa31749db419f147e34bf1608f3c79d8846fc9067b138ce90dcc6d68a724b2","d1aa31749db419f147e34bf1608f3c79d8846fc9067b138ce90dcc6d68a724b2","MATCH",""
"day01/Code/02_GD32F407_Bootloader/Firmware/GD32F4xx_usb_library/host/core/Include/usbh_transc.h","projects/02-boot-app-split/bootloader/course/Firmware/GD32F4xx_usb_library/host/core/Include/usbh_transc.h","VERBATIM","b0a9300c836592e16782062a0d898645adc64efd21ad96f46b8ef6ebd876499c","b0a9300c836592e16782062a0d898645adc64efd21ad96f46b8ef6ebd876499c","MATCH",""
"day01/Code/02_GD32F407_Bootloader/Firmware/GD32F4xx_usb_library/host/core/Source/usbh_core.c","projects/02-boot-app-split/bootloader/course/Firmware/GD32F4xx_usb_library/host/core/Source/usbh_core.c","VERBATIM","2e61c1493a0f04d944a9b1e01924a57908552c5c5920f357df984f098988df08","2e61c1493a0f04d944a9b1e01924a57908552c5c5920f357df984f098988df08","MATCH",""
"day01/Code/02_GD32F407_Bootloader/Firmware/GD32F4xx_usb_library/host/core/Source/usbh_enum.c","projects/02-boot-app-split/bootloader/course/Firmware/GD32F4xx_usb_library/host/core/Source/usbh_enum.c","VERBATIM","273217f6826c6d57a1d210d2a58974ae97a27e15951b98be25bbccdea8133871","273217f6826c6d57a1d210d2a58974ae97a27e15951b98be25bbccdea8133871","MATCH",""
"day01/Code/02_GD32F407_Bootloader/Firmware/GD32F4xx_usb_library/host/core/Source/usbh_pipe.c","projects/02-boot-app-split/bootloader/course/Firmware/GD32F4xx_usb_library/host/core/Source/usbh_pipe.c","VERBATIM","e8a4253e2a4224333c4343ee0ffd5f280c9875ef57702f44c1973cbd42edd2e0","e8a4253e2a4224333c4343ee0ffd5f280c9875ef57702f44c1973cbd42edd2e0","MATCH",""
"day01/Code/02_GD32F407_Bootloader/Firmware/GD32F4xx_usb_library/host/core/Source/usbh_transc.c","projects/02-boot-app-split/bootloader/course/Firmware/GD32F4xx_usb_library/host/core/Source/usbh_transc.c","VERBATIM","cf1ae1fcf884275e82634538e997d8d24c31fbe959140909f5bb4e34bca0bbef","cf1ae1fcf884275e82634538e997d8d24c31fbe959140909f5bb4e34bca0bbef","MATCH",""
"day01/Code/02_GD32F407_Bootloader/Firmware/GD32F4xx_usb_library/ustd/class/cdc/usb_cdc.h","projects/02-boot-app-split/bootloader/course/Firmware/GD32F4xx_usb_library/ustd/class/cdc/usb_cdc.h","VERBATIM","fcd43c4f51573d30f01573e2d2856e0be969c8ffd02d415aadfb69a595decf4e","fcd43c4f51573d30f01573e2d2856e0be969c8ffd02d415aadfb69a595decf4e","MATCH",""
"day01/Code/02_GD32F407_Bootloader/Firmware/GD32F4xx_usb_library/ustd/class/hid/usb_hid.h","projects/02-boot-app-split/bootloader/course/Firmware/GD32F4xx_usb_library/ustd/class/hid/usb_hid.h","VERBATIM","f3c6a02d4fc46f9512465b6eb2951c8cddb956af73422aab9d2a1bafc69f2e7b","f3c6a02d4fc46f9512465b6eb2951c8cddb956af73422aab9d2a1bafc69f2e7b","MATCH",""
"day01/Code/02_GD32F407_Bootloader/Firmware/GD32F4xx_usb_library/ustd/class/msc/msc_bbb.h","projects/02-boot-app-split/bootloader/course/Firmware/GD32F4xx_usb_library/ustd/class/msc/msc_bbb.h","VERBATIM","b884b8f8f7cfaf22512ede7ae709b5f3591e126d2919aecf4e2b4d7efea1f5d6","b884b8f8f7cfaf22512ede7ae709b5f3591e126d2919aecf4e2b4d7efea1f5d6","MATCH",""
"day01/Code/02_GD32F407_Bootloader/Firmware/GD32F4xx_usb_library/ustd/class/msc/msc_scsi.h","projects/02-boot-app-split/bootloader/course/Firmware/GD32F4xx_usb_library/ustd/class/msc/msc_scsi.h","VERBATIM","8842cf305e996369687fa89568c9aee3d46f745e1aef6eb58b1a3f519f863631","8842cf305e996369687fa89568c9aee3d46f745e1aef6eb58b1a3f519f863631","MATCH",""
"day01/Code/02_GD32F407_Bootloader/Firmware/GD32F4xx_usb_library/ustd/class/msc/usb_msc.h","projects/02-boot-app-split/bootloader/course/Firmware/GD32F4xx_usb_library/ustd/class/msc/usb_msc.h","VERBATIM","e3c2a096085131687f121de426ef9154f23ccc26e877129243a648fb8c90b216","e3c2a096085131687f121de426ef9154f23ccc26e877129243a648fb8c90b216","MATCH",""
"day01/Code/02_GD32F407_Bootloader/Firmware/GD32F4xx_usb_library/ustd/common/usb_ch9_std.h","projects/02-boot-app-split/bootloader/course/Firmware/GD32F4xx_usb_library/ustd/common/usb_ch9_std.h","VERBATIM","b5249865f377709e456f76ca76ca5499ace39bad6a452832dbe535f1989c6d22","b5249865f377709e456f76ca76ca5499ace39bad6a452832dbe535f1989c6d22","MATCH",""
"day01/Code/02_GD32F407_Bootloader/Hardware/bsp_battery_leds.c","projects/02-boot-app-split/bootloader/course/Hardware/bsp_battery_leds.c","VERBATIM","3355ee67df90741c1311332c6cfb0053385a7ffd03c3de8ea06fcbd57563a61d","3355ee67df90741c1311332c6cfb0053385a7ffd03c3de8ea06fcbd57563a61d","MATCH",""
"day01/Code/02_GD32F407_Bootloader/Hardware/bsp_battery_leds.h","projects/02-boot-app-split/bootloader/course/Hardware/bsp_battery_leds.h","VERBATIM","f7585067c016c3b5077e05028c10af52a247a608de67c34047073418c430d4bf","f7585067c016c3b5077e05028c10af52a247a608de67c34047073418c430d4bf","MATCH",""
"day01/Code/02_GD32F407_Bootloader/Hardware/bsp_buzzer.c","projects/02-boot-app-split/bootloader/course/Hardware/bsp_buzzer.c","VERBATIM","2585fd1908edf73c203dbbcf159b75f73d605cdf35ee33bbeaa33dd42d6a341f","2585fd1908edf73c203dbbcf159b75f73d605cdf35ee33bbeaa33dd42d6a341f","MATCH",""
"day01/Code/02_GD32F407_Bootloader/Hardware/bsp_buzzer.h","projects/02-boot-app-split/bootloader/course/Hardware/bsp_buzzer.h","VERBATIM","6f5fdca736b26835cda0c10dd1f5a020894e48716151d63e5ab8b6911b9c8831","6f5fdca736b26835cda0c10dd1f5a020894e48716151d63e5ab8b6911b9c8831","MATCH",""
"day01/Code/02_GD32F407_Bootloader/Hardware/bsp_keys.c","projects/02-boot-app-split/bootloader/course/Hardware/bsp_keys.c","VERBATIM","06352592ceeb62d72bce1d2b408e7031a34e1a76010681e3d5e8d53a471cc1f4","06352592ceeb62d72bce1d2b408e7031a34e1a76010681e3d5e8d53a471cc1f4","MATCH",""
"day01/Code/02_GD32F407_Bootloader/Hardware/bsp_keys.h","projects/02-boot-app-split/bootloader/course/Hardware/bsp_keys.h","VERBATIM","0ef66b8ce08877d228b8b505af37aa727b0d6a383bbc78619de51579c5b984d7","0ef66b8ce08877d228b8b505af37aa727b0d6a383bbc78619de51579c5b984d7","MATCH",""
"day01/Code/02_GD32F407_Bootloader/Hardware/bsp_pca9685.c","projects/02-boot-app-split/bootloader/course/Hardware/bsp_pca9685.c","VERBATIM","8ad0523c80a951f1b6825ad0800f550876f4e8a47954aef21a89d538042ddf85","8ad0523c80a951f1b6825ad0800f550876f4e8a47954aef21a89d538042ddf85","MATCH",""
"day01/Code/02_GD32F407_Bootloader/Hardware/bsp_pca9685.h","projects/02-boot-app-split/bootloader/course/Hardware/bsp_pca9685.h","VERBATIM","ea3f4d3874828b2dfe2932791ee00899154a3a182e99993ccbd9b9029deaa92e","ea3f4d3874828b2dfe2932791ee00899154a3a182e99993ccbd9b9029deaa92e","MATCH",""
"day01/Code/02_GD32F407_Bootloader/Hardware/bsp_servo.c","projects/02-boot-app-split/bootloader/course/Hardware/bsp_servo.c","VERBATIM","a5179bee263075e44786e8e52cd5d6c0c3ec659e98906b560f691573ddc579a1","a5179bee263075e44786e8e52cd5d6c0c3ec659e98906b560f691573ddc579a1","MATCH",""
"day01/Code/02_GD32F407_Bootloader/Hardware/bsp_servo.h","projects/02-boot-app-split/bootloader/course/Hardware/bsp_servo.h","VERBATIM","53bdaa6180cf37aa9adc025902600fac610b25477d81f8702bd614b98f305184","53bdaa6180cf37aa9adc025902600fac610b25477d81f8702bd614b98f305184","MATCH",""
"day01/Code/02_GD32F407_Bootloader/Hardware/bsp_w25qxx.c","projects/02-boot-app-split/bootloader/course/Hardware/bsp_w25qxx.c","VERBATIM","a0ea74791e8ca1f55121f1b62463cba6faf593722e91a5118470a9b75cc4332d","a0ea74791e8ca1f55121f1b62463cba6faf593722e91a5118470a9b75cc4332d","MATCH",""
"day01/Code/02_GD32F407_Bootloader/Hardware/bsp_w25qxx.h","projects/02-boot-app-split/bootloader/course/Hardware/bsp_w25qxx.h","VERBATIM","d8058d7878d27b6fc8e840fcc7aa677bda0f4b1d9f449fafc080af4767a5208f","d8058d7878d27b6fc8e840fcc7aa677bda0f4b1d9f449fafc080af4767a5208f","MATCH",""
"day01/Code/02_GD32F407_Bootloader/Hardware/i2c_oled/bmp.h","projects/02-boot-app-split/bootloader/course/Hardware/i2c_oled/bmp.h","VERBATIM","49a086e5ab31da021f77579e99b5a71059ee57533aa0c1faf4e23a9d0fbf1cc4","49a086e5ab31da021f77579e99b5a71059ee57533aa0c1faf4e23a9d0fbf1cc4","MATCH",""
"day01/Code/02_GD32F407_Bootloader/Hardware/i2c_oled/oled.c","projects/02-boot-app-split/bootloader/course/Hardware/i2c_oled/oled.c","VERBATIM","aeb2a7c9c8770cfc57d64227f530db96731b9aee462aed234c168213f054e1c8","aeb2a7c9c8770cfc57d64227f530db96731b9aee462aed234c168213f054e1c8","MATCH",""
"day01/Code/02_GD32F407_Bootloader/Hardware/i2c_oled/oled.h","projects/02-boot-app-split/bootloader/course/Hardware/i2c_oled/oled.h","VERBATIM","b98a1d8ff85e6b97cd53049929e92d76e220c986d189a6b1c3cda901b5dfe521","b98a1d8ff85e6b97cd53049929e92d76e220c986d189a6b1c3cda901b5dfe521","MATCH",""
"day01/Code/02_GD32F407_Bootloader/Hardware/i2c_oled/oledfont.h","projects/02-boot-app-split/bootloader/course/Hardware/i2c_oled/oledfont.h","VERBATIM","9bfd741a3dfc91f1d3309b67ac59ac4a9d367a1d7a616bcb444ccc8d09d29f4d","9bfd741a3dfc91f1d3309b67ac59ac4a9d367a1d7a616bcb444ccc8d09d29f4d","MATCH",""
"day01/Code/02_GD32F407_Bootloader/Hardware/PCF8563.c","projects/02-boot-app-split/bootloader/course/Hardware/PCF8563.c","VERBATIM","175399ba450f8e636bb2fa95e138e6b9a3bddc84ff2f9d12cca17c0827488e9d","175399ba450f8e636bb2fa95e138e6b9a3bddc84ff2f9d12cca17c0827488e9d","MATCH",""
"day01/Code/02_GD32F407_Bootloader/Hardware/PCF8563.h","projects/02-boot-app-split/bootloader/course/Hardware/PCF8563.h","VERBATIM","18cedb9ffa72107f8618f14884e3466570cbf6e72b04ad720e18ab8da0583a3a","18cedb9ffa72107f8618f14884e3466570cbf6e72b04ad720e18ab8da0583a3a","MATCH",""
"day01/Code/02_GD32F407_Bootloader/Hardware/spi_oled/bmp.h","projects/02-boot-app-split/bootloader/course/Hardware/spi_oled/bmp.h","VERBATIM","b118e7d338a0517ba350906c3fb4433803937da878bb55588561b1de2e104f3d","b118e7d338a0517ba350906c3fb4433803937da878bb55588561b1de2e104f3d","MATCH",""
"day01/Code/02_GD32F407_Bootloader/Hardware/spi_oled/oled.c","projects/02-boot-app-split/bootloader/course/Hardware/spi_oled/oled.c","VERBATIM","f81d723978f1c969ee1c964d50af0e4c61ec3775ac70a1433509619f8ea0092d","f81d723978f1c969ee1c964d50af0e4c61ec3775ac70a1433509619f8ea0092d","MATCH",""
"day01/Code/02_GD32F407_Bootloader/Hardware/spi_oled/oled.h","projects/02-boot-app-split/bootloader/course/Hardware/spi_oled/oled.h","VERBATIM","d6644e05ccba3dbd2cec6ed02651892cfd5485bc0febdf20fd068c5ac2d1e962","d6644e05ccba3dbd2cec6ed02651892cfd5485bc0febdf20fd068c5ac2d1e962","MATCH",""
"day01/Code/02_GD32F407_Bootloader/Library/EXTI_config.h","projects/02-boot-app-split/bootloader/course/Library/EXTI_config.h","VERBATIM","0e1d8994d361a55d9837f7251d9fbe43d6c26f110b82382ff86941480f30a85b","0e1d8994d361a55d9837f7251d9fbe43d6c26f110b82382ff86941480f30a85b","MATCH",""
"day01/Code/02_GD32F407_Bootloader/Library/EXTI.c","projects/02-boot-app-split/bootloader/course/Library/EXTI.c","VERBATIM","f31ad6b5038d43f75066a667d0c1905ced684533c26c8dbd32d8bff6f822e28c","f31ad6b5038d43f75066a667d0c1905ced684533c26c8dbd32d8bff6f822e28c","MATCH",""
"day01/Code/02_GD32F407_Bootloader/Library/EXTI.h","projects/02-boot-app-split/bootloader/course/Library/EXTI.h","VERBATIM","836bc18a5497f7024b8a58223e66391071ebef1051bc8dddc9cf9a4537d430fb","836bc18a5497f7024b8a58223e66391071ebef1051bc8dddc9cf9a4537d430fb","MATCH",""
"day01/Code/02_GD32F407_Bootloader/Library/I2C/I2C_config.h","projects/02-boot-app-split/bootloader/course/Library/I2C/I2C_config.h","VERBATIM","c78e6ef8b19040f77c089e6c5da8a95e9ae1e5a890cecfd30731e8d831ef0fca","c78e6ef8b19040f77c089e6c5da8a95e9ae1e5a890cecfd30731e8d831ef0fca","MATCH",""
"day01/Code/02_GD32F407_Bootloader/Library/I2C/I2C.c","projects/02-boot-app-split/bootloader/course/Library/I2C/I2C.c","VERBATIM","e17605acea90ba6709874fba8efbacb31f105f013b10779679c71da5d3c988c2","e17605acea90ba6709874fba8efbacb31f105f013b10779679c71da5d3c988c2","MATCH",""
"day01/Code/02_GD32F407_Bootloader/Library/I2C/I2C.h","projects/02-boot-app-split/bootloader/course/Library/I2C/I2C.h","VERBATIM","b3c4ab98d7a9c01fe9fcefd7c8d7fdf3d97964b8efaa14cb057ebb2466ed5008","b3c4ab98d7a9c01fe9fcefd7c8d7fdf3d97964b8efaa14cb057ebb2466ed5008","MATCH",""
"day01/Code/02_GD32F407_Bootloader/Library/I2C/I2C0.c","projects/02-boot-app-split/bootloader/course/Library/I2C/I2C0.c","VERBATIM","09d1eb340eff2166230fc1727269ad8bdfdd9d69801ee72516fafd5a4ac09f4b","09d1eb340eff2166230fc1727269ad8bdfdd9d69801ee72516fafd5a4ac09f4b","MATCH",""
"day01/Code/02_GD32F407_Bootloader/Library/I2C/I2C0.h","projects/02-boot-app-split/bootloader/course/Library/I2C/I2C0.h","VERBATIM","5381921337295aaa5f855220ff496d62baca4002cd4bdc8a8cd389901b73b567","5381921337295aaa5f855220ff496d62baca4002cd4bdc8a8cd389901b73b567","MATCH",""
"day01/Code/02_GD32F407_Bootloader/Library/SPI/SPI_config.h","projects/02-boot-app-split/bootloader/course/Library/SPI/SPI_config.h","VERBATIM","6b4f4ed9a65f23ecc97f5b76e34de2340443cd32839f39c58dea84118106d8c4","6b4f4ed9a65f23ecc97f5b76e34de2340443cd32839f39c58dea84118106d8c4","MATCH",""
"day01/Code/02_GD32F407_Bootloader/Library/SPI/SPI.c","projects/02-boot-app-split/bootloader/course/Library/SPI/SPI.c","VERBATIM","d38d366d8c40053915116a8bc6fc4c4667341dfc87efdba5a68cc852a0d9b504","d38d366d8c40053915116a8bc6fc4c4667341dfc87efdba5a68cc852a0d9b504","MATCH",""
"day01/Code/02_GD32F407_Bootloader/Library/SPI/SPI.h","projects/02-boot-app-split/bootloader/course/Library/SPI/SPI.h","VERBATIM","228827808cd9e5fa9d40c5158c82258adb18cb347fbc9cc6ce45d4e7c15f5198","228827808cd9e5fa9d40c5158c82258adb18cb347fbc9cc6ce45d4e7c15f5198","MATCH",""
"day01/Code/02_GD32F407_Bootloader/Library/SPI/SPI0.c","projects/02-boot-app-split/bootloader/course/Library/SPI/SPI0.c","VERBATIM","6df75c41548208431df0eb0a3841c7c908ca0a62f863f941239d99af51c4d239","6df75c41548208431df0eb0a3841c7c908ca0a62f863f941239d99af51c4d239","MATCH",""
"day01/Code/02_GD32F407_Bootloader/Library/SPI/SPI0.h","projects/02-boot-app-split/bootloader/course/Library/SPI/SPI0.h","VERBATIM","6ac40fd0140c927fcec89fb8e544f668e9fef2565b3c59c80b7c178db0a0e5e5","6ac40fd0140c927fcec89fb8e544f668e9fef2565b3c59c80b7c178db0a0e5e5","MATCH",""
"day01/Code/02_GD32F407_Bootloader/Library/TIMER_config.h","projects/02-boot-app-split/bootloader/course/Library/TIMER_config.h","VERBATIM","fd153a4b76c23071b2c8f861a8ce001764d262c45cfea8dc65a447e42b716210","fd153a4b76c23071b2c8f861a8ce001764d262c45cfea8dc65a447e42b716210","MATCH",""
"day01/Code/02_GD32F407_Bootloader/Library/TIMER.c","projects/02-boot-app-split/bootloader/course/Library/TIMER.c","VERBATIM","e32690d22b9982482691676795f7ebf70e27ca01b1cf3ababa165c3e65c91a6a","e32690d22b9982482691676795f7ebf70e27ca01b1cf3ababa165c3e65c91a6a","MATCH",""
"day01/Code/02_GD32F407_Bootloader/Library/TIMER.h","projects/02-boot-app-split/bootloader/course/Library/TIMER.h","VERBATIM","589b5271d5c286801849960b11984b42ab88089f55d2e9393e8469ec6c42664f","589b5271d5c286801849960b11984b42ab88089f55d2e9393e8469ec6c42664f","MATCH",""
"day01/Code/02_GD32F407_Bootloader/Library/USART/USART_config.h","projects/02-boot-app-split/bootloader/course/Library/USART/USART_config.h","VERBATIM","d23bc466fcbf4339f945acfbcd1b5430b8ed3f2650476436e8c063f864ee94cd","d23bc466fcbf4339f945acfbcd1b5430b8ed3f2650476436e8c063f864ee94cd","MATCH",""
"day01/Code/02_GD32F407_Bootloader/Library/USART/USART.c","projects/02-boot-app-split/bootloader/course/Library/USART/USART.c","VERBATIM","2f9bb98e49eb21aa5a9813c1340e2ba5187ab29c7034d9d898827ca3a592a988","2f9bb98e49eb21aa5a9813c1340e2ba5187ab29c7034d9d898827ca3a592a988","MATCH",""
"day01/Code/02_GD32F407_Bootloader/Library/USART/USART.h","projects/02-boot-app-split/bootloader/course/Library/USART/USART.h","VERBATIM","c365a4143b5bca67299c41db548db6e4c7695d704b542c998e35f58bc9322d1a","c365a4143b5bca67299c41db548db6e4c7695d704b542c998e35f58bc9322d1a","MATCH",""
"day01/Code/02_GD32F407_Bootloader/Library/USART/USART0.c","projects/02-boot-app-split/bootloader/course/Library/USART/USART0.c","VERBATIM","9bcd8e7f14e0857d2e669b48e30c86583779a6f93120eaa95eefa908bebbfe8a","9bcd8e7f14e0857d2e669b48e30c86583779a6f93120eaa95eefa908bebbfe8a","MATCH",""
"day01/Code/02_GD32F407_Bootloader/Library/USART/USART0.h","projects/02-boot-app-split/bootloader/course/Library/USART/USART0.h","VERBATIM","cb904d4ca94c2f6a48e31653953617f9a9e6b501523f63305c18592a757edea3","cb904d4ca94c2f6a48e31653953617f9a9e6b501523f63305c18592a757edea3","MATCH",""
"day01/Code/02_GD32F407_Bootloader/Library/USART/USART1.c","projects/02-boot-app-split/bootloader/course/Library/USART/USART1.c","VERBATIM","9a6de68381da651969320719756e612b82da20c772aa3b7c9e6df4871247ee57","9a6de68381da651969320719756e612b82da20c772aa3b7c9e6df4871247ee57","MATCH",""
"day01/Code/02_GD32F407_Bootloader/Library/USART/USART1.h","projects/02-boot-app-split/bootloader/course/Library/USART/USART1.h","VERBATIM","613ec47204418fbbeb443a5c1567065bc07a487c386aec4f6756f84f46807866","613ec47204418fbbeb443a5c1567065bc07a487c386aec4f6756f84f46807866","MATCH",""
"day01/Code/02_GD32F407_Bootloader/Project/GD32F407.uvprojx","projects/02-boot-app-split/bootloader/course/Project/GD32F407.uvprojx","VERBATIM","87311ab6b059bb1233a63ec26ad9d282c5188b9c31416905b1dce4fdef7452fb","87311ab6b059bb1233a63ec26ad9d282c5188b9c31416905b1dce4fdef7452fb","MATCH",""
"day01/Code/02_GD32F407_Bootloader/User/gd32f4xx_it.c","projects/02-boot-app-split/bootloader/course/User/gd32f4xx_it.c","VERBATIM","5be8e65b392a41354e513056974d1869598af02739a7ce6419e611d6aa3979c6","5be8e65b392a41354e513056974d1869598af02739a7ce6419e611d6aa3979c6","MATCH",""
"day01/Code/02_GD32F407_Bootloader/User/gd32f4xx_it.h","projects/02-boot-app-split/bootloader/course/User/gd32f4xx_it.h","VERBATIM","b4995762ae5ceb7125cc9720cea7e2bad8640c23b87ed1856d9b8a380a5fc8c3","b4995762ae5ceb7125cc9720cea7e2bad8640c23b87ed1856d9b8a380a5fc8c3","MATCH",""
"day01/Code/02_GD32F407_Bootloader/User/gd32f4xx_libopt.h","projects/02-boot-app-split/bootloader/course/User/gd32f4xx_libopt.h","VERBATIM","702c6d85987bcdddd363a8412c5806255f6c746065da984eb21896c5ddd6bf09","702c6d85987bcdddd363a8412c5806255f6c746065da984eb21896c5ddd6bf09","MATCH",""
"day01/Code/02_GD32F407_Bootloader/User/main.c","projects/02-boot-app-split/bootloader/course/User/main.c","VERBATIM","70afee6daded9bc3d9aabd8920cf5b0519e7c00678c284931ace645e3ebe87cb","70afee6daded9bc3d9aabd8920cf5b0519e7c00678c284931ace645e3ebe87cb","MATCH",""
"day01/Code/02_GD32F407_Bootloader/User/main.h","projects/02-boot-app-split/bootloader/course/User/main.h","VERBATIM","724b8affcda9984a7b0f94ac7a7bb1005015ac3ca9e2cf59e5bff08b58ceafd1","724b8affcda9984a7b0f94ac7a7bb1005015ac3ca9e2cf59e5bff08b58ceafd1","MATCH",""
"day01/Code/02_GD32F407_Bootloader/User/readme.txt","projects/02-boot-app-split/bootloader/course/User/readme.txt","VERBATIM","a45bd1e14d470b46be2d57c9d35147e41204556cc4bb4e25ea3c7b6b424a0b7c","a45bd1e14d470b46be2d57c9d35147e41204556cc4bb4e25ea3c7b6b424a0b7c","MATCH",""
"day01/Code/02_GD32F407_Bootloader/User/systick.c","projects/02-boot-app-split/bootloader/course/User/systick.c","VERBATIM","e98b8e300e91233bc25d901d97f64ac83d5aa2ad611067bae14b9bc56a0f8d05","e98b8e300e91233bc25d901d97f64ac83d5aa2ad611067bae14b9bc56a0f8d05","MATCH",""
"day01/Code/02_GD32F407_Bootloader/User/systick.h","projects/02-boot-app-split/bootloader/course/User/systick.h","VERBATIM","bdd191cbdb4af1142d4365feac8197b72307be9b7e5cb1e0c6e0963a1c3ecb24","bdd191cbdb4af1142d4365feac8197b72307be9b7e5cb1e0c6e0963a1c3ecb24","MATCH",""
"day01/Code/03_GD32F407_App/Common/flash_drv.c","projects/02-boot-app-split/application/course/Common/flash_drv.c","VERBATIM","d1ef57fcadeec305daed044553063a66503f50df5dc793312e5b356ec10178ac","d1ef57fcadeec305daed044553063a66503f50df5dc793312e5b356ec10178ac","MATCH",""
"day01/Code/03_GD32F407_App/Common/flash_drv.h","projects/02-boot-app-split/application/course/Common/flash_drv.h","VERBATIM","f836e745ed922e0c1850aa8814fbb267218cd496be5cd7acef62b2e4d0144df0","f836e745ed922e0c1850aa8814fbb267218cd496be5cd7acef62b2e4d0144df0","MATCH",""
"day01/Code/03_GD32F407_App/Common/fmc_operation.c","projects/02-boot-app-split/application/course/Common/fmc_operation.c","VERBATIM","996936d0d884172b36d96e9155f713489d099770f22b2f8d4ddbc7c9226c3c33","996936d0d884172b36d96e9155f713489d099770f22b2f8d4ddbc7c9226c3c33","MATCH",""
"day01/Code/03_GD32F407_App/Common/fmc_operation.h","projects/02-boot-app-split/application/course/Common/fmc_operation.h","VERBATIM","3fc83074fa0df26c416ed8f0485d7cc88d8973c837ab24089723a7938f9bd1ce","3fc83074fa0df26c416ed8f0485d7cc88d8973c837ab24089723a7938f9bd1ce","MATCH",""
"day01/Code/03_GD32F407_App/Common/iap_driver.c","projects/02-boot-app-split/application/course/Common/iap_driver.c","VERBATIM","d921abab25c160c0febd584f1623ce4d1770be765383ff0098a6bb5e1efa5b4c","d921abab25c160c0febd584f1623ce4d1770be765383ff0098a6bb5e1efa5b4c","MATCH",""
"day01/Code/03_GD32F407_App/Common/iap_driver.h","projects/02-boot-app-split/application/course/Common/iap_driver.h","VERBATIM","4273f301579da4a08b761839f4653812337d8514feb209e204c40396df39f1ab","4273f301579da4a08b761839f4653812337d8514feb209e204c40396df39f1ab","MATCH",""
"day01/Code/03_GD32F407_App/Firmware/CMSIS/core_cm4_simd.h","projects/02-boot-app-split/application/course/Firmware/CMSIS/core_cm4_simd.h","VERBATIM","0c2a0c2d66c7791b82ca19d10336c96518830ef359f6bfd9da7477bc2cbccbbb","0c2a0c2d66c7791b82ca19d10336c96518830ef359f6bfd9da7477bc2cbccbbb","MATCH",""
"day01/Code/03_GD32F407_App/Firmware/CMSIS/core_cm4.h","projects/02-boot-app-split/application/course/Firmware/CMSIS/core_cm4.h","VERBATIM","4756546e1449d17b1a7dee2f3307f2c92c9f1d669c3f5dfc3ee1dec8aee9a8f7","4756546e1449d17b1a7dee2f3307f2c92c9f1d669c3f5dfc3ee1dec8aee9a8f7","MATCH",""
"day01/Code/03_GD32F407_App/Firmware/CMSIS/core_cmFunc.h","projects/02-boot-app-split/application/course/Firmware/CMSIS/core_cmFunc.h","VERBATIM","5075ff67c8e264b83d9b391c07c6512e26abbc189e321de0d8b4375476980e5e","5075ff67c8e264b83d9b391c07c6512e26abbc189e321de0d8b4375476980e5e","MATCH",""
"day01/Code/03_GD32F407_App/Firmware/CMSIS/core_cmInstr.h","projects/02-boot-app-split/application/course/Firmware/CMSIS/core_cmInstr.h","VERBATIM","c35ddca16ca04646dc70acf2d592ad9eaeaaecd8125a32abb710069648266eb5","c35ddca16ca04646dc70acf2d592ad9eaeaaecd8125a32abb710069648266eb5","MATCH",""
"day01/Code/03_GD32F407_App/Firmware/CMSIS/GD/GD32F4xx/Include/gd32f4xx.h","projects/02-boot-app-split/application/course/Firmware/CMSIS/GD/GD32F4xx/Include/gd32f4xx.h","VERBATIM","96f1f6884c9885d32df760a385ca0b5e8e9b20c066f71b946771a00503623a62","96f1f6884c9885d32df760a385ca0b5e8e9b20c066f71b946771a00503623a62","MATCH",""
"day01/Code/03_GD32F407_App/Firmware/CMSIS/GD/GD32F4xx/Include/system_gd32f4xx.h","projects/02-boot-app-split/application/course/Firmware/CMSIS/GD/GD32F4xx/Include/system_gd32f4xx.h","VERBATIM","98ef2dd6dd7f6d2542c4d5ca83e9869be3630b43300cb9ab453703e4277913bd","98ef2dd6dd7f6d2542c4d5ca83e9869be3630b43300cb9ab453703e4277913bd","MATCH",""
"day01/Code/03_GD32F407_App/Firmware/CMSIS/GD/GD32F4xx/Source/ARM/startup_gd32f405_425.s","projects/02-boot-app-split/application/course/Firmware/CMSIS/GD/GD32F4xx/Source/ARM/startup_gd32f405_425.s","VERBATIM","aef6290f6950c0b7fb922fd12b91b3fc34ada707a6846aa5d7a1277fdd50fbd9","aef6290f6950c0b7fb922fd12b91b3fc34ada707a6846aa5d7a1277fdd50fbd9","MATCH",""
"day01/Code/03_GD32F407_App/Firmware/CMSIS/GD/GD32F4xx/Source/ARM/startup_gd32f407_427.s","projects/02-boot-app-split/application/course/Firmware/CMSIS/GD/GD32F4xx/Source/ARM/startup_gd32f407_427.s","VERBATIM","8bd565510812682bb78eabde21966437e355651d87969df804bb7a03f6a1966c","8bd565510812682bb78eabde21966437e355651d87969df804bb7a03f6a1966c","MATCH",""
"day01/Code/03_GD32F407_App/Firmware/CMSIS/GD/GD32F4xx/Source/ARM/startup_gd32f450_470.s","projects/02-boot-app-split/application/course/Firmware/CMSIS/GD/GD32F4xx/Source/ARM/startup_gd32f450_470.s","VERBATIM","a4e9852ba47aad025de9645d067fab33dda87b8e82dea6d77b3364f902345299","a4e9852ba47aad025de9645d067fab33dda87b8e82dea6d77b3364f902345299","MATCH",""
"day01/Code/03_GD32F407_App/Firmware/CMSIS/GD/GD32F4xx/Source/IAR/startup_gd32f405_425.s","projects/02-boot-app-split/application/course/Firmware/CMSIS/GD/GD32F4xx/Source/IAR/startup_gd32f405_425.s","VERBATIM","70e76c6ad0182a5682773261e308008bc1102c09839605a0e058851173026836","70e76c6ad0182a5682773261e308008bc1102c09839605a0e058851173026836","MATCH",""
"day01/Code/03_GD32F407_App/Firmware/CMSIS/GD/GD32F4xx/Source/IAR/startup_gd32f407_427.s","projects/02-boot-app-split/application/course/Firmware/CMSIS/GD/GD32F4xx/Source/IAR/startup_gd32f407_427.s","VERBATIM","550d6ca54de7f8fcb2791aaf9141666ba15978c55017fa6798bf0ca80a2864c6","550d6ca54de7f8fcb2791aaf9141666ba15978c55017fa6798bf0ca80a2864c6","MATCH",""
"day01/Code/03_GD32F407_App/Firmware/CMSIS/GD/GD32F4xx/Source/IAR/startup_gd32f450_470.s","projects/02-boot-app-split/application/course/Firmware/CMSIS/GD/GD32F4xx/Source/IAR/startup_gd32f450_470.s","VERBATIM","ee6654f1d551c6937d014fe943342b0395a32076e5ac8dd688c600eacb9bd343","ee6654f1d551c6937d014fe943342b0395a32076e5ac8dd688c600eacb9bd343","MATCH",""
"day01/Code/03_GD32F407_App/Firmware/CMSIS/GD/GD32F4xx/Source/system_gd32f4xx.c","projects/02-boot-app-split/application/course/Firmware/CMSIS/GD/GD32F4xx/Source/system_gd32f4xx.c","VERBATIM","8f66a123756716cf74297a7b54eec616f230cbbc37dfb60f21bf05d1bc070836","8f66a123756716cf74297a7b54eec616f230cbbc37dfb60f21bf05d1bc070836","MATCH",""
"day01/Code/03_GD32F407_App/Firmware/GD32F4xx_standard_peripheral/Include/gd32f4xx_adc.h","projects/02-boot-app-split/application/course/Firmware/GD32F4xx_standard_peripheral/Include/gd32f4xx_adc.h","VERBATIM","d6b41e007f1ee95e5fa1b495f94924f7e6166439fbf3e9234a26b5fa6c32f1de","d6b41e007f1ee95e5fa1b495f94924f7e6166439fbf3e9234a26b5fa6c32f1de","MATCH",""
"day01/Code/03_GD32F407_App/Firmware/GD32F4xx_standard_peripheral/Include/gd32f4xx_can.h","projects/02-boot-app-split/application/course/Firmware/GD32F4xx_standard_peripheral/Include/gd32f4xx_can.h","VERBATIM","62a96066d7b8a1cef45ab4092fce5058b962050eb1c9e4b3585f0e19b9f30578","62a96066d7b8a1cef45ab4092fce5058b962050eb1c9e4b3585f0e19b9f30578","MATCH",""
"day01/Code/03_GD32F407_App/Firmware/GD32F4xx_standard_peripheral/Include/gd32f4xx_crc.h","projects/02-boot-app-split/application/course/Firmware/GD32F4xx_standard_peripheral/Include/gd32f4xx_crc.h","VERBATIM","4870f145aeec968f3a7a0a5068105591e1adeb9a37a5e47fdcc9d27d7d3afbd6","4870f145aeec968f3a7a0a5068105591e1adeb9a37a5e47fdcc9d27d7d3afbd6","MATCH",""
"day01/Code/03_GD32F407_App/Firmware/GD32F4xx_standard_peripheral/Include/gd32f4xx_ctc.h","projects/02-boot-app-split/application/course/Firmware/GD32F4xx_standard_peripheral/Include/gd32f4xx_ctc.h","VERBATIM","900ab7d5f9c585834166a58966c8d523ff91d410066d00bbed3e6522c25782d7","900ab7d5f9c585834166a58966c8d523ff91d410066d00bbed3e6522c25782d7","MATCH",""
"day01/Code/03_GD32F407_App/Firmware/GD32F4xx_standard_peripheral/Include/gd32f4xx_dac.h","projects/02-boot-app-split/application/course/Firmware/GD32F4xx_standard_peripheral/Include/gd32f4xx_dac.h","VERBATIM","86057cc0c52a32f955a12f47aba1e4997ac2daba13b10a686d8777579f638afb","86057cc0c52a32f955a12f47aba1e4997ac2daba13b10a686d8777579f638afb","MATCH",""
"day01/Code/03_GD32F407_App/Firmware/GD32F4xx_standard_peripheral/Include/gd32f4xx_dbg.h","projects/02-boot-app-split/application/course/Firmware/GD32F4xx_standard_peripheral/Include/gd32f4xx_dbg.h","VERBATIM","21a089b5880f1d101116bd37eaac7a085a103901a40900e75941130d901b150e","21a089b5880f1d101116bd37eaac7a085a103901a40900e75941130d901b150e","MATCH",""
"day01/Code/03_GD32F407_App/Firmware/GD32F4xx_standard_peripheral/Include/gd32f4xx_dci.h","projects/02-boot-app-split/application/course/Firmware/GD32F4xx_standard_peripheral/Include/gd32f4xx_dci.h","VERBATIM","787f449f0b2eba5bbcc92b0d50899fa668cea6ed9ccab3960eba0b2253cc7748","787f449f0b2eba5bbcc92b0d50899fa668cea6ed9ccab3960eba0b2253cc7748","MATCH",""
"day01/Code/03_GD32F407_App/Firmware/GD32F4xx_standard_peripheral/Include/gd32f4xx_dma.h","projects/02-boot-app-split/application/course/Firmware/GD32F4xx_standard_peripheral/Include/gd32f4xx_dma.h","VERBATIM","f358957ebf98c4c449480a088e349cdac2716394c24fa4111de08b06fcdc5094","f358957ebf98c4c449480a088e349cdac2716394c24fa4111de08b06fcdc5094","MATCH",""
"day01/Code/03_GD32F407_App/Firmware/GD32F4xx_standard_peripheral/Include/gd32f4xx_enet.h","projects/02-boot-app-split/application/course/Firmware/GD32F4xx_standard_peripheral/Include/gd32f4xx_enet.h","VERBATIM","2bdbc2be9b0e3ba398deeab38021442a2cfeedff21fc353cf3b16c717a2cdf9b","2bdbc2be9b0e3ba398deeab38021442a2cfeedff21fc353cf3b16c717a2cdf9b","MATCH",""
"day01/Code/03_GD32F407_App/Firmware/GD32F4xx_standard_peripheral/Include/gd32f4xx_exmc.h","projects/02-boot-app-split/application/course/Firmware/GD32F4xx_standard_peripheral/Include/gd32f4xx_exmc.h","VERBATIM","68482b678dd868085a6be6317eec18873d43f895936e503487e843e561a0d55e","68482b678dd868085a6be6317eec18873d43f895936e503487e843e561a0d55e","MATCH",""
"day01/Code/03_GD32F407_App/Firmware/GD32F4xx_standard_peripheral/Include/gd32f4xx_exti.h","projects/02-boot-app-split/application/course/Firmware/GD32F4xx_standard_peripheral/Include/gd32f4xx_exti.h","VERBATIM","705948f029f63a5995d9849a60e417d6210ece34c8e942c76a2d4e7a2b927426","705948f029f63a5995d9849a60e417d6210ece34c8e942c76a2d4e7a2b927426","MATCH",""
"day01/Code/03_GD32F407_App/Firmware/GD32F4xx_standard_peripheral/Include/gd32f4xx_fmc.h","projects/02-boot-app-split/application/course/Firmware/GD32F4xx_standard_peripheral/Include/gd32f4xx_fmc.h","VERBATIM","5a5d9f0b1ce1e7486206130f80048f81a6d3e9e6337bf0a4c69d4a1d5edc9f7e","5a5d9f0b1ce1e7486206130f80048f81a6d3e9e6337bf0a4c69d4a1d5edc9f7e","MATCH",""
"day01/Code/03_GD32F407_App/Firmware/GD32F4xx_standard_peripheral/Include/gd32f4xx_fwdgt.h","projects/02-boot-app-split/application/course/Firmware/GD32F4xx_standard_peripheral/Include/gd32f4xx_fwdgt.h","VERBATIM","04cb4ee0d6526910cf9ca8befc437fc6df3fdfe09fb0bc418ab7ea5c19611a50","04cb4ee0d6526910cf9ca8befc437fc6df3fdfe09fb0bc418ab7ea5c19611a50","MATCH",""
"day01/Code/03_GD32F407_App/Firmware/GD32F4xx_standard_peripheral/Include/gd32f4xx_gpio.h","projects/02-boot-app-split/application/course/Firmware/GD32F4xx_standard_peripheral/Include/gd32f4xx_gpio.h","VERBATIM","a20501a28644bf45b8e3c4ab2a7237466805c1480b06e7d6c8585296d7f08787","a20501a28644bf45b8e3c4ab2a7237466805c1480b06e7d6c8585296d7f08787","MATCH",""
"day01/Code/03_GD32F407_App/Firmware/GD32F4xx_standard_peripheral/Include/gd32f4xx_i2c.h","projects/02-boot-app-split/application/course/Firmware/GD32F4xx_standard_peripheral/Include/gd32f4xx_i2c.h","VERBATIM","6cf4053e2452263cdfcb98da0832ce1f2f1b0380c1bea5d4284c1df0d5cbbb05","6cf4053e2452263cdfcb98da0832ce1f2f1b0380c1bea5d4284c1df0d5cbbb05","MATCH",""
"day01/Code/03_GD32F407_App/Firmware/GD32F4xx_standard_peripheral/Include/gd32f4xx_ipa.h","projects/02-boot-app-split/application/course/Firmware/GD32F4xx_standard_peripheral/Include/gd32f4xx_ipa.h","VERBATIM","1ad22068402e09bae4117e637ed972fcd7452751ccbe01c7829aea7df45ae8ae","1ad22068402e09bae4117e637ed972fcd7452751ccbe01c7829aea7df45ae8ae","MATCH",""
"day01/Code/03_GD32F407_App/Firmware/GD32F4xx_standard_peripheral/Include/gd32f4xx_iref.h","projects/02-boot-app-split/application/course/Firmware/GD32F4xx_standard_peripheral/Include/gd32f4xx_iref.h","VERBATIM","d9d1e67fd4473f44b2f7e22bb78c3dfa9b5109d083af1b0fdc63ec657b241c4a","d9d1e67fd4473f44b2f7e22bb78c3dfa9b5109d083af1b0fdc63ec657b241c4a","MATCH",""
"day01/Code/03_GD32F407_App/Firmware/GD32F4xx_standard_peripheral/Include/gd32f4xx_misc.h","projects/02-boot-app-split/application/course/Firmware/GD32F4xx_standard_peripheral/Include/gd32f4xx_misc.h","VERBATIM","0a918f830f0200c0e806dfb50594259783e69d8adbc27708705567f7193d35fb","0a918f830f0200c0e806dfb50594259783e69d8adbc27708705567f7193d35fb","MATCH",""
"day01/Code/03_GD32F407_App/Firmware/GD32F4xx_standard_peripheral/Include/gd32f4xx_pmu.h","projects/02-boot-app-split/application/course/Firmware/GD32F4xx_standard_peripheral/Include/gd32f4xx_pmu.h","VERBATIM","b9a72b6e42083efd170c0c5fbe579c5d6417f9bbf674db36041be96fcbd84636","b9a72b6e42083efd170c0c5fbe579c5d6417f9bbf674db36041be96fcbd84636","MATCH",""
"day01/Code/03_GD32F407_App/Firmware/GD32F4xx_standard_peripheral/Include/gd32f4xx_rcu.h","projects/02-boot-app-split/application/course/Firmware/GD32F4xx_standard_peripheral/Include/gd32f4xx_rcu.h","VERBATIM","ac2b2ae653edc89e674eda24e1cfe8b511b73984ae0cabed3df60ba61f8eef08","ac2b2ae653edc89e674eda24e1cfe8b511b73984ae0cabed3df60ba61f8eef08","MATCH",""
"day01/Code/03_GD32F407_App/Firmware/GD32F4xx_standard_peripheral/Include/gd32f4xx_rtc.h","projects/02-boot-app-split/application/course/Firmware/GD32F4xx_standard_peripheral/Include/gd32f4xx_rtc.h","VERBATIM","1798b1b495683096d4491cf0f854957d2ad60612f65a801ed0e7a4bee49fa549","1798b1b495683096d4491cf0f854957d2ad60612f65a801ed0e7a4bee49fa549","MATCH",""
"day01/Code/03_GD32F407_App/Firmware/GD32F4xx_standard_peripheral/Include/gd32f4xx_sdio.h","projects/02-boot-app-split/application/course/Firmware/GD32F4xx_standard_peripheral/Include/gd32f4xx_sdio.h","VERBATIM","8d6813efc565e3085611d767ea4e670e0c76a256c6f17fc93f313bcb11d0385a","8d6813efc565e3085611d767ea4e670e0c76a256c6f17fc93f313bcb11d0385a","MATCH",""
"day01/Code/03_GD32F407_App/Firmware/GD32F4xx_standard_peripheral/Include/gd32f4xx_spi.h","projects/02-boot-app-split/application/course/Firmware/GD32F4xx_standard_peripheral/Include/gd32f4xx_spi.h","VERBATIM","4c6360c8fe58d4a38e4870bcba17630857551d3ec7b4bd3ddeb5085c31240b1c","4c6360c8fe58d4a38e4870bcba17630857551d3ec7b4bd3ddeb5085c31240b1c","MATCH",""
"day01/Code/03_GD32F407_App/Firmware/GD32F4xx_standard_peripheral/Include/gd32f4xx_syscfg.h","projects/02-boot-app-split/application/course/Firmware/GD32F4xx_standard_peripheral/Include/gd32f4xx_syscfg.h","VERBATIM","5060fef0a07a3fc1396a31f09f95fe1d134f8a1fb1581e3dd98bb6078108c447","5060fef0a07a3fc1396a31f09f95fe1d134f8a1fb1581e3dd98bb6078108c447","MATCH",""
"day01/Code/03_GD32F407_App/Firmware/GD32F4xx_standard_peripheral/Include/gd32f4xx_timer.h","projects/02-boot-app-split/application/course/Firmware/GD32F4xx_standard_peripheral/Include/gd32f4xx_timer.h","VERBATIM","7a79f81f1d862a1b49f23bfe05b1ac751a71e761b6e63c2dffabe6c7bc69ac49","7a79f81f1d862a1b49f23bfe05b1ac751a71e761b6e63c2dffabe6c7bc69ac49","MATCH",""
"day01/Code/03_GD32F407_App/Firmware/GD32F4xx_standard_peripheral/Include/gd32f4xx_tli.h","projects/02-boot-app-split/application/course/Firmware/GD32F4xx_standard_peripheral/Include/gd32f4xx_tli.h","VERBATIM","1b94ea157ac8ce2fed962b0c4ff95b6702c6194300aa51b04c3aafe493768d2a","1b94ea157ac8ce2fed962b0c4ff95b6702c6194300aa51b04c3aafe493768d2a","MATCH",""
"day01/Code/03_GD32F407_App/Firmware/GD32F4xx_standard_peripheral/Include/gd32f4xx_trng.h","projects/02-boot-app-split/application/course/Firmware/GD32F4xx_standard_peripheral/Include/gd32f4xx_trng.h","VERBATIM","91e2bb5affefa65f90927fad795faa0f4204516284eca38e461506f0cd9ca924","91e2bb5affefa65f90927fad795faa0f4204516284eca38e461506f0cd9ca924","MATCH",""
"day01/Code/03_GD32F407_App/Firmware/GD32F4xx_standard_peripheral/Include/gd32f4xx_usart.h","projects/02-boot-app-split/application/course/Firmware/GD32F4xx_standard_peripheral/Include/gd32f4xx_usart.h","VERBATIM","6cf40e957a1216c99e3663d667de1944c42272897011834bf20adcd97e791074","6cf40e957a1216c99e3663d667de1944c42272897011834bf20adcd97e791074","MATCH",""
"day01/Code/03_GD32F407_App/Firmware/GD32F4xx_standard_peripheral/Include/gd32f4xx_wwdgt.h","projects/02-boot-app-split/application/course/Firmware/GD32F4xx_standard_peripheral/Include/gd32f4xx_wwdgt.h","VERBATIM","01eecfc98b4507aeb8f0afbe7d994ea0a617a79e5d4eb2d1d4a85979ba014efe","01eecfc98b4507aeb8f0afbe7d994ea0a617a79e5d4eb2d1d4a85979ba014efe","MATCH",""
"day01/Code/03_GD32F407_App/Firmware/GD32F4xx_standard_peripheral/Source/gd32f4xx_adc.c","projects/02-boot-app-split/application/course/Firmware/GD32F4xx_standard_peripheral/Source/gd32f4xx_adc.c","VERBATIM","8a5c91ec7a397b53efd086646674d273ece00f36c9610ab50715fe1521ba4112","8a5c91ec7a397b53efd086646674d273ece00f36c9610ab50715fe1521ba4112","MATCH",""
"day01/Code/03_GD32F407_App/Firmware/GD32F4xx_standard_peripheral/Source/gd32f4xx_can.c","projects/02-boot-app-split/application/course/Firmware/GD32F4xx_standard_peripheral/Source/gd32f4xx_can.c","VERBATIM","ce0e343b00856972eabaccc1f4d88c051796a8d1e30c4596312fc29a533db8ba","ce0e343b00856972eabaccc1f4d88c051796a8d1e30c4596312fc29a533db8ba","MATCH",""
"day01/Code/03_GD32F407_App/Firmware/GD32F4xx_standard_peripheral/Source/gd32f4xx_crc.c","projects/02-boot-app-split/application/course/Firmware/GD32F4xx_standard_peripheral/Source/gd32f4xx_crc.c","VERBATIM","c14034159e72e082aa70e2a8cba60ffcf950b63d75ae467706632f32ec00f315","c14034159e72e082aa70e2a8cba60ffcf950b63d75ae467706632f32ec00f315","MATCH",""
"day01/Code/03_GD32F407_App/Firmware/GD32F4xx_standard_peripheral/Source/gd32f4xx_ctc.c","projects/02-boot-app-split/application/course/Firmware/GD32F4xx_standard_peripheral/Source/gd32f4xx_ctc.c","VERBATIM","07f4a6385c6ffb2e18ecf95daae6a431fb91262fa988835a249a64f4002280a1","07f4a6385c6ffb2e18ecf95daae6a431fb91262fa988835a249a64f4002280a1","MATCH",""
"day01/Code/03_GD32F407_App/Firmware/GD32F4xx_standard_peripheral/Source/gd32f4xx_dac.c","projects/02-boot-app-split/application/course/Firmware/GD32F4xx_standard_peripheral/Source/gd32f4xx_dac.c","VERBATIM","ace5c99f1e2774d955ca4e4d5d6e81b2d831f718098487ea3e8c2c34c960e160","ace5c99f1e2774d955ca4e4d5d6e81b2d831f718098487ea3e8c2c34c960e160","MATCH",""
"day01/Code/03_GD32F407_App/Firmware/GD32F4xx_standard_peripheral/Source/gd32f4xx_dbg.c","projects/02-boot-app-split/application/course/Firmware/GD32F4xx_standard_peripheral/Source/gd32f4xx_dbg.c","VERBATIM","6eec659fd6b5c549226bae8e9c9c78785b064d557434189bb221287d550fe291","6eec659fd6b5c549226bae8e9c9c78785b064d557434189bb221287d550fe291","MATCH",""
"day01/Code/03_GD32F407_App/Firmware/GD32F4xx_standard_peripheral/Source/gd32f4xx_dci.c","projects/02-boot-app-split/application/course/Firmware/GD32F4xx_standard_peripheral/Source/gd32f4xx_dci.c","VERBATIM","b99613d9a21a02dd39117f30b9a488b859209ab3489dcfde7361d147cdf76516","b99613d9a21a02dd39117f30b9a488b859209ab3489dcfde7361d147cdf76516","MATCH",""
"day01/Code/03_GD32F407_App/Firmware/GD32F4xx_standard_peripheral/Source/gd32f4xx_dma.c","projects/02-boot-app-split/application/course/Firmware/GD32F4xx_standard_peripheral/Source/gd32f4xx_dma.c","VERBATIM","2d943a169ababcc22cbc6c41665f5ce375c30b63005954e1d34bb3218cb63faf","2d943a169ababcc22cbc6c41665f5ce375c30b63005954e1d34bb3218cb63faf","MATCH",""
"day01/Code/03_GD32F407_App/Firmware/GD32F4xx_standard_peripheral/Source/gd32f4xx_enet.c","projects/02-boot-app-split/application/course/Firmware/GD32F4xx_standard_peripheral/Source/gd32f4xx_enet.c","VERBATIM","3051e8737c463d23d07b9c9ad937bc7c488bb573738b2313982870daa670e87e","3051e8737c463d23d07b9c9ad937bc7c488bb573738b2313982870daa670e87e","MATCH",""
"day01/Code/03_GD32F407_App/Firmware/GD32F4xx_standard_peripheral/Source/gd32f4xx_exmc.c","projects/02-boot-app-split/application/course/Firmware/GD32F4xx_standard_peripheral/Source/gd32f4xx_exmc.c","VERBATIM","e4a79b377c89d9eb8bd5be101e273ad5efba0c2a24fb4621ab7bc124beeeaebf","e4a79b377c89d9eb8bd5be101e273ad5efba0c2a24fb4621ab7bc124beeeaebf","MATCH",""
"day01/Code/03_GD32F407_App/Firmware/GD32F4xx_standard_peripheral/Source/gd32f4xx_exti.c","projects/02-boot-app-split/application/course/Firmware/GD32F4xx_standard_peripheral/Source/gd32f4xx_exti.c","VERBATIM","fce4a7eca93486d71a9e5758642f2282ae7f8805dbb559312837a0b17577fe58","fce4a7eca93486d71a9e5758642f2282ae7f8805dbb559312837a0b17577fe58","MATCH",""
"day01/Code/03_GD32F407_App/Firmware/GD32F4xx_standard_peripheral/Source/gd32f4xx_fmc.c","projects/02-boot-app-split/application/course/Firmware/GD32F4xx_standard_peripheral/Source/gd32f4xx_fmc.c","VERBATIM","15408829d2405432fc8ed73d5d8c6bbb1e6c74540f1b817983babd62e22cab16","15408829d2405432fc8ed73d5d8c6bbb1e6c74540f1b817983babd62e22cab16","MATCH",""
"day01/Code/03_GD32F407_App/Firmware/GD32F4xx_standard_peripheral/Source/gd32f4xx_fwdgt.c","projects/02-boot-app-split/application/course/Firmware/GD32F4xx_standard_peripheral/Source/gd32f4xx_fwdgt.c","VERBATIM","05b67d15069ced6f0472e4115ecd16064402e0d6220561499000025a8cd189b7","05b67d15069ced6f0472e4115ecd16064402e0d6220561499000025a8cd189b7","MATCH",""
"day01/Code/03_GD32F407_App/Firmware/GD32F4xx_standard_peripheral/Source/gd32f4xx_gpio.c","projects/02-boot-app-split/application/course/Firmware/GD32F4xx_standard_peripheral/Source/gd32f4xx_gpio.c","VERBATIM","262befe864d5da3bada64d0b3dab29e5c2747e46b154ede8bcab0b788db614e0","262befe864d5da3bada64d0b3dab29e5c2747e46b154ede8bcab0b788db614e0","MATCH",""
"day01/Code/03_GD32F407_App/Firmware/GD32F4xx_standard_peripheral/Source/gd32f4xx_i2c.c","projects/02-boot-app-split/application/course/Firmware/GD32F4xx_standard_peripheral/Source/gd32f4xx_i2c.c","VERBATIM","8edfaf1a8f0bf2833923d0072fe1b9d0467382b3ec1d243e918d0de9711cccd2","8edfaf1a8f0bf2833923d0072fe1b9d0467382b3ec1d243e918d0de9711cccd2","MATCH",""
"day01/Code/03_GD32F407_App/Firmware/GD32F4xx_standard_peripheral/Source/gd32f4xx_ipa.c","projects/02-boot-app-split/application/course/Firmware/GD32F4xx_standard_peripheral/Source/gd32f4xx_ipa.c","VERBATIM","38a8350304763c1c83b4d2341f6782b090ca09abe541ac360089b5cb454bcf57","38a8350304763c1c83b4d2341f6782b090ca09abe541ac360089b5cb454bcf57","MATCH",""
"day01/Code/03_GD32F407_App/Firmware/GD32F4xx_standard_peripheral/Source/gd32f4xx_iref.c","projects/02-boot-app-split/application/course/Firmware/GD32F4xx_standard_peripheral/Source/gd32f4xx_iref.c","VERBATIM","24f2fcfcd20882fd3e65773a281a827bf5391a0a8054324eef7c98bb3f2b9b80","24f2fcfcd20882fd3e65773a281a827bf5391a0a8054324eef7c98bb3f2b9b80","MATCH",""
"day01/Code/03_GD32F407_App/Firmware/GD32F4xx_standard_peripheral/Source/gd32f4xx_misc.c","projects/02-boot-app-split/application/course/Firmware/GD32F4xx_standard_peripheral/Source/gd32f4xx_misc.c","VERBATIM","1cd262f295155428c25dedc69bfbab99f7a99de09e0b602eca1f2c6017cfe2da","1cd262f295155428c25dedc69bfbab99f7a99de09e0b602eca1f2c6017cfe2da","MATCH",""
"day01/Code/03_GD32F407_App/Firmware/GD32F4xx_standard_peripheral/Source/gd32f4xx_pmu.c","projects/02-boot-app-split/application/course/Firmware/GD32F4xx_standard_peripheral/Source/gd32f4xx_pmu.c","VERBATIM","dafa94838a55132e3313234c5ac2be6172116dc26574347363d554effb186d79","dafa94838a55132e3313234c5ac2be6172116dc26574347363d554effb186d79","MATCH",""
"day01/Code/03_GD32F407_App/Firmware/GD32F4xx_standard_peripheral/Source/gd32f4xx_rcu.c","projects/02-boot-app-split/application/course/Firmware/GD32F4xx_standard_peripheral/Source/gd32f4xx_rcu.c","VERBATIM","6c1030eb58ec7cb9c41e2a1ff31ddef87f70dd083222327978234004c4e95b98","6c1030eb58ec7cb9c41e2a1ff31ddef87f70dd083222327978234004c4e95b98","MATCH",""
"day01/Code/03_GD32F407_App/Firmware/GD32F4xx_standard_peripheral/Source/gd32f4xx_rtc.c","projects/02-boot-app-split/application/course/Firmware/GD32F4xx_standard_peripheral/Source/gd32f4xx_rtc.c","VERBATIM","eea5bcb92c88a7bab9f3740f8e9408236412a546b03a5467f21b0f94a01183e7","eea5bcb92c88a7bab9f3740f8e9408236412a546b03a5467f21b0f94a01183e7","MATCH",""
"day01/Code/03_GD32F407_App/Firmware/GD32F4xx_standard_peripheral/Source/gd32f4xx_sdio.c","projects/02-boot-app-split/application/course/Firmware/GD32F4xx_standard_peripheral/Source/gd32f4xx_sdio.c","VERBATIM","9d8f3e488c74c44a30c4d0bbb9cd8d86555d898ca9c36f259ce57609959b9854","9d8f3e488c74c44a30c4d0bbb9cd8d86555d898ca9c36f259ce57609959b9854","MATCH",""
"day01/Code/03_GD32F407_App/Firmware/GD32F4xx_standard_peripheral/Source/gd32f4xx_spi.c","projects/02-boot-app-split/application/course/Firmware/GD32F4xx_standard_peripheral/Source/gd32f4xx_spi.c","VERBATIM","ce06438e9ad5882a0fca88dfe658dd925ed3320ba574c2797e2f93acf6142459","ce06438e9ad5882a0fca88dfe658dd925ed3320ba574c2797e2f93acf6142459","MATCH",""
"day01/Code/03_GD32F407_App/Firmware/GD32F4xx_standard_peripheral/Source/gd32f4xx_syscfg.c","projects/02-boot-app-split/application/course/Firmware/GD32F4xx_standard_peripheral/Source/gd32f4xx_syscfg.c","VERBATIM","51a7a5e70f3064424cc6e2f6a06942b47adaac8c36a6612ee08b1643557b3ca3","51a7a5e70f3064424cc6e2f6a06942b47adaac8c36a6612ee08b1643557b3ca3","MATCH",""
"day01/Code/03_GD32F407_App/Firmware/GD32F4xx_standard_peripheral/Source/gd32f4xx_timer.c","projects/02-boot-app-split/application/course/Firmware/GD32F4xx_standard_peripheral/Source/gd32f4xx_timer.c","VERBATIM","3961465cf6ba39554e34c02183c50676a4ab9b3991a6aad32d271754b2506b14","3961465cf6ba39554e34c02183c50676a4ab9b3991a6aad32d271754b2506b14","MATCH",""
"day01/Code/03_GD32F407_App/Firmware/GD32F4xx_standard_peripheral/Source/gd32f4xx_tli.c","projects/02-boot-app-split/application/course/Firmware/GD32F4xx_standard_peripheral/Source/gd32f4xx_tli.c","VERBATIM","881a02e692afd4a0b6848a929b0b8c79148911ad7543cf611287c45e82372541","881a02e692afd4a0b6848a929b0b8c79148911ad7543cf611287c45e82372541","MATCH",""
"day01/Code/03_GD32F407_App/Firmware/GD32F4xx_standard_peripheral/Source/gd32f4xx_trng.c","projects/02-boot-app-split/application/course/Firmware/GD32F4xx_standard_peripheral/Source/gd32f4xx_trng.c","VERBATIM","ba9093d046a01c997aa54d2de9f663e8af32fb9e53c950cfc640f1033fcd6c53","ba9093d046a01c997aa54d2de9f663e8af32fb9e53c950cfc640f1033fcd6c53","MATCH",""
"day01/Code/03_GD32F407_App/Firmware/GD32F4xx_standard_peripheral/Source/gd32f4xx_usart.c","projects/02-boot-app-split/application/course/Firmware/GD32F4xx_standard_peripheral/Source/gd32f4xx_usart.c","VERBATIM","f67fa54d9c9537317be92d95fd880a394d9abe98df708e5aa821fbfa392ae9b0","f67fa54d9c9537317be92d95fd880a394d9abe98df708e5aa821fbfa392ae9b0","MATCH",""
"day01/Code/03_GD32F407_App/Firmware/GD32F4xx_standard_peripheral/Source/gd32f4xx_wwdgt.c","projects/02-boot-app-split/application/course/Firmware/GD32F4xx_standard_peripheral/Source/gd32f4xx_wwdgt.c","VERBATIM","0ed39de6f0101e10ddcb476e6ef21c44d2282d4f689d0d0d70f9e04940e6f0fe","0ed39de6f0101e10ddcb476e6ef21c44d2282d4f689d0d0d70f9e04940e6f0fe","MATCH",""
"day01/Code/03_GD32F407_App/Firmware/GD32F4xx_usb_library/device/class/audio/Include/audio_core.h","projects/02-boot-app-split/application/course/Firmware/GD32F4xx_usb_library/device/class/audio/Include/audio_core.h","VERBATIM","d4550583ad93fb3eed7d288fb84ca5e1b57269e088fb073e541a666b636fec00","d4550583ad93fb3eed7d288fb84ca5e1b57269e088fb073e541a666b636fec00","MATCH",""
"day01/Code/03_GD32F407_App/Firmware/GD32F4xx_usb_library/device/class/audio/Include/audio_out_itf.h","projects/02-boot-app-split/application/course/Firmware/GD32F4xx_usb_library/device/class/audio/Include/audio_out_itf.h","VERBATIM","77fb54dea6431af26c1de2b1ccfb8186fac92519d817556fe6b31fde7947310b","77fb54dea6431af26c1de2b1ccfb8186fac92519d817556fe6b31fde7947310b","MATCH",""
"day01/Code/03_GD32F407_App/Firmware/GD32F4xx_usb_library/device/class/audio/Source/audio_core.c","projects/02-boot-app-split/application/course/Firmware/GD32F4xx_usb_library/device/class/audio/Source/audio_core.c","VERBATIM","e134abab42ada7e2d9c6bad56032f4358fbd37b82e3861496bfe8dc7b4263d32","e134abab42ada7e2d9c6bad56032f4358fbd37b82e3861496bfe8dc7b4263d32","MATCH",""
"day01/Code/03_GD32F407_App/Firmware/GD32F4xx_usb_library/device/class/audio/Source/audio_out_itf.c","projects/02-boot-app-split/application/course/Firmware/GD32F4xx_usb_library/device/class/audio/Source/audio_out_itf.c","VERBATIM","33f0490e4b3ce2315d51257bb877a233ba7293bf83f1272113382989476b887b","33f0490e4b3ce2315d51257bb877a233ba7293bf83f1272113382989476b887b","MATCH",""
"day01/Code/03_GD32F407_App/Firmware/GD32F4xx_usb_library/device/class/cdc/Include/cdc_acm_core.h","projects/02-boot-app-split/application/course/Firmware/GD32F4xx_usb_library/device/class/cdc/Include/cdc_acm_core.h","VERBATIM","58a53b46a222a4ca1b4f35901a48555a22ff6c8ef95dcb23e651a64512a0b8ec","58a53b46a222a4ca1b4f35901a48555a22ff6c8ef95dcb23e651a64512a0b8ec","MATCH",""
"day01/Code/03_GD32F407_App/Firmware/GD32F4xx_usb_library/device/class/cdc/Source/cdc_acm_core.c","projects/02-boot-app-split/application/course/Firmware/GD32F4xx_usb_library/device/class/cdc/Source/cdc_acm_core.c","VERBATIM","92f6d272cb501a2e0e8020a5c7c3fdbf3f6267044a5f00c248a53bdc23867e71","92f6d272cb501a2e0e8020a5c7c3fdbf3f6267044a5f00c248a53bdc23867e71","MATCH",""
"day01/Code/03_GD32F407_App/Firmware/GD32F4xx_usb_library/device/class/dfu/Include/dfu_core.h","projects/02-boot-app-split/application/course/Firmware/GD32F4xx_usb_library/device/class/dfu/Include/dfu_core.h","VERBATIM","b074e46c11dfc3d6f057e7c91263a7894a8598f5ad27062a8f0c737739f0ac4b","b074e46c11dfc3d6f057e7c91263a7894a8598f5ad27062a8f0c737739f0ac4b","MATCH",""
"day01/Code/03_GD32F407_App/Firmware/GD32F4xx_usb_library/device/class/dfu/Include/dfu_mem.h","projects/02-boot-app-split/application/course/Firmware/GD32F4xx_usb_library/device/class/dfu/Include/dfu_mem.h","VERBATIM","ee0fa900e1595041db2524e57a7684a911afec27bd737544cb8acc1a419b54f3","ee0fa900e1595041db2524e57a7684a911afec27bd737544cb8acc1a419b54f3","MATCH",""
"day01/Code/03_GD32F407_App/Firmware/GD32F4xx_usb_library/device/class/dfu/Source/dfu_core.c","projects/02-boot-app-split/application/course/Firmware/GD32F4xx_usb_library/device/class/dfu/Source/dfu_core.c","VERBATIM","ee0b61f48e523f816e1977ab5667701d4a30c9d7994809daec56a6c22b6b23f2","ee0b61f48e523f816e1977ab5667701d4a30c9d7994809daec56a6c22b6b23f2","MATCH",""
"day01/Code/03_GD32F407_App/Firmware/GD32F4xx_usb_library/device/class/dfu/Source/dfu_mem.c","projects/02-boot-app-split/application/course/Firmware/GD32F4xx_usb_library/device/class/dfu/Source/dfu_mem.c","VERBATIM","1740852fd0411642aad47bf10951d51de5338ca02239c634c4a28211cc0b6bd5","1740852fd0411642aad47bf10951d51de5338ca02239c634c4a28211cc0b6bd5","MATCH",""
"day01/Code/03_GD32F407_App/Firmware/GD32F4xx_usb_library/device/class/hid/Include/custom_hid_core.h","projects/02-boot-app-split/application/course/Firmware/GD32F4xx_usb_library/device/class/hid/Include/custom_hid_core.h","VERBATIM","3d8630539b539b75241b088ba5cb2bd6a6377ebe6a0c026e14e4d9f618149f3c","3d8630539b539b75241b088ba5cb2bd6a6377ebe6a0c026e14e4d9f618149f3c","MATCH",""
"day01/Code/03_GD32F407_App/Firmware/GD32F4xx_usb_library/device/class/hid/Include/standard_hid_core.h","projects/02-boot-app-split/application/course/Firmware/GD32F4xx_usb_library/device/class/hid/Include/standard_hid_core.h","VERBATIM","b43958e8ef0bb4e5939d1b1279f2b4d25791abd357c51504fb08c6bf5cde5a55","b43958e8ef0bb4e5939d1b1279f2b4d25791abd357c51504fb08c6bf5cde5a55","MATCH",""
"day01/Code/03_GD32F407_App/Firmware/GD32F4xx_usb_library/device/class/hid/Source/custom_hid_core.c","projects/02-boot-app-split/application/course/Firmware/GD32F4xx_usb_library/device/class/hid/Source/custom_hid_core.c","VERBATIM","e31d924422097b600884693e2cfb38c20e4215861dfc8bbdff3058c9a9133668","e31d924422097b600884693e2cfb38c20e4215861dfc8bbdff3058c9a9133668","MATCH",""
"day01/Code/03_GD32F407_App/Firmware/GD32F4xx_usb_library/device/class/hid/Source/standard_hid_core.c","projects/02-boot-app-split/application/course/Firmware/GD32F4xx_usb_library/device/class/hid/Source/standard_hid_core.c","VERBATIM","976542c7fc8c038846c71e4c5e6755b3c9364c8c09425f671fa694f1f14889a1","976542c7fc8c038846c71e4c5e6755b3c9364c8c09425f671fa694f1f14889a1","MATCH",""
"day01/Code/03_GD32F407_App/Firmware/GD32F4xx_usb_library/device/class/iap/Include/usb_iap_core.h","projects/02-boot-app-split/application/course/Firmware/GD32F4xx_usb_library/device/class/iap/Include/usb_iap_core.h","VERBATIM","0c5491567e7452be4cdc0099bc8f6e5b6aca7b9c273fdb95647264938337c163","0c5491567e7452be4cdc0099bc8f6e5b6aca7b9c273fdb95647264938337c163","MATCH",""
"day01/Code/03_GD32F407_App/Firmware/GD32F4xx_usb_library/device/class/iap/Source/usb_iap_core.c","projects/02-boot-app-split/application/course/Firmware/GD32F4xx_usb_library/device/class/iap/Source/usb_iap_core.c","VERBATIM","b48d8edb4882f57e2ee0b7cd17d94a4ea574bbfdb3ef72f35355fb7b8cbf374d","b48d8edb4882f57e2ee0b7cd17d94a4ea574bbfdb3ef72f35355fb7b8cbf374d","MATCH",""
"day01/Code/03_GD32F407_App/Firmware/GD32F4xx_usb_library/device/class/msc/Include/usbd_msc_bbb.h","projects/02-boot-app-split/application/course/Firmware/GD32F4xx_usb_library/device/class/msc/Include/usbd_msc_bbb.h","VERBATIM","fce4e4a9e17e3c7ad6ef23bf6284354b3c1e0bc79e2e3d8c51c00c7cba88598f","fce4e4a9e17e3c7ad6ef23bf6284354b3c1e0bc79e2e3d8c51c00c7cba88598f","MATCH",""
"day01/Code/03_GD32F407_App/Firmware/GD32F4xx_usb_library/device/class/msc/Include/usbd_msc_core.h","projects/02-boot-app-split/application/course/Firmware/GD32F4xx_usb_library/device/class/msc/Include/usbd_msc_core.h","VERBATIM","1b56e50c7f78bd46cc86e131565da5a3ca050901171a99d33526283996d0062c","1b56e50c7f78bd46cc86e131565da5a3ca050901171a99d33526283996d0062c","MATCH",""
"day01/Code/03_GD32F407_App/Firmware/GD32F4xx_usb_library/device/class/msc/Include/usbd_msc_mem.h","projects/02-boot-app-split/application/course/Firmware/GD32F4xx_usb_library/device/class/msc/Include/usbd_msc_mem.h","VERBATIM","4219910f0d5565cbf2cb7de2191fffad41f01f9903ec160827c6f441fc9fe241","4219910f0d5565cbf2cb7de2191fffad41f01f9903ec160827c6f441fc9fe241","MATCH",""
"day01/Code/03_GD32F407_App/Firmware/GD32F4xx_usb_library/device/class/msc/Include/usbd_msc_scsi.h","projects/02-boot-app-split/application/course/Firmware/GD32F4xx_usb_library/device/class/msc/Include/usbd_msc_scsi.h","VERBATIM","8a843a759a5d1013db6524b1547453013da00c202f03a7011b604c8e79f96a2d","8a843a759a5d1013db6524b1547453013da00c202f03a7011b604c8e79f96a2d","MATCH",""
"day01/Code/03_GD32F407_App/Firmware/GD32F4xx_usb_library/device/class/msc/Source/usbd_msc_bbb.c","projects/02-boot-app-split/application/course/Firmware/GD32F4xx_usb_library/device/class/msc/Source/usbd_msc_bbb.c","VERBATIM","d613ecddab72a03de672e4669f2549f5ce93259c09819fcbd78db49dbbefa4a5","d613ecddab72a03de672e4669f2549f5ce93259c09819fcbd78db49dbbefa4a5","MATCH",""
"day01/Code/03_GD32F407_App/Firmware/GD32F4xx_usb_library/device/class/msc/Source/usbd_msc_core.c","projects/02-boot-app-split/application/course/Firmware/GD32F4xx_usb_library/device/class/msc/Source/usbd_msc_core.c","VERBATIM","5c5983c2884b08aa4a480b29929e20a502741c56cefd717e48a6fe5c807bbb5c","5c5983c2884b08aa4a480b29929e20a502741c56cefd717e48a6fe5c807bbb5c","MATCH",""
"day01/Code/03_GD32F407_App/Firmware/GD32F4xx_usb_library/device/class/msc/Source/usbd_msc_scsi.c","projects/02-boot-app-split/application/course/Firmware/GD32F4xx_usb_library/device/class/msc/Source/usbd_msc_scsi.c","VERBATIM","062e1df310c0feed9372585e09d4a317f65b8e0e03bd70c14aa7418a99c5effd","062e1df310c0feed9372585e09d4a317f65b8e0e03bd70c14aa7418a99c5effd","MATCH",""
"day01/Code/03_GD32F407_App/Firmware/GD32F4xx_usb_library/device/class/printer/Include/printer_core.h","projects/02-boot-app-split/application/course/Firmware/GD32F4xx_usb_library/device/class/printer/Include/printer_core.h","VERBATIM","4231dae7349cc3643150ec1e90a5cefb4adf23adc0314e82ef001bdfcd7d7e8c","4231dae7349cc3643150ec1e90a5cefb4adf23adc0314e82ef001bdfcd7d7e8c","MATCH",""
"day01/Code/03_GD32F407_App/Firmware/GD32F4xx_usb_library/device/class/printer/Source/printer_core.c","projects/02-boot-app-split/application/course/Firmware/GD32F4xx_usb_library/device/class/printer/Source/printer_core.c","VERBATIM","93eb77ff7a45da1424244e1ffa25755a259e43b815d00b14c319bec17a079831","93eb77ff7a45da1424244e1ffa25755a259e43b815d00b14c319bec17a079831","MATCH",""
"day01/Code/03_GD32F407_App/Firmware/GD32F4xx_usb_library/device/core/Include/usbd_core.h","projects/02-boot-app-split/application/course/Firmware/GD32F4xx_usb_library/device/core/Include/usbd_core.h","VERBATIM","a205d78d7c4299519538d5057744916bcb5459ec963bfbd6aa42101197b15041","a205d78d7c4299519538d5057744916bcb5459ec963bfbd6aa42101197b15041","MATCH",""
"day01/Code/03_GD32F407_App/Firmware/GD32F4xx_usb_library/device/core/Include/usbd_enum.h","projects/02-boot-app-split/application/course/Firmware/GD32F4xx_usb_library/device/core/Include/usbd_enum.h","VERBATIM","9de97ed85ba71120379bf876faf752fa7900784d1614c18d1e9ecea6c7e2c897","9de97ed85ba71120379bf876faf752fa7900784d1614c18d1e9ecea6c7e2c897","MATCH",""
"day01/Code/03_GD32F407_App/Firmware/GD32F4xx_usb_library/device/core/Include/usbd_transc.h","projects/02-boot-app-split/application/course/Firmware/GD32F4xx_usb_library/device/core/Include/usbd_transc.h","VERBATIM","7598a18b6aa5696b7d15c3f8da6f0f04c37bca44d48c86fd5a7bd92850a17681","7598a18b6aa5696b7d15c3f8da6f0f04c37bca44d48c86fd5a7bd92850a17681","MATCH",""
"day01/Code/03_GD32F407_App/Firmware/GD32F4xx_usb_library/device/core/Source/usbd_core.c","projects/02-boot-app-split/application/course/Firmware/GD32F4xx_usb_library/device/core/Source/usbd_core.c","VERBATIM","74a04240e3912ef2d959396250678ff65e41a6d65e4c92cddb7babebc646a12f","74a04240e3912ef2d959396250678ff65e41a6d65e4c92cddb7babebc646a12f","MATCH",""
"day01/Code/03_GD32F407_App/Firmware/GD32F4xx_usb_library/device/core/Source/usbd_enum.c","projects/02-boot-app-split/application/course/Firmware/GD32F4xx_usb_library/device/core/Source/usbd_enum.c","VERBATIM","07c9d4af518d9659d3696a574638d2238413c849345915f347b1ce91c02a81ee","07c9d4af518d9659d3696a574638d2238413c849345915f347b1ce91c02a81ee","MATCH",""
"day01/Code/03_GD32F407_App/Firmware/GD32F4xx_usb_library/device/core/Source/usbd_transc.c","projects/02-boot-app-split/application/course/Firmware/GD32F4xx_usb_library/device/core/Source/usbd_transc.c","VERBATIM","ce5e569f4cbb0918250c03000276fd987e116e69f489eec7b049b790a5a87f37","ce5e569f4cbb0918250c03000276fd987e116e69f489eec7b049b790a5a87f37","MATCH",""
"day01/Code/03_GD32F407_App/Firmware/GD32F4xx_usb_library/driver/Include/drv_usb_core.h","projects/02-boot-app-split/application/course/Firmware/GD32F4xx_usb_library/driver/Include/drv_usb_core.h","VERBATIM","d7957d291f199b35772ce89782b17558bcc73b935f66f80c5b7fbe16ddba5875","d7957d291f199b35772ce89782b17558bcc73b935f66f80c5b7fbe16ddba5875","MATCH",""
"day01/Code/03_GD32F407_App/Firmware/GD32F4xx_usb_library/driver/Include/drv_usb_dev.h","projects/02-boot-app-split/application/course/Firmware/GD32F4xx_usb_library/driver/Include/drv_usb_dev.h","VERBATIM","caf5d56ebafdba9fc9f167418a1616e4291b112edbf47a8654bd9a98f8c17b9a","caf5d56ebafdba9fc9f167418a1616e4291b112edbf47a8654bd9a98f8c17b9a","MATCH",""
"day01/Code/03_GD32F407_App/Firmware/GD32F4xx_usb_library/driver/Include/drv_usb_host.h","projects/02-boot-app-split/application/course/Firmware/GD32F4xx_usb_library/driver/Include/drv_usb_host.h","VERBATIM","fb4056a260f60fda977ab1139ebfcf00e53b5c3e697fdda573b902a413bfff14","fb4056a260f60fda977ab1139ebfcf00e53b5c3e697fdda573b902a413bfff14","MATCH",""
"day01/Code/03_GD32F407_App/Firmware/GD32F4xx_usb_library/driver/Include/drv_usb_hw.h","projects/02-boot-app-split/application/course/Firmware/GD32F4xx_usb_library/driver/Include/drv_usb_hw.h","VERBATIM","81dbb2d76cd496106998eaa694da78184988c9618e06cfe573e5d6b5fa1c1f20","81dbb2d76cd496106998eaa694da78184988c9618e06cfe573e5d6b5fa1c1f20","MATCH",""
"day01/Code/03_GD32F407_App/Firmware/GD32F4xx_usb_library/driver/Include/drv_usb_regs.h","projects/02-boot-app-split/application/course/Firmware/GD32F4xx_usb_library/driver/Include/drv_usb_regs.h","VERBATIM","048a97f0ff66f557ee6a5e829f8aa0336d69e13e63151cf4d64092d0ff9606ba","048a97f0ff66f557ee6a5e829f8aa0336d69e13e63151cf4d64092d0ff9606ba","MATCH",""
"day01/Code/03_GD32F407_App/Firmware/GD32F4xx_usb_library/driver/Include/drv_usbd_int.h","projects/02-boot-app-split/application/course/Firmware/GD32F4xx_usb_library/driver/Include/drv_usbd_int.h","VERBATIM","3b71749a04450bbec4838039bc3c6482ee1d7ecb509b97da5151f362f918a8f4","3b71749a04450bbec4838039bc3c6482ee1d7ecb509b97da5151f362f918a8f4","MATCH",""
"day01/Code/03_GD32F407_App/Firmware/GD32F4xx_usb_library/driver/Include/drv_usbh_int.h","projects/02-boot-app-split/application/course/Firmware/GD32F4xx_usb_library/driver/Include/drv_usbh_int.h","VERBATIM","5268ee8f0accee9c9e848ae421f3f1b83b8efa72b8854f08a5756c16c3873997","5268ee8f0accee9c9e848ae421f3f1b83b8efa72b8854f08a5756c16c3873997","MATCH",""
"day01/Code/03_GD32F407_App/Firmware/GD32F4xx_usb_library/driver/Source/drv_usb_core.c","projects/02-boot-app-split/application/course/Firmware/GD32F4xx_usb_library/driver/Source/drv_usb_core.c","VERBATIM","b90492a8404bcbdcbba9d31d38ad75d2d85b6014ccacf6eea77b23f69cf5f623","b90492a8404bcbdcbba9d31d38ad75d2d85b6014ccacf6eea77b23f69cf5f623","MATCH",""
"day01/Code/03_GD32F407_App/Firmware/GD32F4xx_usb_library/driver/Source/drv_usb_dev.c","projects/02-boot-app-split/application/course/Firmware/GD32F4xx_usb_library/driver/Source/drv_usb_dev.c","VERBATIM","93ca6cd491c5e0fea197d5ac7f10ba23e6973543da7aeed38bfc1ae3a0dc474b","93ca6cd491c5e0fea197d5ac7f10ba23e6973543da7aeed38bfc1ae3a0dc474b","MATCH",""
"day01/Code/03_GD32F407_App/Firmware/GD32F4xx_usb_library/driver/Source/drv_usb_host.c","projects/02-boot-app-split/application/course/Firmware/GD32F4xx_usb_library/driver/Source/drv_usb_host.c","VERBATIM","d9f6de1a16c13351c6947a1d8c735a2fa2ef6495159ef75e8c84a903003853ea","d9f6de1a16c13351c6947a1d8c735a2fa2ef6495159ef75e8c84a903003853ea","MATCH",""
"day01/Code/03_GD32F407_App/Firmware/GD32F4xx_usb_library/driver/Source/drv_usbd_int.c","projects/02-boot-app-split/application/course/Firmware/GD32F4xx_usb_library/driver/Source/drv_usbd_int.c","VERBATIM","6d629c1b2ee8a05bd9c1b8e20f2664410afc9608e9489ccac5be881d10d0a715","6d629c1b2ee8a05bd9c1b8e20f2664410afc9608e9489ccac5be881d10d0a715","MATCH",""
"day01/Code/03_GD32F407_App/Firmware/GD32F4xx_usb_library/driver/Source/drv_usbh_int.c","projects/02-boot-app-split/application/course/Firmware/GD32F4xx_usb_library/driver/Source/drv_usbh_int.c","VERBATIM","4d390034615df35fb792026bd76844c922f387580e291039f1bc5f6b6c982486","4d390034615df35fb792026bd76844c922f387580e291039f1bc5f6b6c982486","MATCH",""
"day01/Code/03_GD32F407_App/Firmware/GD32F4xx_usb_library/host/class/hid/Include/usbh_hid_core.h","projects/02-boot-app-split/application/course/Firmware/GD32F4xx_usb_library/host/class/hid/Include/usbh_hid_core.h","VERBATIM","0dec84719141c68389ec4f957111fb6dc21a5be55159a808a9d4d20759e447aa","0dec84719141c68389ec4f957111fb6dc21a5be55159a808a9d4d20759e447aa","MATCH",""
"day01/Code/03_GD32F407_App/Firmware/GD32F4xx_usb_library/host/class/hid/Include/usbh_standard_hid.h","projects/02-boot-app-split/application/course/Firmware/GD32F4xx_usb_library/host/class/hid/Include/usbh_standard_hid.h","VERBATIM","9dff3d162d5690f986145fc6a50e8be49ee6ea57b0df5de92708173ece1231a8","9dff3d162d5690f986145fc6a50e8be49ee6ea57b0df5de92708173ece1231a8","MATCH",""
"day01/Code/03_GD32F407_App/Firmware/GD32F4xx_usb_library/host/class/hid/Source/usbh_hid_core.c","projects/02-boot-app-split/application/course/Firmware/GD32F4xx_usb_library/host/class/hid/Source/usbh_hid_core.c","VERBATIM","2cdafdf63ebb98a454a09acc070b9c2e925c7eec29af318f1a8ce5f913c5d200","2cdafdf63ebb98a454a09acc070b9c2e925c7eec29af318f1a8ce5f913c5d200","MATCH",""
"day01/Code/03_GD32F407_App/Firmware/GD32F4xx_usb_library/host/class/hid/Source/usbh_standard_hid.c","projects/02-boot-app-split/application/course/Firmware/GD32F4xx_usb_library/host/class/hid/Source/usbh_standard_hid.c","VERBATIM","324f535d3213364159ef30d0ab69cb69472d94ee6a25f07d1c624d1b4bb315c3","324f535d3213364159ef30d0ab69cb69472d94ee6a25f07d1c624d1b4bb315c3","MATCH",""
"day01/Code/03_GD32F407_App/Firmware/GD32F4xx_usb_library/host/class/msc/Include/usbh_msc_bbb.h","projects/02-boot-app-split/application/course/Firmware/GD32F4xx_usb_library/host/class/msc/Include/usbh_msc_bbb.h","VERBATIM","fe164e019db850549fa0edb8a4b2f0c38ff1c7540a834b935c91268d0e275ff8","fe164e019db850549fa0edb8a4b2f0c38ff1c7540a834b935c91268d0e275ff8","MATCH",""
"day01/Code/03_GD32F407_App/Firmware/GD32F4xx_usb_library/host/class/msc/Include/usbh_msc_core.h","projects/02-boot-app-split/application/course/Firmware/GD32F4xx_usb_library/host/class/msc/Include/usbh_msc_core.h","VERBATIM","34b4b4aed85f332b815096ee4c39fba67c77fef1f9eb79fc470603568cbe2dc9","34b4b4aed85f332b815096ee4c39fba67c77fef1f9eb79fc470603568cbe2dc9","MATCH",""
"day01/Code/03_GD32F407_App/Firmware/GD32F4xx_usb_library/host/class/msc/Include/usbh_msc_scsi.h","projects/02-boot-app-split/application/course/Firmware/GD32F4xx_usb_library/host/class/msc/Include/usbh_msc_scsi.h","VERBATIM","e6e8ca26d9a2abffe14a21af356cb07c4058d9052dfd22b46205ec11884a867a","e6e8ca26d9a2abffe14a21af356cb07c4058d9052dfd22b46205ec11884a867a","MATCH",""
"day01/Code/03_GD32F407_App/Firmware/GD32F4xx_usb_library/host/class/msc/Source/usbh_msc_bbb.c","projects/02-boot-app-split/application/course/Firmware/GD32F4xx_usb_library/host/class/msc/Source/usbh_msc_bbb.c","VERBATIM","2a82ad623d78ccc1802d851ab7fb124d6abb5dbea980aa8c6517e26ff906e049","2a82ad623d78ccc1802d851ab7fb124d6abb5dbea980aa8c6517e26ff906e049","MATCH",""
"day01/Code/03_GD32F407_App/Firmware/GD32F4xx_usb_library/host/class/msc/Source/usbh_msc_core.c","projects/02-boot-app-split/application/course/Firmware/GD32F4xx_usb_library/host/class/msc/Source/usbh_msc_core.c","VERBATIM","5df338c15161e6c7a6424179245e0e373973b22e81dea91111ad5613ae0c8690","5df338c15161e6c7a6424179245e0e373973b22e81dea91111ad5613ae0c8690","MATCH",""
"day01/Code/03_GD32F407_App/Firmware/GD32F4xx_usb_library/host/class/msc/Source/usbh_msc_fatfs.c","projects/02-boot-app-split/application/course/Firmware/GD32F4xx_usb_library/host/class/msc/Source/usbh_msc_fatfs.c","VERBATIM","8fd0c5b44f9ac0e35427803f9761e40a5297caa2acc078cb9fde3c25ba4036b1","8fd0c5b44f9ac0e35427803f9761e40a5297caa2acc078cb9fde3c25ba4036b1","MATCH",""
"day01/Code/03_GD32F407_App/Firmware/GD32F4xx_usb_library/host/class/msc/Source/usbh_msc_scsi.c","projects/02-boot-app-split/application/course/Firmware/GD32F4xx_usb_library/host/class/msc/Source/usbh_msc_scsi.c","VERBATIM","45e6ad746800250c90834ac684d207da486f3f0fda8503284def2c537f952a85","45e6ad746800250c90834ac684d207da486f3f0fda8503284def2c537f952a85","MATCH",""
"day01/Code/03_GD32F407_App/Firmware/GD32F4xx_usb_library/host/core/Include/usbh_core.h","projects/02-boot-app-split/application/course/Firmware/GD32F4xx_usb_library/host/core/Include/usbh_core.h","VERBATIM","8919b0da3bc89862ac89da53bd34cc4f8af2f7ecebf23493d3bc0980570ec67d","8919b0da3bc89862ac89da53bd34cc4f8af2f7ecebf23493d3bc0980570ec67d","MATCH",""
"day01/Code/03_GD32F407_App/Firmware/GD32F4xx_usb_library/host/core/Include/usbh_enum.h","projects/02-boot-app-split/application/course/Firmware/GD32F4xx_usb_library/host/core/Include/usbh_enum.h","VERBATIM","a08d6a471be77a6bfdf916e166e4a95b49358f209e0708080e4a441d7d454897","a08d6a471be77a6bfdf916e166e4a95b49358f209e0708080e4a441d7d454897","MATCH",""
"day01/Code/03_GD32F407_App/Firmware/GD32F4xx_usb_library/host/core/Include/usbh_pipe.h","projects/02-boot-app-split/application/course/Firmware/GD32F4xx_usb_library/host/core/Include/usbh_pipe.h","VERBATIM","d1aa31749db419f147e34bf1608f3c79d8846fc9067b138ce90dcc6d68a724b2","d1aa31749db419f147e34bf1608f3c79d8846fc9067b138ce90dcc6d68a724b2","MATCH",""
"day01/Code/03_GD32F407_App/Firmware/GD32F4xx_usb_library/host/core/Include/usbh_transc.h","projects/02-boot-app-split/application/course/Firmware/GD32F4xx_usb_library/host/core/Include/usbh_transc.h","VERBATIM","b0a9300c836592e16782062a0d898645adc64efd21ad96f46b8ef6ebd876499c","b0a9300c836592e16782062a0d898645adc64efd21ad96f46b8ef6ebd876499c","MATCH",""
"day01/Code/03_GD32F407_App/Firmware/GD32F4xx_usb_library/host/core/Source/usbh_core.c","projects/02-boot-app-split/application/course/Firmware/GD32F4xx_usb_library/host/core/Source/usbh_core.c","VERBATIM","2e61c1493a0f04d944a9b1e01924a57908552c5c5920f357df984f098988df08","2e61c1493a0f04d944a9b1e01924a57908552c5c5920f357df984f098988df08","MATCH",""
"day01/Code/03_GD32F407_App/Firmware/GD32F4xx_usb_library/host/core/Source/usbh_enum.c","projects/02-boot-app-split/application/course/Firmware/GD32F4xx_usb_library/host/core/Source/usbh_enum.c","VERBATIM","273217f6826c6d57a1d210d2a58974ae97a27e15951b98be25bbccdea8133871","273217f6826c6d57a1d210d2a58974ae97a27e15951b98be25bbccdea8133871","MATCH",""
"day01/Code/03_GD32F407_App/Firmware/GD32F4xx_usb_library/host/core/Source/usbh_pipe.c","projects/02-boot-app-split/application/course/Firmware/GD32F4xx_usb_library/host/core/Source/usbh_pipe.c","VERBATIM","e8a4253e2a4224333c4343ee0ffd5f280c9875ef57702f44c1973cbd42edd2e0","e8a4253e2a4224333c4343ee0ffd5f280c9875ef57702f44c1973cbd42edd2e0","MATCH",""
"day01/Code/03_GD32F407_App/Firmware/GD32F4xx_usb_library/host/core/Source/usbh_transc.c","projects/02-boot-app-split/application/course/Firmware/GD32F4xx_usb_library/host/core/Source/usbh_transc.c","VERBATIM","cf1ae1fcf884275e82634538e997d8d24c31fbe959140909f5bb4e34bca0bbef","cf1ae1fcf884275e82634538e997d8d24c31fbe959140909f5bb4e34bca0bbef","MATCH",""
"day01/Code/03_GD32F407_App/Firmware/GD32F4xx_usb_library/ustd/class/cdc/usb_cdc.h","projects/02-boot-app-split/application/course/Firmware/GD32F4xx_usb_library/ustd/class/cdc/usb_cdc.h","VERBATIM","fcd43c4f51573d30f01573e2d2856e0be969c8ffd02d415aadfb69a595decf4e","fcd43c4f51573d30f01573e2d2856e0be969c8ffd02d415aadfb69a595decf4e","MATCH",""
"day01/Code/03_GD32F407_App/Firmware/GD32F4xx_usb_library/ustd/class/hid/usb_hid.h","projects/02-boot-app-split/application/course/Firmware/GD32F4xx_usb_library/ustd/class/hid/usb_hid.h","VERBATIM","f3c6a02d4fc46f9512465b6eb2951c8cddb956af73422aab9d2a1bafc69f2e7b","f3c6a02d4fc46f9512465b6eb2951c8cddb956af73422aab9d2a1bafc69f2e7b","MATCH",""
"day01/Code/03_GD32F407_App/Firmware/GD32F4xx_usb_library/ustd/class/msc/msc_bbb.h","projects/02-boot-app-split/application/course/Firmware/GD32F4xx_usb_library/ustd/class/msc/msc_bbb.h","VERBATIM","b884b8f8f7cfaf22512ede7ae709b5f3591e126d2919aecf4e2b4d7efea1f5d6","b884b8f8f7cfaf22512ede7ae709b5f3591e126d2919aecf4e2b4d7efea1f5d6","MATCH",""
"day01/Code/03_GD32F407_App/Firmware/GD32F4xx_usb_library/ustd/class/msc/msc_scsi.h","projects/02-boot-app-split/application/course/Firmware/GD32F4xx_usb_library/ustd/class/msc/msc_scsi.h","VERBATIM","8842cf305e996369687fa89568c9aee3d46f745e1aef6eb58b1a3f519f863631","8842cf305e996369687fa89568c9aee3d46f745e1aef6eb58b1a3f519f863631","MATCH",""
"day01/Code/03_GD32F407_App/Firmware/GD32F4xx_usb_library/ustd/class/msc/usb_msc.h","projects/02-boot-app-split/application/course/Firmware/GD32F4xx_usb_library/ustd/class/msc/usb_msc.h","VERBATIM","e3c2a096085131687f121de426ef9154f23ccc26e877129243a648fb8c90b216","e3c2a096085131687f121de426ef9154f23ccc26e877129243a648fb8c90b216","MATCH",""
"day01/Code/03_GD32F407_App/Firmware/GD32F4xx_usb_library/ustd/common/usb_ch9_std.h","projects/02-boot-app-split/application/course/Firmware/GD32F4xx_usb_library/ustd/common/usb_ch9_std.h","VERBATIM","b5249865f377709e456f76ca76ca5499ace39bad6a452832dbe535f1989c6d22","b5249865f377709e456f76ca76ca5499ace39bad6a452832dbe535f1989c6d22","MATCH",""
"day01/Code/03_GD32F407_App/Hardware/bsp_battery_leds.c","projects/02-boot-app-split/application/course/Hardware/bsp_battery_leds.c","VERBATIM","3355ee67df90741c1311332c6cfb0053385a7ffd03c3de8ea06fcbd57563a61d","3355ee67df90741c1311332c6cfb0053385a7ffd03c3de8ea06fcbd57563a61d","MATCH",""
"day01/Code/03_GD32F407_App/Hardware/bsp_battery_leds.h","projects/02-boot-app-split/application/course/Hardware/bsp_battery_leds.h","VERBATIM","f7585067c016c3b5077e05028c10af52a247a608de67c34047073418c430d4bf","f7585067c016c3b5077e05028c10af52a247a608de67c34047073418c430d4bf","MATCH",""
"day01/Code/03_GD32F407_App/Hardware/bsp_buzzer.c","projects/02-boot-app-split/application/course/Hardware/bsp_buzzer.c","VERBATIM","2585fd1908edf73c203dbbcf159b75f73d605cdf35ee33bbeaa33dd42d6a341f","2585fd1908edf73c203dbbcf159b75f73d605cdf35ee33bbeaa33dd42d6a341f","MATCH",""
"day01/Code/03_GD32F407_App/Hardware/bsp_buzzer.h","projects/02-boot-app-split/application/course/Hardware/bsp_buzzer.h","VERBATIM","6f5fdca736b26835cda0c10dd1f5a020894e48716151d63e5ab8b6911b9c8831","6f5fdca736b26835cda0c10dd1f5a020894e48716151d63e5ab8b6911b9c8831","MATCH",""
"day01/Code/03_GD32F407_App/Hardware/bsp_keys.c","projects/02-boot-app-split/application/course/Hardware/bsp_keys.c","VERBATIM","06352592ceeb62d72bce1d2b408e7031a34e1a76010681e3d5e8d53a471cc1f4","06352592ceeb62d72bce1d2b408e7031a34e1a76010681e3d5e8d53a471cc1f4","MATCH",""
"day01/Code/03_GD32F407_App/Hardware/bsp_keys.h","projects/02-boot-app-split/application/course/Hardware/bsp_keys.h","VERBATIM","0ef66b8ce08877d228b8b505af37aa727b0d6a383bbc78619de51579c5b984d7","0ef66b8ce08877d228b8b505af37aa727b0d6a383bbc78619de51579c5b984d7","MATCH",""
"day01/Code/03_GD32F407_App/Hardware/bsp_pca9685.c","projects/02-boot-app-split/application/course/Hardware/bsp_pca9685.c","VERBATIM","8ad0523c80a951f1b6825ad0800f550876f4e8a47954aef21a89d538042ddf85","8ad0523c80a951f1b6825ad0800f550876f4e8a47954aef21a89d538042ddf85","MATCH",""
"day01/Code/03_GD32F407_App/Hardware/bsp_pca9685.h","projects/02-boot-app-split/application/course/Hardware/bsp_pca9685.h","VERBATIM","ea3f4d3874828b2dfe2932791ee00899154a3a182e99993ccbd9b9029deaa92e","ea3f4d3874828b2dfe2932791ee00899154a3a182e99993ccbd9b9029deaa92e","MATCH",""
"day01/Code/03_GD32F407_App/Hardware/bsp_servo.c","projects/02-boot-app-split/application/course/Hardware/bsp_servo.c","VERBATIM","a5179bee263075e44786e8e52cd5d6c0c3ec659e98906b560f691573ddc579a1","a5179bee263075e44786e8e52cd5d6c0c3ec659e98906b560f691573ddc579a1","MATCH",""
"day01/Code/03_GD32F407_App/Hardware/bsp_servo.h","projects/02-boot-app-split/application/course/Hardware/bsp_servo.h","VERBATIM","53bdaa6180cf37aa9adc025902600fac610b25477d81f8702bd614b98f305184","53bdaa6180cf37aa9adc025902600fac610b25477d81f8702bd614b98f305184","MATCH",""
"day01/Code/03_GD32F407_App/Hardware/bsp_w25qxx.c","projects/02-boot-app-split/application/course/Hardware/bsp_w25qxx.c","VERBATIM","a0ea74791e8ca1f55121f1b62463cba6faf593722e91a5118470a9b75cc4332d","a0ea74791e8ca1f55121f1b62463cba6faf593722e91a5118470a9b75cc4332d","MATCH",""
"day01/Code/03_GD32F407_App/Hardware/bsp_w25qxx.h","projects/02-boot-app-split/application/course/Hardware/bsp_w25qxx.h","VERBATIM","d8058d7878d27b6fc8e840fcc7aa677bda0f4b1d9f449fafc080af4767a5208f","d8058d7878d27b6fc8e840fcc7aa677bda0f4b1d9f449fafc080af4767a5208f","MATCH",""
"day01/Code/03_GD32F407_App/Hardware/i2c_oled/bmp.h","projects/02-boot-app-split/application/course/Hardware/i2c_oled/bmp.h","VERBATIM","49a086e5ab31da021f77579e99b5a71059ee57533aa0c1faf4e23a9d0fbf1cc4","49a086e5ab31da021f77579e99b5a71059ee57533aa0c1faf4e23a9d0fbf1cc4","MATCH",""
"day01/Code/03_GD32F407_App/Hardware/i2c_oled/oled.c","projects/02-boot-app-split/application/course/Hardware/i2c_oled/oled.c","VERBATIM","aeb2a7c9c8770cfc57d64227f530db96731b9aee462aed234c168213f054e1c8","aeb2a7c9c8770cfc57d64227f530db96731b9aee462aed234c168213f054e1c8","MATCH",""
"day01/Code/03_GD32F407_App/Hardware/i2c_oled/oled.h","projects/02-boot-app-split/application/course/Hardware/i2c_oled/oled.h","VERBATIM","b98a1d8ff85e6b97cd53049929e92d76e220c986d189a6b1c3cda901b5dfe521","b98a1d8ff85e6b97cd53049929e92d76e220c986d189a6b1c3cda901b5dfe521","MATCH",""
"day01/Code/03_GD32F407_App/Hardware/i2c_oled/oledfont.h","projects/02-boot-app-split/application/course/Hardware/i2c_oled/oledfont.h","VERBATIM","9bfd741a3dfc91f1d3309b67ac59ac4a9d367a1d7a616bcb444ccc8d09d29f4d","9bfd741a3dfc91f1d3309b67ac59ac4a9d367a1d7a616bcb444ccc8d09d29f4d","MATCH",""
"day01/Code/03_GD32F407_App/Hardware/PCF8563.c","projects/02-boot-app-split/application/course/Hardware/PCF8563.c","VERBATIM","175399ba450f8e636bb2fa95e138e6b9a3bddc84ff2f9d12cca17c0827488e9d","175399ba450f8e636bb2fa95e138e6b9a3bddc84ff2f9d12cca17c0827488e9d","MATCH",""
"day01/Code/03_GD32F407_App/Hardware/PCF8563.h","projects/02-boot-app-split/application/course/Hardware/PCF8563.h","VERBATIM","18cedb9ffa72107f8618f14884e3466570cbf6e72b04ad720e18ab8da0583a3a","18cedb9ffa72107f8618f14884e3466570cbf6e72b04ad720e18ab8da0583a3a","MATCH",""
"day01/Code/03_GD32F407_App/Hardware/spi_oled/bmp.h","projects/02-boot-app-split/application/course/Hardware/spi_oled/bmp.h","VERBATIM","b118e7d338a0517ba350906c3fb4433803937da878bb55588561b1de2e104f3d","b118e7d338a0517ba350906c3fb4433803937da878bb55588561b1de2e104f3d","MATCH",""
"day01/Code/03_GD32F407_App/Hardware/spi_oled/oled.c","projects/02-boot-app-split/application/course/Hardware/spi_oled/oled.c","VERBATIM","f81d723978f1c969ee1c964d50af0e4c61ec3775ac70a1433509619f8ea0092d","f81d723978f1c969ee1c964d50af0e4c61ec3775ac70a1433509619f8ea0092d","MATCH",""
"day01/Code/03_GD32F407_App/Hardware/spi_oled/oled.h","projects/02-boot-app-split/application/course/Hardware/spi_oled/oled.h","VERBATIM","d6644e05ccba3dbd2cec6ed02651892cfd5485bc0febdf20fd068c5ac2d1e962","d6644e05ccba3dbd2cec6ed02651892cfd5485bc0febdf20fd068c5ac2d1e962","MATCH",""
"day01/Code/03_GD32F407_App/Library/EXTI_config.h","projects/02-boot-app-split/application/course/Library/EXTI_config.h","VERBATIM","0e1d8994d361a55d9837f7251d9fbe43d6c26f110b82382ff86941480f30a85b","0e1d8994d361a55d9837f7251d9fbe43d6c26f110b82382ff86941480f30a85b","MATCH",""
"day01/Code/03_GD32F407_App/Library/EXTI.c","projects/02-boot-app-split/application/course/Library/EXTI.c","VERBATIM","f31ad6b5038d43f75066a667d0c1905ced684533c26c8dbd32d8bff6f822e28c","f31ad6b5038d43f75066a667d0c1905ced684533c26c8dbd32d8bff6f822e28c","MATCH",""
"day01/Code/03_GD32F407_App/Library/EXTI.h","projects/02-boot-app-split/application/course/Library/EXTI.h","VERBATIM","836bc18a5497f7024b8a58223e66391071ebef1051bc8dddc9cf9a4537d430fb","836bc18a5497f7024b8a58223e66391071ebef1051bc8dddc9cf9a4537d430fb","MATCH",""
"day01/Code/03_GD32F407_App/Library/I2C/I2C_config.h","projects/02-boot-app-split/application/course/Library/I2C/I2C_config.h","VERBATIM","c78e6ef8b19040f77c089e6c5da8a95e9ae1e5a890cecfd30731e8d831ef0fca","c78e6ef8b19040f77c089e6c5da8a95e9ae1e5a890cecfd30731e8d831ef0fca","MATCH",""
"day01/Code/03_GD32F407_App/Library/I2C/I2C.c","projects/02-boot-app-split/application/course/Library/I2C/I2C.c","VERBATIM","e17605acea90ba6709874fba8efbacb31f105f013b10779679c71da5d3c988c2","e17605acea90ba6709874fba8efbacb31f105f013b10779679c71da5d3c988c2","MATCH",""
"day01/Code/03_GD32F407_App/Library/I2C/I2C.h","projects/02-boot-app-split/application/course/Library/I2C/I2C.h","VERBATIM","b3c4ab98d7a9c01fe9fcefd7c8d7fdf3d97964b8efaa14cb057ebb2466ed5008","b3c4ab98d7a9c01fe9fcefd7c8d7fdf3d97964b8efaa14cb057ebb2466ed5008","MATCH",""
"day01/Code/03_GD32F407_App/Library/I2C/I2C0.c","projects/02-boot-app-split/application/course/Library/I2C/I2C0.c","VERBATIM","09d1eb340eff2166230fc1727269ad8bdfdd9d69801ee72516fafd5a4ac09f4b","09d1eb340eff2166230fc1727269ad8bdfdd9d69801ee72516fafd5a4ac09f4b","MATCH",""
"day01/Code/03_GD32F407_App/Library/I2C/I2C0.h","projects/02-boot-app-split/application/course/Library/I2C/I2C0.h","VERBATIM","5381921337295aaa5f855220ff496d62baca4002cd4bdc8a8cd389901b73b567","5381921337295aaa5f855220ff496d62baca4002cd4bdc8a8cd389901b73b567","MATCH",""
"day01/Code/03_GD32F407_App/Library/SPI/SPI_config.h","projects/02-boot-app-split/application/course/Library/SPI/SPI_config.h","VERBATIM","6b4f4ed9a65f23ecc97f5b76e34de2340443cd32839f39c58dea84118106d8c4","6b4f4ed9a65f23ecc97f5b76e34de2340443cd32839f39c58dea84118106d8c4","MATCH",""
"day01/Code/03_GD32F407_App/Library/SPI/SPI.c","projects/02-boot-app-split/application/course/Library/SPI/SPI.c","VERBATIM","d38d366d8c40053915116a8bc6fc4c4667341dfc87efdba5a68cc852a0d9b504","d38d366d8c40053915116a8bc6fc4c4667341dfc87efdba5a68cc852a0d9b504","MATCH",""
"day01/Code/03_GD32F407_App/Library/SPI/SPI.h","projects/02-boot-app-split/application/course/Library/SPI/SPI.h","VERBATIM","228827808cd9e5fa9d40c5158c82258adb18cb347fbc9cc6ce45d4e7c15f5198","228827808cd9e5fa9d40c5158c82258adb18cb347fbc9cc6ce45d4e7c15f5198","MATCH",""
"day01/Code/03_GD32F407_App/Library/SPI/SPI0.c","projects/02-boot-app-split/application/course/Library/SPI/SPI0.c","VERBATIM","6df75c41548208431df0eb0a3841c7c908ca0a62f863f941239d99af51c4d239","6df75c41548208431df0eb0a3841c7c908ca0a62f863f941239d99af51c4d239","MATCH",""
"day01/Code/03_GD32F407_App/Library/SPI/SPI0.h","projects/02-boot-app-split/application/course/Library/SPI/SPI0.h","VERBATIM","6ac40fd0140c927fcec89fb8e544f668e9fef2565b3c59c80b7c178db0a0e5e5","6ac40fd0140c927fcec89fb8e544f668e9fef2565b3c59c80b7c178db0a0e5e5","MATCH",""
"day01/Code/03_GD32F407_App/Library/TIMER_config.h","projects/02-boot-app-split/application/course/Library/TIMER_config.h","VERBATIM","fd153a4b76c23071b2c8f861a8ce001764d262c45cfea8dc65a447e42b716210","fd153a4b76c23071b2c8f861a8ce001764d262c45cfea8dc65a447e42b716210","MATCH",""
"day01/Code/03_GD32F407_App/Library/TIMER.c","projects/02-boot-app-split/application/course/Library/TIMER.c","VERBATIM","e32690d22b9982482691676795f7ebf70e27ca01b1cf3ababa165c3e65c91a6a","e32690d22b9982482691676795f7ebf70e27ca01b1cf3ababa165c3e65c91a6a","MATCH",""
"day01/Code/03_GD32F407_App/Library/TIMER.h","projects/02-boot-app-split/application/course/Library/TIMER.h","VERBATIM","589b5271d5c286801849960b11984b42ab88089f55d2e9393e8469ec6c42664f","589b5271d5c286801849960b11984b42ab88089f55d2e9393e8469ec6c42664f","MATCH",""
"day01/Code/03_GD32F407_App/Library/USART/USART_config.h","projects/02-boot-app-split/application/course/Library/USART/USART_config.h","VERBATIM","98f2567c6474a0500773aff62b89c30e20a8c8700722b1db52232e05c641339d","98f2567c6474a0500773aff62b89c30e20a8c8700722b1db52232e05c641339d","MATCH",""
"day01/Code/03_GD32F407_App/Library/USART/USART.c","projects/02-boot-app-split/application/course/Library/USART/USART.c","VERBATIM","2f9bb98e49eb21aa5a9813c1340e2ba5187ab29c7034d9d898827ca3a592a988","2f9bb98e49eb21aa5a9813c1340e2ba5187ab29c7034d9d898827ca3a592a988","MATCH",""
"day01/Code/03_GD32F407_App/Library/USART/USART.h","projects/02-boot-app-split/application/course/Library/USART/USART.h","VERBATIM","c365a4143b5bca67299c41db548db6e4c7695d704b542c998e35f58bc9322d1a","c365a4143b5bca67299c41db548db6e4c7695d704b542c998e35f58bc9322d1a","MATCH",""
"day01/Code/03_GD32F407_App/Library/USART/USART0.c","projects/02-boot-app-split/application/course/Library/USART/USART0.c","VERBATIM","d30ec7e30aea5afc0b64062eebea846c587f95f76bfed493475d370dc33b37ef","d30ec7e30aea5afc0b64062eebea846c587f95f76bfed493475d370dc33b37ef","MATCH",""
"day01/Code/03_GD32F407_App/Library/USART/USART0.h","projects/02-boot-app-split/application/course/Library/USART/USART0.h","VERBATIM","58d96f267dbbc3582c0622526177c7d0eccef031019ef990796afccb44a908db","58d96f267dbbc3582c0622526177c7d0eccef031019ef990796afccb44a908db","MATCH",""
"day01/Code/03_GD32F407_App/Library/USART/USART1.c","projects/02-boot-app-split/application/course/Library/USART/USART1.c","VERBATIM","9a6de68381da651969320719756e612b82da20c772aa3b7c9e6df4871247ee57","9a6de68381da651969320719756e612b82da20c772aa3b7c9e6df4871247ee57","MATCH",""
"day01/Code/03_GD32F407_App/Library/USART/USART1.h","projects/02-boot-app-split/application/course/Library/USART/USART1.h","VERBATIM","613ec47204418fbbeb443a5c1567065bc07a487c386aec4f6756f84f46807866","613ec47204418fbbeb443a5c1567065bc07a487c386aec4f6756f84f46807866","MATCH",""
"day01/Code/03_GD32F407_App/Project/GD32F407.uvprojx","projects/02-boot-app-split/application/course/Project/GD32F407.uvprojx","VERBATIM","67ebbd6a79dba4e89e8e1a20627cce2bc8f8c434dd9bc496dbcff2c9f1c1eef8","67ebbd6a79dba4e89e8e1a20627cce2bc8f8c434dd9bc496dbcff2c9f1c1eef8","MATCH",""
"day01/Code/03_GD32F407_App/User/gd32f4xx_it.c","projects/02-boot-app-split/application/course/User/gd32f4xx_it.c","VERBATIM","5be8e65b392a41354e513056974d1869598af02739a7ce6419e611d6aa3979c6","5be8e65b392a41354e513056974d1869598af02739a7ce6419e611d6aa3979c6","MATCH",""
"day01/Code/03_GD32F407_App/User/gd32f4xx_it.h","projects/02-boot-app-split/application/course/User/gd32f4xx_it.h","VERBATIM","b4995762ae5ceb7125cc9720cea7e2bad8640c23b87ed1856d9b8a380a5fc8c3","b4995762ae5ceb7125cc9720cea7e2bad8640c23b87ed1856d9b8a380a5fc8c3","MATCH",""
"day01/Code/03_GD32F407_App/User/gd32f4xx_libopt.h","projects/02-boot-app-split/application/course/User/gd32f4xx_libopt.h","VERBATIM","702c6d85987bcdddd363a8412c5806255f6c746065da984eb21896c5ddd6bf09","702c6d85987bcdddd363a8412c5806255f6c746065da984eb21896c5ddd6bf09","MATCH",""
"day01/Code/03_GD32F407_App/User/main.c","projects/02-boot-app-split/application/course/User/main.c","VERBATIM","83979204ffc651ec8265bcaeb89900dd0dba04df5a8a3784e70229c6afc7015b","83979204ffc651ec8265bcaeb89900dd0dba04df5a8a3784e70229c6afc7015b","MATCH",""
"day01/Code/03_GD32F407_App/User/main.h","projects/02-boot-app-split/application/course/User/main.h","VERBATIM","724b8affcda9984a7b0f94ac7a7bb1005015ac3ca9e2cf59e5bff08b58ceafd1","724b8affcda9984a7b0f94ac7a7bb1005015ac3ca9e2cf59e5bff08b58ceafd1","MATCH",""
"day01/Code/03_GD32F407_App/User/readme.txt","projects/02-boot-app-split/application/course/User/readme.txt","VERBATIM","a45bd1e14d470b46be2d57c9d35147e41204556cc4bb4e25ea3c7b6b424a0b7c","a45bd1e14d470b46be2d57c9d35147e41204556cc4bb4e25ea3c7b6b424a0b7c","MATCH",""
"day01/Code/03_GD32F407_App/User/systick.c","projects/02-boot-app-split/application/course/User/systick.c","VERBATIM","bdcf5157ddd8870483ceb757646a3978ff836ac08737540d6f93a508127fdeeb","bdcf5157ddd8870483ceb757646a3978ff836ac08737540d6f93a508127fdeeb","MATCH",""
"day01/Code/03_GD32F407_App/User/systick.h","projects/02-boot-app-split/application/course/User/systick.h","VERBATIM","8722c649ef06723501e93f5a071320e6a9e5dc57220b20f5b267a0096ea46e35","8722c649ef06723501e93f5a071320e6a9e5dc57220b20f5b267a0096ea46e35","MATCH",""
"day02/Code/01_GD32F407_IAP_Bootloader/Common/flash_drv.c","projects/03-ymodem-iap/bootloader/course/Common/flash_drv.c","VERBATIM","d1ef57fcadeec305daed044553063a66503f50df5dc793312e5b356ec10178ac","d1ef57fcadeec305daed044553063a66503f50df5dc793312e5b356ec10178ac","MATCH",""
"day02/Code/01_GD32F407_IAP_Bootloader/Common/flash_drv.h","projects/03-ymodem-iap/bootloader/course/Common/flash_drv.h","VERBATIM","f836e745ed922e0c1850aa8814fbb267218cd496be5cd7acef62b2e4d0144df0","f836e745ed922e0c1850aa8814fbb267218cd496be5cd7acef62b2e4d0144df0","MATCH",""
"day02/Code/01_GD32F407_IAP_Bootloader/Common/fmc_operation.c","projects/03-ymodem-iap/bootloader/course/Common/fmc_operation.c","VERBATIM","996936d0d884172b36d96e9155f713489d099770f22b2f8d4ddbc7c9226c3c33","996936d0d884172b36d96e9155f713489d099770f22b2f8d4ddbc7c9226c3c33","MATCH",""
"day02/Code/01_GD32F407_IAP_Bootloader/Common/fmc_operation.h","projects/03-ymodem-iap/bootloader/course/Common/fmc_operation.h","VERBATIM","3fc83074fa0df26c416ed8f0485d7cc88d8973c837ab24089723a7938f9bd1ce","3fc83074fa0df26c416ed8f0485d7cc88d8973c837ab24089723a7938f9bd1ce","MATCH",""
"day02/Code/01_GD32F407_IAP_Bootloader/Common/update.c","projects/03-ymodem-iap/bootloader/course/Common/update.c","VERBATIM","4ab821eff851ca4cc9f7d3e226a0d5aade355a068120c7c633d1d466777232a1","4ab821eff851ca4cc9f7d3e226a0d5aade355a068120c7c633d1d466777232a1","MATCH",""
"day02/Code/01_GD32F407_IAP_Bootloader/Common/update.h","projects/03-ymodem-iap/bootloader/course/Common/update.h","VERBATIM","73209f215dbcefe7b559b9b97fabc77d8e75d7eadd296c74c7cd87a2b3ad0c29","73209f215dbcefe7b559b9b97fabc77d8e75d7eadd296c74c7cd87a2b3ad0c29","MATCH",""
"day02/Code/01_GD32F407_IAP_Bootloader/Firmware/CMSIS/core_cm4_simd.h","projects/03-ymodem-iap/bootloader/course/Firmware/CMSIS/core_cm4_simd.h","VERBATIM","0c2a0c2d66c7791b82ca19d10336c96518830ef359f6bfd9da7477bc2cbccbbb","0c2a0c2d66c7791b82ca19d10336c96518830ef359f6bfd9da7477bc2cbccbbb","MATCH",""
"day02/Code/01_GD32F407_IAP_Bootloader/Firmware/CMSIS/core_cm4.h","projects/03-ymodem-iap/bootloader/course/Firmware/CMSIS/core_cm4.h","VERBATIM","4756546e1449d17b1a7dee2f3307f2c92c9f1d669c3f5dfc3ee1dec8aee9a8f7","4756546e1449d17b1a7dee2f3307f2c92c9f1d669c3f5dfc3ee1dec8aee9a8f7","MATCH",""
"day02/Code/01_GD32F407_IAP_Bootloader/Firmware/CMSIS/core_cmFunc.h","projects/03-ymodem-iap/bootloader/course/Firmware/CMSIS/core_cmFunc.h","VERBATIM","5075ff67c8e264b83d9b391c07c6512e26abbc189e321de0d8b4375476980e5e","5075ff67c8e264b83d9b391c07c6512e26abbc189e321de0d8b4375476980e5e","MATCH",""
"day02/Code/01_GD32F407_IAP_Bootloader/Firmware/CMSIS/core_cmInstr.h","projects/03-ymodem-iap/bootloader/course/Firmware/CMSIS/core_cmInstr.h","VERBATIM","c35ddca16ca04646dc70acf2d592ad9eaeaaecd8125a32abb710069648266eb5","c35ddca16ca04646dc70acf2d592ad9eaeaaecd8125a32abb710069648266eb5","MATCH",""
"day02/Code/01_GD32F407_IAP_Bootloader/Firmware/CMSIS/GD/GD32F4xx/Include/gd32f4xx.h","projects/03-ymodem-iap/bootloader/course/Firmware/CMSIS/GD/GD32F4xx/Include/gd32f4xx.h","VERBATIM","96f1f6884c9885d32df760a385ca0b5e8e9b20c066f71b946771a00503623a62","96f1f6884c9885d32df760a385ca0b5e8e9b20c066f71b946771a00503623a62","MATCH",""
"day02/Code/01_GD32F407_IAP_Bootloader/Firmware/CMSIS/GD/GD32F4xx/Include/system_gd32f4xx.h","projects/03-ymodem-iap/bootloader/course/Firmware/CMSIS/GD/GD32F4xx/Include/system_gd32f4xx.h","VERBATIM","98ef2dd6dd7f6d2542c4d5ca83e9869be3630b43300cb9ab453703e4277913bd","98ef2dd6dd7f6d2542c4d5ca83e9869be3630b43300cb9ab453703e4277913bd","MATCH",""
"day02/Code/01_GD32F407_IAP_Bootloader/Firmware/CMSIS/GD/GD32F4xx/Source/ARM/startup_gd32f405_425.s","projects/03-ymodem-iap/bootloader/course/Firmware/CMSIS/GD/GD32F4xx/Source/ARM/startup_gd32f405_425.s","VERBATIM","aef6290f6950c0b7fb922fd12b91b3fc34ada707a6846aa5d7a1277fdd50fbd9","aef6290f6950c0b7fb922fd12b91b3fc34ada707a6846aa5d7a1277fdd50fbd9","MATCH",""
"day02/Code/01_GD32F407_IAP_Bootloader/Firmware/CMSIS/GD/GD32F4xx/Source/ARM/startup_gd32f407_427.s","projects/03-ymodem-iap/bootloader/course/Firmware/CMSIS/GD/GD32F4xx/Source/ARM/startup_gd32f407_427.s","VERBATIM","8bd565510812682bb78eabde21966437e355651d87969df804bb7a03f6a1966c","8bd565510812682bb78eabde21966437e355651d87969df804bb7a03f6a1966c","MATCH",""
"day02/Code/01_GD32F407_IAP_Bootloader/Firmware/CMSIS/GD/GD32F4xx/Source/ARM/startup_gd32f450_470.s","projects/03-ymodem-iap/bootloader/course/Firmware/CMSIS/GD/GD32F4xx/Source/ARM/startup_gd32f450_470.s","VERBATIM","a4e9852ba47aad025de9645d067fab33dda87b8e82dea6d77b3364f902345299","a4e9852ba47aad025de9645d067fab33dda87b8e82dea6d77b3364f902345299","MATCH",""
"day02/Code/01_GD32F407_IAP_Bootloader/Firmware/CMSIS/GD/GD32F4xx/Source/IAR/startup_gd32f405_425.s","projects/03-ymodem-iap/bootloader/course/Firmware/CMSIS/GD/GD32F4xx/Source/IAR/startup_gd32f405_425.s","VERBATIM","70e76c6ad0182a5682773261e308008bc1102c09839605a0e058851173026836","70e76c6ad0182a5682773261e308008bc1102c09839605a0e058851173026836","MATCH",""
"day02/Code/01_GD32F407_IAP_Bootloader/Firmware/CMSIS/GD/GD32F4xx/Source/IAR/startup_gd32f407_427.s","projects/03-ymodem-iap/bootloader/course/Firmware/CMSIS/GD/GD32F4xx/Source/IAR/startup_gd32f407_427.s","VERBATIM","550d6ca54de7f8fcb2791aaf9141666ba15978c55017fa6798bf0ca80a2864c6","550d6ca54de7f8fcb2791aaf9141666ba15978c55017fa6798bf0ca80a2864c6","MATCH",""
"day02/Code/01_GD32F407_IAP_Bootloader/Firmware/CMSIS/GD/GD32F4xx/Source/IAR/startup_gd32f450_470.s","projects/03-ymodem-iap/bootloader/course/Firmware/CMSIS/GD/GD32F4xx/Source/IAR/startup_gd32f450_470.s","VERBATIM","ee6654f1d551c6937d014fe943342b0395a32076e5ac8dd688c600eacb9bd343","ee6654f1d551c6937d014fe943342b0395a32076e5ac8dd688c600eacb9bd343","MATCH",""
"day02/Code/01_GD32F407_IAP_Bootloader/Firmware/CMSIS/GD/GD32F4xx/Source/system_gd32f4xx.c","projects/03-ymodem-iap/bootloader/course/Firmware/CMSIS/GD/GD32F4xx/Source/system_gd32f4xx.c","VERBATIM","8f66a123756716cf74297a7b54eec616f230cbbc37dfb60f21bf05d1bc070836","8f66a123756716cf74297a7b54eec616f230cbbc37dfb60f21bf05d1bc070836","MATCH",""
"day02/Code/01_GD32F407_IAP_Bootloader/Firmware/GD32F4xx_standard_peripheral/Include/gd32f4xx_adc.h","projects/03-ymodem-iap/bootloader/course/Firmware/GD32F4xx_standard_peripheral/Include/gd32f4xx_adc.h","VERBATIM","d6b41e007f1ee95e5fa1b495f94924f7e6166439fbf3e9234a26b5fa6c32f1de","d6b41e007f1ee95e5fa1b495f94924f7e6166439fbf3e9234a26b5fa6c32f1de","MATCH",""
"day02/Code/01_GD32F407_IAP_Bootloader/Firmware/GD32F4xx_standard_peripheral/Include/gd32f4xx_can.h","projects/03-ymodem-iap/bootloader/course/Firmware/GD32F4xx_standard_peripheral/Include/gd32f4xx_can.h","VERBATIM","62a96066d7b8a1cef45ab4092fce5058b962050eb1c9e4b3585f0e19b9f30578","62a96066d7b8a1cef45ab4092fce5058b962050eb1c9e4b3585f0e19b9f30578","MATCH",""
"day02/Code/01_GD32F407_IAP_Bootloader/Firmware/GD32F4xx_standard_peripheral/Include/gd32f4xx_crc.h","projects/03-ymodem-iap/bootloader/course/Firmware/GD32F4xx_standard_peripheral/Include/gd32f4xx_crc.h","VERBATIM","4870f145aeec968f3a7a0a5068105591e1adeb9a37a5e47fdcc9d27d7d3afbd6","4870f145aeec968f3a7a0a5068105591e1adeb9a37a5e47fdcc9d27d7d3afbd6","MATCH",""
"day02/Code/01_GD32F407_IAP_Bootloader/Firmware/GD32F4xx_standard_peripheral/Include/gd32f4xx_ctc.h","projects/03-ymodem-iap/bootloader/course/Firmware/GD32F4xx_standard_peripheral/Include/gd32f4xx_ctc.h","VERBATIM","900ab7d5f9c585834166a58966c8d523ff91d410066d00bbed3e6522c25782d7","900ab7d5f9c585834166a58966c8d523ff91d410066d00bbed3e6522c25782d7","MATCH",""
"day02/Code/01_GD32F407_IAP_Bootloader/Firmware/GD32F4xx_standard_peripheral/Include/gd32f4xx_dac.h","projects/03-ymodem-iap/bootloader/course/Firmware/GD32F4xx_standard_peripheral/Include/gd32f4xx_dac.h","VERBATIM","86057cc0c52a32f955a12f47aba1e4997ac2daba13b10a686d8777579f638afb","86057cc0c52a32f955a12f47aba1e4997ac2daba13b10a686d8777579f638afb","MATCH",""
"day02/Code/01_GD32F407_IAP_Bootloader/Firmware/GD32F4xx_standard_peripheral/Include/gd32f4xx_dbg.h","projects/03-ymodem-iap/bootloader/course/Firmware/GD32F4xx_standard_peripheral/Include/gd32f4xx_dbg.h","VERBATIM","21a089b5880f1d101116bd37eaac7a085a103901a40900e75941130d901b150e","21a089b5880f1d101116bd37eaac7a085a103901a40900e75941130d901b150e","MATCH",""
"day02/Code/01_GD32F407_IAP_Bootloader/Firmware/GD32F4xx_standard_peripheral/Include/gd32f4xx_dci.h","projects/03-ymodem-iap/bootloader/course/Firmware/GD32F4xx_standard_peripheral/Include/gd32f4xx_dci.h","VERBATIM","787f449f0b2eba5bbcc92b0d50899fa668cea6ed9ccab3960eba0b2253cc7748","787f449f0b2eba5bbcc92b0d50899fa668cea6ed9ccab3960eba0b2253cc7748","MATCH",""
"day02/Code/01_GD32F407_IAP_Bootloader/Firmware/GD32F4xx_standard_peripheral/Include/gd32f4xx_dma.h","projects/03-ymodem-iap/bootloader/course/Firmware/GD32F4xx_standard_peripheral/Include/gd32f4xx_dma.h","VERBATIM","f358957ebf98c4c449480a088e349cdac2716394c24fa4111de08b06fcdc5094","f358957ebf98c4c449480a088e349cdac2716394c24fa4111de08b06fcdc5094","MATCH",""
"day02/Code/01_GD32F407_IAP_Bootloader/Firmware/GD32F4xx_standard_peripheral/Include/gd32f4xx_enet.h","projects/03-ymodem-iap/bootloader/course/Firmware/GD32F4xx_standard_peripheral/Include/gd32f4xx_enet.h","VERBATIM","2bdbc2be9b0e3ba398deeab38021442a2cfeedff21fc353cf3b16c717a2cdf9b","2bdbc2be9b0e3ba398deeab38021442a2cfeedff21fc353cf3b16c717a2cdf9b","MATCH",""
"day02/Code/01_GD32F407_IAP_Bootloader/Firmware/GD32F4xx_standard_peripheral/Include/gd32f4xx_exmc.h","projects/03-ymodem-iap/bootloader/course/Firmware/GD32F4xx_standard_peripheral/Include/gd32f4xx_exmc.h","VERBATIM","68482b678dd868085a6be6317eec18873d43f895936e503487e843e561a0d55e","68482b678dd868085a6be6317eec18873d43f895936e503487e843e561a0d55e","MATCH",""
"day02/Code/01_GD32F407_IAP_Bootloader/Firmware/GD32F4xx_standard_peripheral/Include/gd32f4xx_exti.h","projects/03-ymodem-iap/bootloader/course/Firmware/GD32F4xx_standard_peripheral/Include/gd32f4xx_exti.h","VERBATIM","705948f029f63a5995d9849a60e417d6210ece34c8e942c76a2d4e7a2b927426","705948f029f63a5995d9849a60e417d6210ece34c8e942c76a2d4e7a2b927426","MATCH",""
"day02/Code/01_GD32F407_IAP_Bootloader/Firmware/GD32F4xx_standard_peripheral/Include/gd32f4xx_fmc.h","projects/03-ymodem-iap/bootloader/course/Firmware/GD32F4xx_standard_peripheral/Include/gd32f4xx_fmc.h","VERBATIM","5a5d9f0b1ce1e7486206130f80048f81a6d3e9e6337bf0a4c69d4a1d5edc9f7e","5a5d9f0b1ce1e7486206130f80048f81a6d3e9e6337bf0a4c69d4a1d5edc9f7e","MATCH",""
"day02/Code/01_GD32F407_IAP_Bootloader/Firmware/GD32F4xx_standard_peripheral/Include/gd32f4xx_fwdgt.h","projects/03-ymodem-iap/bootloader/course/Firmware/GD32F4xx_standard_peripheral/Include/gd32f4xx_fwdgt.h","VERBATIM","04cb4ee0d6526910cf9ca8befc437fc6df3fdfe09fb0bc418ab7ea5c19611a50","04cb4ee0d6526910cf9ca8befc437fc6df3fdfe09fb0bc418ab7ea5c19611a50","MATCH",""
"day02/Code/01_GD32F407_IAP_Bootloader/Firmware/GD32F4xx_standard_peripheral/Include/gd32f4xx_gpio.h","projects/03-ymodem-iap/bootloader/course/Firmware/GD32F4xx_standard_peripheral/Include/gd32f4xx_gpio.h","VERBATIM","a20501a28644bf45b8e3c4ab2a7237466805c1480b06e7d6c8585296d7f08787","a20501a28644bf45b8e3c4ab2a7237466805c1480b06e7d6c8585296d7f08787","MATCH",""
"day02/Code/01_GD32F407_IAP_Bootloader/Firmware/GD32F4xx_standard_peripheral/Include/gd32f4xx_i2c.h","projects/03-ymodem-iap/bootloader/course/Firmware/GD32F4xx_standard_peripheral/Include/gd32f4xx_i2c.h","VERBATIM","6cf4053e2452263cdfcb98da0832ce1f2f1b0380c1bea5d4284c1df0d5cbbb05","6cf4053e2452263cdfcb98da0832ce1f2f1b0380c1bea5d4284c1df0d5cbbb05","MATCH",""
"day02/Code/01_GD32F407_IAP_Bootloader/Firmware/GD32F4xx_standard_peripheral/Include/gd32f4xx_ipa.h","projects/03-ymodem-iap/bootloader/course/Firmware/GD32F4xx_standard_peripheral/Include/gd32f4xx_ipa.h","VERBATIM","1ad22068402e09bae4117e637ed972fcd7452751ccbe01c7829aea7df45ae8ae","1ad22068402e09bae4117e637ed972fcd7452751ccbe01c7829aea7df45ae8ae","MATCH",""
"day02/Code/01_GD32F407_IAP_Bootloader/Firmware/GD32F4xx_standard_peripheral/Include/gd32f4xx_iref.h","projects/03-ymodem-iap/bootloader/course/Firmware/GD32F4xx_standard_peripheral/Include/gd32f4xx_iref.h","VERBATIM","d9d1e67fd4473f44b2f7e22bb78c3dfa9b5109d083af1b0fdc63ec657b241c4a","d9d1e67fd4473f44b2f7e22bb78c3dfa9b5109d083af1b0fdc63ec657b241c4a","MATCH",""
"day02/Code/01_GD32F407_IAP_Bootloader/Firmware/GD32F4xx_standard_peripheral/Include/gd32f4xx_misc.h","projects/03-ymodem-iap/bootloader/course/Firmware/GD32F4xx_standard_peripheral/Include/gd32f4xx_misc.h","VERBATIM","0a918f830f0200c0e806dfb50594259783e69d8adbc27708705567f7193d35fb","0a918f830f0200c0e806dfb50594259783e69d8adbc27708705567f7193d35fb","MATCH",""
"day02/Code/01_GD32F407_IAP_Bootloader/Firmware/GD32F4xx_standard_peripheral/Include/gd32f4xx_pmu.h","projects/03-ymodem-iap/bootloader/course/Firmware/GD32F4xx_standard_peripheral/Include/gd32f4xx_pmu.h","VERBATIM","b9a72b6e42083efd170c0c5fbe579c5d6417f9bbf674db36041be96fcbd84636","b9a72b6e42083efd170c0c5fbe579c5d6417f9bbf674db36041be96fcbd84636","MATCH",""
"day02/Code/01_GD32F407_IAP_Bootloader/Firmware/GD32F4xx_standard_peripheral/Include/gd32f4xx_rcu.h","projects/03-ymodem-iap/bootloader/course/Firmware/GD32F4xx_standard_peripheral/Include/gd32f4xx_rcu.h","VERBATIM","ac2b2ae653edc89e674eda24e1cfe8b511b73984ae0cabed3df60ba61f8eef08","ac2b2ae653edc89e674eda24e1cfe8b511b73984ae0cabed3df60ba61f8eef08","MATCH",""
"day02/Code/01_GD32F407_IAP_Bootloader/Firmware/GD32F4xx_standard_peripheral/Include/gd32f4xx_rtc.h","projects/03-ymodem-iap/bootloader/course/Firmware/GD32F4xx_standard_peripheral/Include/gd32f4xx_rtc.h","VERBATIM","1798b1b495683096d4491cf0f854957d2ad60612f65a801ed0e7a4bee49fa549","1798b1b495683096d4491cf0f854957d2ad60612f65a801ed0e7a4bee49fa549","MATCH",""
"day02/Code/01_GD32F407_IAP_Bootloader/Firmware/GD32F4xx_standard_peripheral/Include/gd32f4xx_sdio.h","projects/03-ymodem-iap/bootloader/course/Firmware/GD32F4xx_standard_peripheral/Include/gd32f4xx_sdio.h","VERBATIM","8d6813efc565e3085611d767ea4e670e0c76a256c6f17fc93f313bcb11d0385a","8d6813efc565e3085611d767ea4e670e0c76a256c6f17fc93f313bcb11d0385a","MATCH",""
"day02/Code/01_GD32F407_IAP_Bootloader/Firmware/GD32F4xx_standard_peripheral/Include/gd32f4xx_spi.h","projects/03-ymodem-iap/bootloader/course/Firmware/GD32F4xx_standard_peripheral/Include/gd32f4xx_spi.h","VERBATIM","4c6360c8fe58d4a38e4870bcba17630857551d3ec7b4bd3ddeb5085c31240b1c","4c6360c8fe58d4a38e4870bcba17630857551d3ec7b4bd3ddeb5085c31240b1c","MATCH",""
"day02/Code/01_GD32F407_IAP_Bootloader/Firmware/GD32F4xx_standard_peripheral/Include/gd32f4xx_syscfg.h","projects/03-ymodem-iap/bootloader/course/Firmware/GD32F4xx_standard_peripheral/Include/gd32f4xx_syscfg.h","VERBATIM","5060fef0a07a3fc1396a31f09f95fe1d134f8a1fb1581e3dd98bb6078108c447","5060fef0a07a3fc1396a31f09f95fe1d134f8a1fb1581e3dd98bb6078108c447","MATCH",""
"day02/Code/01_GD32F407_IAP_Bootloader/Firmware/GD32F4xx_standard_peripheral/Include/gd32f4xx_timer.h","projects/03-ymodem-iap/bootloader/course/Firmware/GD32F4xx_standard_peripheral/Include/gd32f4xx_timer.h","VERBATIM","7a79f81f1d862a1b49f23bfe05b1ac751a71e761b6e63c2dffabe6c7bc69ac49","7a79f81f1d862a1b49f23bfe05b1ac751a71e761b6e63c2dffabe6c7bc69ac49","MATCH",""
"day02/Code/01_GD32F407_IAP_Bootloader/Firmware/GD32F4xx_standard_peripheral/Include/gd32f4xx_tli.h","projects/03-ymodem-iap/bootloader/course/Firmware/GD32F4xx_standard_peripheral/Include/gd32f4xx_tli.h","VERBATIM","1b94ea157ac8ce2fed962b0c4ff95b6702c6194300aa51b04c3aafe493768d2a","1b94ea157ac8ce2fed962b0c4ff95b6702c6194300aa51b04c3aafe493768d2a","MATCH",""
"day02/Code/01_GD32F407_IAP_Bootloader/Firmware/GD32F4xx_standard_peripheral/Include/gd32f4xx_trng.h","projects/03-ymodem-iap/bootloader/course/Firmware/GD32F4xx_standard_peripheral/Include/gd32f4xx_trng.h","VERBATIM","91e2bb5affefa65f90927fad795faa0f4204516284eca38e461506f0cd9ca924","91e2bb5affefa65f90927fad795faa0f4204516284eca38e461506f0cd9ca924","MATCH",""
"day02/Code/01_GD32F407_IAP_Bootloader/Firmware/GD32F4xx_standard_peripheral/Include/gd32f4xx_usart.h","projects/03-ymodem-iap/bootloader/course/Firmware/GD32F4xx_standard_peripheral/Include/gd32f4xx_usart.h","VERBATIM","6cf40e957a1216c99e3663d667de1944c42272897011834bf20adcd97e791074","6cf40e957a1216c99e3663d667de1944c42272897011834bf20adcd97e791074","MATCH",""
"day02/Code/01_GD32F407_IAP_Bootloader/Firmware/GD32F4xx_standard_peripheral/Include/gd32f4xx_wwdgt.h","projects/03-ymodem-iap/bootloader/course/Firmware/GD32F4xx_standard_peripheral/Include/gd32f4xx_wwdgt.h","VERBATIM","01eecfc98b4507aeb8f0afbe7d994ea0a617a79e5d4eb2d1d4a85979ba014efe","01eecfc98b4507aeb8f0afbe7d994ea0a617a79e5d4eb2d1d4a85979ba014efe","MATCH",""
"day02/Code/01_GD32F407_IAP_Bootloader/Firmware/GD32F4xx_standard_peripheral/Source/gd32f4xx_adc.c","projects/03-ymodem-iap/bootloader/course/Firmware/GD32F4xx_standard_peripheral/Source/gd32f4xx_adc.c","VERBATIM","8a5c91ec7a397b53efd086646674d273ece00f36c9610ab50715fe1521ba4112","8a5c91ec7a397b53efd086646674d273ece00f36c9610ab50715fe1521ba4112","MATCH",""
"day02/Code/01_GD32F407_IAP_Bootloader/Firmware/GD32F4xx_standard_peripheral/Source/gd32f4xx_can.c","projects/03-ymodem-iap/bootloader/course/Firmware/GD32F4xx_standard_peripheral/Source/gd32f4xx_can.c","VERBATIM","ce0e343b00856972eabaccc1f4d88c051796a8d1e30c4596312fc29a533db8ba","ce0e343b00856972eabaccc1f4d88c051796a8d1e30c4596312fc29a533db8ba","MATCH",""
"day02/Code/01_GD32F407_IAP_Bootloader/Firmware/GD32F4xx_standard_peripheral/Source/gd32f4xx_crc.c","projects/03-ymodem-iap/bootloader/course/Firmware/GD32F4xx_standard_peripheral/Source/gd32f4xx_crc.c","VERBATIM","c14034159e72e082aa70e2a8cba60ffcf950b63d75ae467706632f32ec00f315","c14034159e72e082aa70e2a8cba60ffcf950b63d75ae467706632f32ec00f315","MATCH",""
"day02/Code/01_GD32F407_IAP_Bootloader/Firmware/GD32F4xx_standard_peripheral/Source/gd32f4xx_ctc.c","projects/03-ymodem-iap/bootloader/course/Firmware/GD32F4xx_standard_peripheral/Source/gd32f4xx_ctc.c","VERBATIM","07f4a6385c6ffb2e18ecf95daae6a431fb91262fa988835a249a64f4002280a1","07f4a6385c6ffb2e18ecf95daae6a431fb91262fa988835a249a64f4002280a1","MATCH",""
"day02/Code/01_GD32F407_IAP_Bootloader/Firmware/GD32F4xx_standard_peripheral/Source/gd32f4xx_dac.c","projects/03-ymodem-iap/bootloader/course/Firmware/GD32F4xx_standard_peripheral/Source/gd32f4xx_dac.c","VERBATIM","ace5c99f1e2774d955ca4e4d5d6e81b2d831f718098487ea3e8c2c34c960e160","ace5c99f1e2774d955ca4e4d5d6e81b2d831f718098487ea3e8c2c34c960e160","MATCH",""
"day02/Code/01_GD32F407_IAP_Bootloader/Firmware/GD32F4xx_standard_peripheral/Source/gd32f4xx_dbg.c","projects/03-ymodem-iap/bootloader/course/Firmware/GD32F4xx_standard_peripheral/Source/gd32f4xx_dbg.c","VERBATIM","6eec659fd6b5c549226bae8e9c9c78785b064d557434189bb221287d550fe291","6eec659fd6b5c549226bae8e9c9c78785b064d557434189bb221287d550fe291","MATCH",""
"day02/Code/01_GD32F407_IAP_Bootloader/Firmware/GD32F4xx_standard_peripheral/Source/gd32f4xx_dci.c","projects/03-ymodem-iap/bootloader/course/Firmware/GD32F4xx_standard_peripheral/Source/gd32f4xx_dci.c","VERBATIM","b99613d9a21a02dd39117f30b9a488b859209ab3489dcfde7361d147cdf76516","b99613d9a21a02dd39117f30b9a488b859209ab3489dcfde7361d147cdf76516","MATCH",""
"day02/Code/01_GD32F407_IAP_Bootloader/Firmware/GD32F4xx_standard_peripheral/Source/gd32f4xx_dma.c","projects/03-ymodem-iap/bootloader/course/Firmware/GD32F4xx_standard_peripheral/Source/gd32f4xx_dma.c","VERBATIM","2d943a169ababcc22cbc6c41665f5ce375c30b63005954e1d34bb3218cb63faf","2d943a169ababcc22cbc6c41665f5ce375c30b63005954e1d34bb3218cb63faf","MATCH",""
"day02/Code/01_GD32F407_IAP_Bootloader/Firmware/GD32F4xx_standard_peripheral/Source/gd32f4xx_enet.c","projects/03-ymodem-iap/bootloader/course/Firmware/GD32F4xx_standard_peripheral/Source/gd32f4xx_enet.c","VERBATIM","3051e8737c463d23d07b9c9ad937bc7c488bb573738b2313982870daa670e87e","3051e8737c463d23d07b9c9ad937bc7c488bb573738b2313982870daa670e87e","MATCH",""
"day02/Code/01_GD32F407_IAP_Bootloader/Firmware/GD32F4xx_standard_peripheral/Source/gd32f4xx_exmc.c","projects/03-ymodem-iap/bootloader/course/Firmware/GD32F4xx_standard_peripheral/Source/gd32f4xx_exmc.c","VERBATIM","e4a79b377c89d9eb8bd5be101e273ad5efba0c2a24fb4621ab7bc124beeeaebf","e4a79b377c89d9eb8bd5be101e273ad5efba0c2a24fb4621ab7bc124beeeaebf","MATCH",""
"day02/Code/01_GD32F407_IAP_Bootloader/Firmware/GD32F4xx_standard_peripheral/Source/gd32f4xx_exti.c","projects/03-ymodem-iap/bootloader/course/Firmware/GD32F4xx_standard_peripheral/Source/gd32f4xx_exti.c","VERBATIM","fce4a7eca93486d71a9e5758642f2282ae7f8805dbb559312837a0b17577fe58","fce4a7eca93486d71a9e5758642f2282ae7f8805dbb559312837a0b17577fe58","MATCH",""
"day02/Code/01_GD32F407_IAP_Bootloader/Firmware/GD32F4xx_standard_peripheral/Source/gd32f4xx_fmc.c","projects/03-ymodem-iap/bootloader/course/Firmware/GD32F4xx_standard_peripheral/Source/gd32f4xx_fmc.c","VERBATIM","15408829d2405432fc8ed73d5d8c6bbb1e6c74540f1b817983babd62e22cab16","15408829d2405432fc8ed73d5d8c6bbb1e6c74540f1b817983babd62e22cab16","MATCH",""
"day02/Code/01_GD32F407_IAP_Bootloader/Firmware/GD32F4xx_standard_peripheral/Source/gd32f4xx_fwdgt.c","projects/03-ymodem-iap/bootloader/course/Firmware/GD32F4xx_standard_peripheral/Source/gd32f4xx_fwdgt.c","VERBATIM","05b67d15069ced6f0472e4115ecd16064402e0d6220561499000025a8cd189b7","05b67d15069ced6f0472e4115ecd16064402e0d6220561499000025a8cd189b7","MATCH",""
"day02/Code/01_GD32F407_IAP_Bootloader/Firmware/GD32F4xx_standard_peripheral/Source/gd32f4xx_gpio.c","projects/03-ymodem-iap/bootloader/course/Firmware/GD32F4xx_standard_peripheral/Source/gd32f4xx_gpio.c","VERBATIM","262befe864d5da3bada64d0b3dab29e5c2747e46b154ede8bcab0b788db614e0","262befe864d5da3bada64d0b3dab29e5c2747e46b154ede8bcab0b788db614e0","MATCH",""
"day02/Code/01_GD32F407_IAP_Bootloader/Firmware/GD32F4xx_standard_peripheral/Source/gd32f4xx_i2c.c","projects/03-ymodem-iap/bootloader/course/Firmware/GD32F4xx_standard_peripheral/Source/gd32f4xx_i2c.c","VERBATIM","8edfaf1a8f0bf2833923d0072fe1b9d0467382b3ec1d243e918d0de9711cccd2","8edfaf1a8f0bf2833923d0072fe1b9d0467382b3ec1d243e918d0de9711cccd2","MATCH",""
"day02/Code/01_GD32F407_IAP_Bootloader/Firmware/GD32F4xx_standard_peripheral/Source/gd32f4xx_ipa.c","projects/03-ymodem-iap/bootloader/course/Firmware/GD32F4xx_standard_peripheral/Source/gd32f4xx_ipa.c","VERBATIM","38a8350304763c1c83b4d2341f6782b090ca09abe541ac360089b5cb454bcf57","38a8350304763c1c83b4d2341f6782b090ca09abe541ac360089b5cb454bcf57","MATCH",""
"day02/Code/01_GD32F407_IAP_Bootloader/Firmware/GD32F4xx_standard_peripheral/Source/gd32f4xx_iref.c","projects/03-ymodem-iap/bootloader/course/Firmware/GD32F4xx_standard_peripheral/Source/gd32f4xx_iref.c","VERBATIM","24f2fcfcd20882fd3e65773a281a827bf5391a0a8054324eef7c98bb3f2b9b80","24f2fcfcd20882fd3e65773a281a827bf5391a0a8054324eef7c98bb3f2b9b80","MATCH",""
"day02/Code/01_GD32F407_IAP_Bootloader/Firmware/GD32F4xx_standard_peripheral/Source/gd32f4xx_misc.c","projects/03-ymodem-iap/bootloader/course/Firmware/GD32F4xx_standard_peripheral/Source/gd32f4xx_misc.c","VERBATIM","1cd262f295155428c25dedc69bfbab99f7a99de09e0b602eca1f2c6017cfe2da","1cd262f295155428c25dedc69bfbab99f7a99de09e0b602eca1f2c6017cfe2da","MATCH",""
"day02/Code/01_GD32F407_IAP_Bootloader/Firmware/GD32F4xx_standard_peripheral/Source/gd32f4xx_pmu.c","projects/03-ymodem-iap/bootloader/course/Firmware/GD32F4xx_standard_peripheral/Source/gd32f4xx_pmu.c","VERBATIM","dafa94838a55132e3313234c5ac2be6172116dc26574347363d554effb186d79","dafa94838a55132e3313234c5ac2be6172116dc26574347363d554effb186d79","MATCH",""
"day02/Code/01_GD32F407_IAP_Bootloader/Firmware/GD32F4xx_standard_peripheral/Source/gd32f4xx_rcu.c","projects/03-ymodem-iap/bootloader/course/Firmware/GD32F4xx_standard_peripheral/Source/gd32f4xx_rcu.c","VERBATIM","6c1030eb58ec7cb9c41e2a1ff31ddef87f70dd083222327978234004c4e95b98","6c1030eb58ec7cb9c41e2a1ff31ddef87f70dd083222327978234004c4e95b98","MATCH",""
"day02/Code/01_GD32F407_IAP_Bootloader/Firmware/GD32F4xx_standard_peripheral/Source/gd32f4xx_rtc.c","projects/03-ymodem-iap/bootloader/course/Firmware/GD32F4xx_standard_peripheral/Source/gd32f4xx_rtc.c","VERBATIM","eea5bcb92c88a7bab9f3740f8e9408236412a546b03a5467f21b0f94a01183e7","eea5bcb92c88a7bab9f3740f8e9408236412a546b03a5467f21b0f94a01183e7","MATCH",""
"day02/Code/01_GD32F407_IAP_Bootloader/Firmware/GD32F4xx_standard_peripheral/Source/gd32f4xx_sdio.c","projects/03-ymodem-iap/bootloader/course/Firmware/GD32F4xx_standard_peripheral/Source/gd32f4xx_sdio.c","VERBATIM","9d8f3e488c74c44a30c4d0bbb9cd8d86555d898ca9c36f259ce57609959b9854","9d8f3e488c74c44a30c4d0bbb9cd8d86555d898ca9c36f259ce57609959b9854","MATCH",""
"day02/Code/01_GD32F407_IAP_Bootloader/Firmware/GD32F4xx_standard_peripheral/Source/gd32f4xx_spi.c","projects/03-ymodem-iap/bootloader/course/Firmware/GD32F4xx_standard_peripheral/Source/gd32f4xx_spi.c","VERBATIM","ce06438e9ad5882a0fca88dfe658dd925ed3320ba574c2797e2f93acf6142459","ce06438e9ad5882a0fca88dfe658dd925ed3320ba574c2797e2f93acf6142459","MATCH",""
"day02/Code/01_GD32F407_IAP_Bootloader/Firmware/GD32F4xx_standard_peripheral/Source/gd32f4xx_syscfg.c","projects/03-ymodem-iap/bootloader/course/Firmware/GD32F4xx_standard_peripheral/Source/gd32f4xx_syscfg.c","VERBATIM","51a7a5e70f3064424cc6e2f6a06942b47adaac8c36a6612ee08b1643557b3ca3","51a7a5e70f3064424cc6e2f6a06942b47adaac8c36a6612ee08b1643557b3ca3","MATCH",""
"day02/Code/01_GD32F407_IAP_Bootloader/Firmware/GD32F4xx_standard_peripheral/Source/gd32f4xx_timer.c","projects/03-ymodem-iap/bootloader/course/Firmware/GD32F4xx_standard_peripheral/Source/gd32f4xx_timer.c","VERBATIM","3961465cf6ba39554e34c02183c50676a4ab9b3991a6aad32d271754b2506b14","3961465cf6ba39554e34c02183c50676a4ab9b3991a6aad32d271754b2506b14","MATCH",""
"day02/Code/01_GD32F407_IAP_Bootloader/Firmware/GD32F4xx_standard_peripheral/Source/gd32f4xx_tli.c","projects/03-ymodem-iap/bootloader/course/Firmware/GD32F4xx_standard_peripheral/Source/gd32f4xx_tli.c","VERBATIM","881a02e692afd4a0b6848a929b0b8c79148911ad7543cf611287c45e82372541","881a02e692afd4a0b6848a929b0b8c79148911ad7543cf611287c45e82372541","MATCH",""
"day02/Code/01_GD32F407_IAP_Bootloader/Firmware/GD32F4xx_standard_peripheral/Source/gd32f4xx_trng.c","projects/03-ymodem-iap/bootloader/course/Firmware/GD32F4xx_standard_peripheral/Source/gd32f4xx_trng.c","VERBATIM","ba9093d046a01c997aa54d2de9f663e8af32fb9e53c950cfc640f1033fcd6c53","ba9093d046a01c997aa54d2de9f663e8af32fb9e53c950cfc640f1033fcd6c53","MATCH",""
"day02/Code/01_GD32F407_IAP_Bootloader/Firmware/GD32F4xx_standard_peripheral/Source/gd32f4xx_usart.c","projects/03-ymodem-iap/bootloader/course/Firmware/GD32F4xx_standard_peripheral/Source/gd32f4xx_usart.c","VERBATIM","f67fa54d9c9537317be92d95fd880a394d9abe98df708e5aa821fbfa392ae9b0","f67fa54d9c9537317be92d95fd880a394d9abe98df708e5aa821fbfa392ae9b0","MATCH",""
"day02/Code/01_GD32F407_IAP_Bootloader/Firmware/GD32F4xx_standard_peripheral/Source/gd32f4xx_wwdgt.c","projects/03-ymodem-iap/bootloader/course/Firmware/GD32F4xx_standard_peripheral/Source/gd32f4xx_wwdgt.c","VERBATIM","0ed39de6f0101e10ddcb476e6ef21c44d2282d4f689d0d0d70f9e04940e6f0fe","0ed39de6f0101e10ddcb476e6ef21c44d2282d4f689d0d0d70f9e04940e6f0fe","MATCH",""
"day02/Code/01_GD32F407_IAP_Bootloader/Firmware/GD32F4xx_usb_library/device/class/audio/Include/audio_core.h","projects/03-ymodem-iap/bootloader/course/Firmware/GD32F4xx_usb_library/device/class/audio/Include/audio_core.h","VERBATIM","d4550583ad93fb3eed7d288fb84ca5e1b57269e088fb073e541a666b636fec00","d4550583ad93fb3eed7d288fb84ca5e1b57269e088fb073e541a666b636fec00","MATCH",""
"day02/Code/01_GD32F407_IAP_Bootloader/Firmware/GD32F4xx_usb_library/device/class/audio/Include/audio_out_itf.h","projects/03-ymodem-iap/bootloader/course/Firmware/GD32F4xx_usb_library/device/class/audio/Include/audio_out_itf.h","VERBATIM","77fb54dea6431af26c1de2b1ccfb8186fac92519d817556fe6b31fde7947310b","77fb54dea6431af26c1de2b1ccfb8186fac92519d817556fe6b31fde7947310b","MATCH",""
"day02/Code/01_GD32F407_IAP_Bootloader/Firmware/GD32F4xx_usb_library/device/class/audio/Source/audio_core.c","projects/03-ymodem-iap/bootloader/course/Firmware/GD32F4xx_usb_library/device/class/audio/Source/audio_core.c","VERBATIM","e134abab42ada7e2d9c6bad56032f4358fbd37b82e3861496bfe8dc7b4263d32","e134abab42ada7e2d9c6bad56032f4358fbd37b82e3861496bfe8dc7b4263d32","MATCH",""
"day02/Code/01_GD32F407_IAP_Bootloader/Firmware/GD32F4xx_usb_library/device/class/audio/Source/audio_out_itf.c","projects/03-ymodem-iap/bootloader/course/Firmware/GD32F4xx_usb_library/device/class/audio/Source/audio_out_itf.c","VERBATIM","33f0490e4b3ce2315d51257bb877a233ba7293bf83f1272113382989476b887b","33f0490e4b3ce2315d51257bb877a233ba7293bf83f1272113382989476b887b","MATCH",""
"day02/Code/01_GD32F407_IAP_Bootloader/Firmware/GD32F4xx_usb_library/device/class/cdc/Include/cdc_acm_core.h","projects/03-ymodem-iap/bootloader/course/Firmware/GD32F4xx_usb_library/device/class/cdc/Include/cdc_acm_core.h","VERBATIM","58a53b46a222a4ca1b4f35901a48555a22ff6c8ef95dcb23e651a64512a0b8ec","58a53b46a222a4ca1b4f35901a48555a22ff6c8ef95dcb23e651a64512a0b8ec","MATCH",""
"day02/Code/01_GD32F407_IAP_Bootloader/Firmware/GD32F4xx_usb_library/device/class/cdc/Source/cdc_acm_core.c","projects/03-ymodem-iap/bootloader/course/Firmware/GD32F4xx_usb_library/device/class/cdc/Source/cdc_acm_core.c","VERBATIM","92f6d272cb501a2e0e8020a5c7c3fdbf3f6267044a5f00c248a53bdc23867e71","92f6d272cb501a2e0e8020a5c7c3fdbf3f6267044a5f00c248a53bdc23867e71","MATCH",""
"day02/Code/01_GD32F407_IAP_Bootloader/Firmware/GD32F4xx_usb_library/device/class/dfu/Include/dfu_core.h","projects/03-ymodem-iap/bootloader/course/Firmware/GD32F4xx_usb_library/device/class/dfu/Include/dfu_core.h","VERBATIM","b074e46c11dfc3d6f057e7c91263a7894a8598f5ad27062a8f0c737739f0ac4b","b074e46c11dfc3d6f057e7c91263a7894a8598f5ad27062a8f0c737739f0ac4b","MATCH",""
"day02/Code/01_GD32F407_IAP_Bootloader/Firmware/GD32F4xx_usb_library/device/class/dfu/Include/dfu_mem.h","projects/03-ymodem-iap/bootloader/course/Firmware/GD32F4xx_usb_library/device/class/dfu/Include/dfu_mem.h","VERBATIM","ee0fa900e1595041db2524e57a7684a911afec27bd737544cb8acc1a419b54f3","ee0fa900e1595041db2524e57a7684a911afec27bd737544cb8acc1a419b54f3","MATCH",""
"day02/Code/01_GD32F407_IAP_Bootloader/Firmware/GD32F4xx_usb_library/device/class/dfu/Source/dfu_core.c","projects/03-ymodem-iap/bootloader/course/Firmware/GD32F4xx_usb_library/device/class/dfu/Source/dfu_core.c","VERBATIM","ee0b61f48e523f816e1977ab5667701d4a30c9d7994809daec56a6c22b6b23f2","ee0b61f48e523f816e1977ab5667701d4a30c9d7994809daec56a6c22b6b23f2","MATCH",""
"day02/Code/01_GD32F407_IAP_Bootloader/Firmware/GD32F4xx_usb_library/device/class/dfu/Source/dfu_mem.c","projects/03-ymodem-iap/bootloader/course/Firmware/GD32F4xx_usb_library/device/class/dfu/Source/dfu_mem.c","VERBATIM","1740852fd0411642aad47bf10951d51de5338ca02239c634c4a28211cc0b6bd5","1740852fd0411642aad47bf10951d51de5338ca02239c634c4a28211cc0b6bd5","MATCH",""
"day02/Code/01_GD32F407_IAP_Bootloader/Firmware/GD32F4xx_usb_library/device/class/hid/Include/custom_hid_core.h","projects/03-ymodem-iap/bootloader/course/Firmware/GD32F4xx_usb_library/device/class/hid/Include/custom_hid_core.h","VERBATIM","3d8630539b539b75241b088ba5cb2bd6a6377ebe6a0c026e14e4d9f618149f3c","3d8630539b539b75241b088ba5cb2bd6a6377ebe6a0c026e14e4d9f618149f3c","MATCH",""
"day02/Code/01_GD32F407_IAP_Bootloader/Firmware/GD32F4xx_usb_library/device/class/hid/Include/standard_hid_core.h","projects/03-ymodem-iap/bootloader/course/Firmware/GD32F4xx_usb_library/device/class/hid/Include/standard_hid_core.h","VERBATIM","b43958e8ef0bb4e5939d1b1279f2b4d25791abd357c51504fb08c6bf5cde5a55","b43958e8ef0bb4e5939d1b1279f2b4d25791abd357c51504fb08c6bf5cde5a55","MATCH",""
"day02/Code/01_GD32F407_IAP_Bootloader/Firmware/GD32F4xx_usb_library/device/class/hid/Source/custom_hid_core.c","projects/03-ymodem-iap/bootloader/course/Firmware/GD32F4xx_usb_library/device/class/hid/Source/custom_hid_core.c","VERBATIM","e31d924422097b600884693e2cfb38c20e4215861dfc8bbdff3058c9a9133668","e31d924422097b600884693e2cfb38c20e4215861dfc8bbdff3058c9a9133668","MATCH",""
"day02/Code/01_GD32F407_IAP_Bootloader/Firmware/GD32F4xx_usb_library/device/class/hid/Source/standard_hid_core.c","projects/03-ymodem-iap/bootloader/course/Firmware/GD32F4xx_usb_library/device/class/hid/Source/standard_hid_core.c","VERBATIM","976542c7fc8c038846c71e4c5e6755b3c9364c8c09425f671fa694f1f14889a1","976542c7fc8c038846c71e4c5e6755b3c9364c8c09425f671fa694f1f14889a1","MATCH",""
"day02/Code/01_GD32F407_IAP_Bootloader/Firmware/GD32F4xx_usb_library/device/class/iap/Include/usb_iap_core.h","projects/03-ymodem-iap/bootloader/course/Firmware/GD32F4xx_usb_library/device/class/iap/Include/usb_iap_core.h","VERBATIM","0c5491567e7452be4cdc0099bc8f6e5b6aca7b9c273fdb95647264938337c163","0c5491567e7452be4cdc0099bc8f6e5b6aca7b9c273fdb95647264938337c163","MATCH",""
"day02/Code/01_GD32F407_IAP_Bootloader/Firmware/GD32F4xx_usb_library/device/class/iap/Source/usb_iap_core.c","projects/03-ymodem-iap/bootloader/course/Firmware/GD32F4xx_usb_library/device/class/iap/Source/usb_iap_core.c","VERBATIM","b48d8edb4882f57e2ee0b7cd17d94a4ea574bbfdb3ef72f35355fb7b8cbf374d","b48d8edb4882f57e2ee0b7cd17d94a4ea574bbfdb3ef72f35355fb7b8cbf374d","MATCH",""
"day02/Code/01_GD32F407_IAP_Bootloader/Firmware/GD32F4xx_usb_library/device/class/msc/Include/usbd_msc_bbb.h","projects/03-ymodem-iap/bootloader/course/Firmware/GD32F4xx_usb_library/device/class/msc/Include/usbd_msc_bbb.h","VERBATIM","fce4e4a9e17e3c7ad6ef23bf6284354b3c1e0bc79e2e3d8c51c00c7cba88598f","fce4e4a9e17e3c7ad6ef23bf6284354b3c1e0bc79e2e3d8c51c00c7cba88598f","MATCH",""
"day02/Code/01_GD32F407_IAP_Bootloader/Firmware/GD32F4xx_usb_library/device/class/msc/Include/usbd_msc_core.h","projects/03-ymodem-iap/bootloader/course/Firmware/GD32F4xx_usb_library/device/class/msc/Include/usbd_msc_core.h","VERBATIM","1b56e50c7f78bd46cc86e131565da5a3ca050901171a99d33526283996d0062c","1b56e50c7f78bd46cc86e131565da5a3ca050901171a99d33526283996d0062c","MATCH",""
"day02/Code/01_GD32F407_IAP_Bootloader/Firmware/GD32F4xx_usb_library/device/class/msc/Include/usbd_msc_mem.h","projects/03-ymodem-iap/bootloader/course/Firmware/GD32F4xx_usb_library/device/class/msc/Include/usbd_msc_mem.h","VERBATIM","4219910f0d5565cbf2cb7de2191fffad41f01f9903ec160827c6f441fc9fe241","4219910f0d5565cbf2cb7de2191fffad41f01f9903ec160827c6f441fc9fe241","MATCH",""
"day02/Code/01_GD32F407_IAP_Bootloader/Firmware/GD32F4xx_usb_library/device/class/msc/Include/usbd_msc_scsi.h","projects/03-ymodem-iap/bootloader/course/Firmware/GD32F4xx_usb_library/device/class/msc/Include/usbd_msc_scsi.h","VERBATIM","8a843a759a5d1013db6524b1547453013da00c202f03a7011b604c8e79f96a2d","8a843a759a5d1013db6524b1547453013da00c202f03a7011b604c8e79f96a2d","MATCH",""
"day02/Code/01_GD32F407_IAP_Bootloader/Firmware/GD32F4xx_usb_library/device/class/msc/Source/usbd_msc_bbb.c","projects/03-ymodem-iap/bootloader/course/Firmware/GD32F4xx_usb_library/device/class/msc/Source/usbd_msc_bbb.c","VERBATIM","d613ecddab72a03de672e4669f2549f5ce93259c09819fcbd78db49dbbefa4a5","d613ecddab72a03de672e4669f2549f5ce93259c09819fcbd78db49dbbefa4a5","MATCH",""
"day02/Code/01_GD32F407_IAP_Bootloader/Firmware/GD32F4xx_usb_library/device/class/msc/Source/usbd_msc_core.c","projects/03-ymodem-iap/bootloader/course/Firmware/GD32F4xx_usb_library/device/class/msc/Source/usbd_msc_core.c","VERBATIM","5c5983c2884b08aa4a480b29929e20a502741c56cefd717e48a6fe5c807bbb5c","5c5983c2884b08aa4a480b29929e20a502741c56cefd717e48a6fe5c807bbb5c","MATCH",""
"day02/Code/01_GD32F407_IAP_Bootloader/Firmware/GD32F4xx_usb_library/device/class/msc/Source/usbd_msc_scsi.c","projects/03-ymodem-iap/bootloader/course/Firmware/GD32F4xx_usb_library/device/class/msc/Source/usbd_msc_scsi.c","VERBATIM","062e1df310c0feed9372585e09d4a317f65b8e0e03bd70c14aa7418a99c5effd","062e1df310c0feed9372585e09d4a317f65b8e0e03bd70c14aa7418a99c5effd","MATCH",""
"day02/Code/01_GD32F407_IAP_Bootloader/Firmware/GD32F4xx_usb_library/device/class/printer/Include/printer_core.h","projects/03-ymodem-iap/bootloader/course/Firmware/GD32F4xx_usb_library/device/class/printer/Include/printer_core.h","VERBATIM","4231dae7349cc3643150ec1e90a5cefb4adf23adc0314e82ef001bdfcd7d7e8c","4231dae7349cc3643150ec1e90a5cefb4adf23adc0314e82ef001bdfcd7d7e8c","MATCH",""
"day02/Code/01_GD32F407_IAP_Bootloader/Firmware/GD32F4xx_usb_library/device/class/printer/Source/printer_core.c","projects/03-ymodem-iap/bootloader/course/Firmware/GD32F4xx_usb_library/device/class/printer/Source/printer_core.c","VERBATIM","93eb77ff7a45da1424244e1ffa25755a259e43b815d00b14c319bec17a079831","93eb77ff7a45da1424244e1ffa25755a259e43b815d00b14c319bec17a079831","MATCH",""
"day02/Code/01_GD32F407_IAP_Bootloader/Firmware/GD32F4xx_usb_library/device/core/Include/usbd_core.h","projects/03-ymodem-iap/bootloader/course/Firmware/GD32F4xx_usb_library/device/core/Include/usbd_core.h","VERBATIM","a205d78d7c4299519538d5057744916bcb5459ec963bfbd6aa42101197b15041","a205d78d7c4299519538d5057744916bcb5459ec963bfbd6aa42101197b15041","MATCH",""
"day02/Code/01_GD32F407_IAP_Bootloader/Firmware/GD32F4xx_usb_library/device/core/Include/usbd_enum.h","projects/03-ymodem-iap/bootloader/course/Firmware/GD32F4xx_usb_library/device/core/Include/usbd_enum.h","VERBATIM","9de97ed85ba71120379bf876faf752fa7900784d1614c18d1e9ecea6c7e2c897","9de97ed85ba71120379bf876faf752fa7900784d1614c18d1e9ecea6c7e2c897","MATCH",""
"day02/Code/01_GD32F407_IAP_Bootloader/Firmware/GD32F4xx_usb_library/device/core/Include/usbd_transc.h","projects/03-ymodem-iap/bootloader/course/Firmware/GD32F4xx_usb_library/device/core/Include/usbd_transc.h","VERBATIM","7598a18b6aa5696b7d15c3f8da6f0f04c37bca44d48c86fd5a7bd92850a17681","7598a18b6aa5696b7d15c3f8da6f0f04c37bca44d48c86fd5a7bd92850a17681","MATCH",""
"day02/Code/01_GD32F407_IAP_Bootloader/Firmware/GD32F4xx_usb_library/device/core/Source/usbd_core.c","projects/03-ymodem-iap/bootloader/course/Firmware/GD32F4xx_usb_library/device/core/Source/usbd_core.c","VERBATIM","74a04240e3912ef2d959396250678ff65e41a6d65e4c92cddb7babebc646a12f","74a04240e3912ef2d959396250678ff65e41a6d65e4c92cddb7babebc646a12f","MATCH",""
"day02/Code/01_GD32F407_IAP_Bootloader/Firmware/GD32F4xx_usb_library/device/core/Source/usbd_enum.c","projects/03-ymodem-iap/bootloader/course/Firmware/GD32F4xx_usb_library/device/core/Source/usbd_enum.c","VERBATIM","07c9d4af518d9659d3696a574638d2238413c849345915f347b1ce91c02a81ee","07c9d4af518d9659d3696a574638d2238413c849345915f347b1ce91c02a81ee","MATCH",""
"day02/Code/01_GD32F407_IAP_Bootloader/Firmware/GD32F4xx_usb_library/device/core/Source/usbd_transc.c","projects/03-ymodem-iap/bootloader/course/Firmware/GD32F4xx_usb_library/device/core/Source/usbd_transc.c","VERBATIM","ce5e569f4cbb0918250c03000276fd987e116e69f489eec7b049b790a5a87f37","ce5e569f4cbb0918250c03000276fd987e116e69f489eec7b049b790a5a87f37","MATCH",""
"day02/Code/01_GD32F407_IAP_Bootloader/Firmware/GD32F4xx_usb_library/driver/Include/drv_usb_core.h","projects/03-ymodem-iap/bootloader/course/Firmware/GD32F4xx_usb_library/driver/Include/drv_usb_core.h","VERBATIM","d7957d291f199b35772ce89782b17558bcc73b935f66f80c5b7fbe16ddba5875","d7957d291f199b35772ce89782b17558bcc73b935f66f80c5b7fbe16ddba5875","MATCH",""
"day02/Code/01_GD32F407_IAP_Bootloader/Firmware/GD32F4xx_usb_library/driver/Include/drv_usb_dev.h","projects/03-ymodem-iap/bootloader/course/Firmware/GD32F4xx_usb_library/driver/Include/drv_usb_dev.h","VERBATIM","caf5d56ebafdba9fc9f167418a1616e4291b112edbf47a8654bd9a98f8c17b9a","caf5d56ebafdba9fc9f167418a1616e4291b112edbf47a8654bd9a98f8c17b9a","MATCH",""
"day02/Code/01_GD32F407_IAP_Bootloader/Firmware/GD32F4xx_usb_library/driver/Include/drv_usb_host.h","projects/03-ymodem-iap/bootloader/course/Firmware/GD32F4xx_usb_library/driver/Include/drv_usb_host.h","VERBATIM","fb4056a260f60fda977ab1139ebfcf00e53b5c3e697fdda573b902a413bfff14","fb4056a260f60fda977ab1139ebfcf00e53b5c3e697fdda573b902a413bfff14","MATCH",""
"day02/Code/01_GD32F407_IAP_Bootloader/Firmware/GD32F4xx_usb_library/driver/Include/drv_usb_hw.h","projects/03-ymodem-iap/bootloader/course/Firmware/GD32F4xx_usb_library/driver/Include/drv_usb_hw.h","VERBATIM","81dbb2d76cd496106998eaa694da78184988c9618e06cfe573e5d6b5fa1c1f20","81dbb2d76cd496106998eaa694da78184988c9618e06cfe573e5d6b5fa1c1f20","MATCH",""
"day02/Code/01_GD32F407_IAP_Bootloader/Firmware/GD32F4xx_usb_library/driver/Include/drv_usb_regs.h","projects/03-ymodem-iap/bootloader/course/Firmware/GD32F4xx_usb_library/driver/Include/drv_usb_regs.h","VERBATIM","048a97f0ff66f557ee6a5e829f8aa0336d69e13e63151cf4d64092d0ff9606ba","048a97f0ff66f557ee6a5e829f8aa0336d69e13e63151cf4d64092d0ff9606ba","MATCH",""
"day02/Code/01_GD32F407_IAP_Bootloader/Firmware/GD32F4xx_usb_library/driver/Include/drv_usbd_int.h","projects/03-ymodem-iap/bootloader/course/Firmware/GD32F4xx_usb_library/driver/Include/drv_usbd_int.h","VERBATIM","3b71749a04450bbec4838039bc3c6482ee1d7ecb509b97da5151f362f918a8f4","3b71749a04450bbec4838039bc3c6482ee1d7ecb509b97da5151f362f918a8f4","MATCH",""
"day02/Code/01_GD32F407_IAP_Bootloader/Firmware/GD32F4xx_usb_library/driver/Include/drv_usbh_int.h","projects/03-ymodem-iap/bootloader/course/Firmware/GD32F4xx_usb_library/driver/Include/drv_usbh_int.h","VERBATIM","5268ee8f0accee9c9e848ae421f3f1b83b8efa72b8854f08a5756c16c3873997","5268ee8f0accee9c9e848ae421f3f1b83b8efa72b8854f08a5756c16c3873997","MATCH",""
"day02/Code/01_GD32F407_IAP_Bootloader/Firmware/GD32F4xx_usb_library/driver/Source/drv_usb_core.c","projects/03-ymodem-iap/bootloader/course/Firmware/GD32F4xx_usb_library/driver/Source/drv_usb_core.c","VERBATIM","b90492a8404bcbdcbba9d31d38ad75d2d85b6014ccacf6eea77b23f69cf5f623","b90492a8404bcbdcbba9d31d38ad75d2d85b6014ccacf6eea77b23f69cf5f623","MATCH",""
"day02/Code/01_GD32F407_IAP_Bootloader/Firmware/GD32F4xx_usb_library/driver/Source/drv_usb_dev.c","projects/03-ymodem-iap/bootloader/course/Firmware/GD32F4xx_usb_library/driver/Source/drv_usb_dev.c","VERBATIM","93ca6cd491c5e0fea197d5ac7f10ba23e6973543da7aeed38bfc1ae3a0dc474b","93ca6cd491c5e0fea197d5ac7f10ba23e6973543da7aeed38bfc1ae3a0dc474b","MATCH",""
"day02/Code/01_GD32F407_IAP_Bootloader/Firmware/GD32F4xx_usb_library/driver/Source/drv_usb_host.c","projects/03-ymodem-iap/bootloader/course/Firmware/GD32F4xx_usb_library/driver/Source/drv_usb_host.c","VERBATIM","d9f6de1a16c13351c6947a1d8c735a2fa2ef6495159ef75e8c84a903003853ea","d9f6de1a16c13351c6947a1d8c735a2fa2ef6495159ef75e8c84a903003853ea","MATCH",""
"day02/Code/01_GD32F407_IAP_Bootloader/Firmware/GD32F4xx_usb_library/driver/Source/drv_usbd_int.c","projects/03-ymodem-iap/bootloader/course/Firmware/GD32F4xx_usb_library/driver/Source/drv_usbd_int.c","VERBATIM","6d629c1b2ee8a05bd9c1b8e20f2664410afc9608e9489ccac5be881d10d0a715","6d629c1b2ee8a05bd9c1b8e20f2664410afc9608e9489ccac5be881d10d0a715","MATCH",""
"day02/Code/01_GD32F407_IAP_Bootloader/Firmware/GD32F4xx_usb_library/driver/Source/drv_usbh_int.c","projects/03-ymodem-iap/bootloader/course/Firmware/GD32F4xx_usb_library/driver/Source/drv_usbh_int.c","VERBATIM","4d390034615df35fb792026bd76844c922f387580e291039f1bc5f6b6c982486","4d390034615df35fb792026bd76844c922f387580e291039f1bc5f6b6c982486","MATCH",""
"day02/Code/01_GD32F407_IAP_Bootloader/Firmware/GD32F4xx_usb_library/host/class/hid/Include/usbh_hid_core.h","projects/03-ymodem-iap/bootloader/course/Firmware/GD32F4xx_usb_library/host/class/hid/Include/usbh_hid_core.h","VERBATIM","0dec84719141c68389ec4f957111fb6dc21a5be55159a808a9d4d20759e447aa","0dec84719141c68389ec4f957111fb6dc21a5be55159a808a9d4d20759e447aa","MATCH",""
"day02/Code/01_GD32F407_IAP_Bootloader/Firmware/GD32F4xx_usb_library/host/class/hid/Include/usbh_standard_hid.h","projects/03-ymodem-iap/bootloader/course/Firmware/GD32F4xx_usb_library/host/class/hid/Include/usbh_standard_hid.h","VERBATIM","9dff3d162d5690f986145fc6a50e8be49ee6ea57b0df5de92708173ece1231a8","9dff3d162d5690f986145fc6a50e8be49ee6ea57b0df5de92708173ece1231a8","MATCH",""
"day02/Code/01_GD32F407_IAP_Bootloader/Firmware/GD32F4xx_usb_library/host/class/hid/Source/usbh_hid_core.c","projects/03-ymodem-iap/bootloader/course/Firmware/GD32F4xx_usb_library/host/class/hid/Source/usbh_hid_core.c","VERBATIM","2cdafdf63ebb98a454a09acc070b9c2e925c7eec29af318f1a8ce5f913c5d200","2cdafdf63ebb98a454a09acc070b9c2e925c7eec29af318f1a8ce5f913c5d200","MATCH",""
"day02/Code/01_GD32F407_IAP_Bootloader/Firmware/GD32F4xx_usb_library/host/class/hid/Source/usbh_standard_hid.c","projects/03-ymodem-iap/bootloader/course/Firmware/GD32F4xx_usb_library/host/class/hid/Source/usbh_standard_hid.c","VERBATIM","324f535d3213364159ef30d0ab69cb69472d94ee6a25f07d1c624d1b4bb315c3","324f535d3213364159ef30d0ab69cb69472d94ee6a25f07d1c624d1b4bb315c3","MATCH",""
"day02/Code/01_GD32F407_IAP_Bootloader/Firmware/GD32F4xx_usb_library/host/class/msc/Include/usbh_msc_bbb.h","projects/03-ymodem-iap/bootloader/course/Firmware/GD32F4xx_usb_library/host/class/msc/Include/usbh_msc_bbb.h","VERBATIM","fe164e019db850549fa0edb8a4b2f0c38ff1c7540a834b935c91268d0e275ff8","fe164e019db850549fa0edb8a4b2f0c38ff1c7540a834b935c91268d0e275ff8","MATCH",""
"day02/Code/01_GD32F407_IAP_Bootloader/Firmware/GD32F4xx_usb_library/host/class/msc/Include/usbh_msc_core.h","projects/03-ymodem-iap/bootloader/course/Firmware/GD32F4xx_usb_library/host/class/msc/Include/usbh_msc_core.h","VERBATIM","34b4b4aed85f332b815096ee4c39fba67c77fef1f9eb79fc470603568cbe2dc9","34b4b4aed85f332b815096ee4c39fba67c77fef1f9eb79fc470603568cbe2dc9","MATCH",""
"day02/Code/01_GD32F407_IAP_Bootloader/Firmware/GD32F4xx_usb_library/host/class/msc/Include/usbh_msc_scsi.h","projects/03-ymodem-iap/bootloader/course/Firmware/GD32F4xx_usb_library/host/class/msc/Include/usbh_msc_scsi.h","VERBATIM","e6e8ca26d9a2abffe14a21af356cb07c4058d9052dfd22b46205ec11884a867a","e6e8ca26d9a2abffe14a21af356cb07c4058d9052dfd22b46205ec11884a867a","MATCH",""
"day02/Code/01_GD32F407_IAP_Bootloader/Firmware/GD32F4xx_usb_library/host/class/msc/Source/usbh_msc_bbb.c","projects/03-ymodem-iap/bootloader/course/Firmware/GD32F4xx_usb_library/host/class/msc/Source/usbh_msc_bbb.c","VERBATIM","2a82ad623d78ccc1802d851ab7fb124d6abb5dbea980aa8c6517e26ff906e049","2a82ad623d78ccc1802d851ab7fb124d6abb5dbea980aa8c6517e26ff906e049","MATCH",""
"day02/Code/01_GD32F407_IAP_Bootloader/Firmware/GD32F4xx_usb_library/host/class/msc/Source/usbh_msc_core.c","projects/03-ymodem-iap/bootloader/course/Firmware/GD32F4xx_usb_library/host/class/msc/Source/usbh_msc_core.c","VERBATIM","5df338c15161e6c7a6424179245e0e373973b22e81dea91111ad5613ae0c8690","5df338c15161e6c7a6424179245e0e373973b22e81dea91111ad5613ae0c8690","MATCH",""
"day02/Code/01_GD32F407_IAP_Bootloader/Firmware/GD32F4xx_usb_library/host/class/msc/Source/usbh_msc_fatfs.c","projects/03-ymodem-iap/bootloader/course/Firmware/GD32F4xx_usb_library/host/class/msc/Source/usbh_msc_fatfs.c","VERBATIM","8fd0c5b44f9ac0e35427803f9761e40a5297caa2acc078cb9fde3c25ba4036b1","8fd0c5b44f9ac0e35427803f9761e40a5297caa2acc078cb9fde3c25ba4036b1","MATCH",""
"day02/Code/01_GD32F407_IAP_Bootloader/Firmware/GD32F4xx_usb_library/host/class/msc/Source/usbh_msc_scsi.c","projects/03-ymodem-iap/bootloader/course/Firmware/GD32F4xx_usb_library/host/class/msc/Source/usbh_msc_scsi.c","VERBATIM","45e6ad746800250c90834ac684d207da486f3f0fda8503284def2c537f952a85","45e6ad746800250c90834ac684d207da486f3f0fda8503284def2c537f952a85","MATCH",""
"day02/Code/01_GD32F407_IAP_Bootloader/Firmware/GD32F4xx_usb_library/host/core/Include/usbh_core.h","projects/03-ymodem-iap/bootloader/course/Firmware/GD32F4xx_usb_library/host/core/Include/usbh_core.h","VERBATIM","8919b0da3bc89862ac89da53bd34cc4f8af2f7ecebf23493d3bc0980570ec67d","8919b0da3bc89862ac89da53bd34cc4f8af2f7ecebf23493d3bc0980570ec67d","MATCH",""
"day02/Code/01_GD32F407_IAP_Bootloader/Firmware/GD32F4xx_usb_library/host/core/Include/usbh_enum.h","projects/03-ymodem-iap/bootloader/course/Firmware/GD32F4xx_usb_library/host/core/Include/usbh_enum.h","VERBATIM","a08d6a471be77a6bfdf916e166e4a95b49358f209e0708080e4a441d7d454897","a08d6a471be77a6bfdf916e166e4a95b49358f209e0708080e4a441d7d454897","MATCH",""
"day02/Code/01_GD32F407_IAP_Bootloader/Firmware/GD32F4xx_usb_library/host/core/Include/usbh_pipe.h","projects/03-ymodem-iap/bootloader/course/Firmware/GD32F4xx_usb_library/host/core/Include/usbh_pipe.h","VERBATIM","d1aa31749db419f147e34bf1608f3c79d8846fc9067b138ce90dcc6d68a724b2","d1aa31749db419f147e34bf1608f3c79d8846fc9067b138ce90dcc6d68a724b2","MATCH",""
"day02/Code/01_GD32F407_IAP_Bootloader/Firmware/GD32F4xx_usb_library/host/core/Include/usbh_transc.h","projects/03-ymodem-iap/bootloader/course/Firmware/GD32F4xx_usb_library/host/core/Include/usbh_transc.h","VERBATIM","b0a9300c836592e16782062a0d898645adc64efd21ad96f46b8ef6ebd876499c","b0a9300c836592e16782062a0d898645adc64efd21ad96f46b8ef6ebd876499c","MATCH",""
"day02/Code/01_GD32F407_IAP_Bootloader/Firmware/GD32F4xx_usb_library/host/core/Source/usbh_core.c","projects/03-ymodem-iap/bootloader/course/Firmware/GD32F4xx_usb_library/host/core/Source/usbh_core.c","VERBATIM","2e61c1493a0f04d944a9b1e01924a57908552c5c5920f357df984f098988df08","2e61c1493a0f04d944a9b1e01924a57908552c5c5920f357df984f098988df08","MATCH",""
"day02/Code/01_GD32F407_IAP_Bootloader/Firmware/GD32F4xx_usb_library/host/core/Source/usbh_enum.c","projects/03-ymodem-iap/bootloader/course/Firmware/GD32F4xx_usb_library/host/core/Source/usbh_enum.c","VERBATIM","273217f6826c6d57a1d210d2a58974ae97a27e15951b98be25bbccdea8133871","273217f6826c6d57a1d210d2a58974ae97a27e15951b98be25bbccdea8133871","MATCH",""
"day02/Code/01_GD32F407_IAP_Bootloader/Firmware/GD32F4xx_usb_library/host/core/Source/usbh_pipe.c","projects/03-ymodem-iap/bootloader/course/Firmware/GD32F4xx_usb_library/host/core/Source/usbh_pipe.c","VERBATIM","e8a4253e2a4224333c4343ee0ffd5f280c9875ef57702f44c1973cbd42edd2e0","e8a4253e2a4224333c4343ee0ffd5f280c9875ef57702f44c1973cbd42edd2e0","MATCH",""
"day02/Code/01_GD32F407_IAP_Bootloader/Firmware/GD32F4xx_usb_library/host/core/Source/usbh_transc.c","projects/03-ymodem-iap/bootloader/course/Firmware/GD32F4xx_usb_library/host/core/Source/usbh_transc.c","VERBATIM","cf1ae1fcf884275e82634538e997d8d24c31fbe959140909f5bb4e34bca0bbef","cf1ae1fcf884275e82634538e997d8d24c31fbe959140909f5bb4e34bca0bbef","MATCH",""
"day02/Code/01_GD32F407_IAP_Bootloader/Firmware/GD32F4xx_usb_library/ustd/class/cdc/usb_cdc.h","projects/03-ymodem-iap/bootloader/course/Firmware/GD32F4xx_usb_library/ustd/class/cdc/usb_cdc.h","VERBATIM","fcd43c4f51573d30f01573e2d2856e0be969c8ffd02d415aadfb69a595decf4e","fcd43c4f51573d30f01573e2d2856e0be969c8ffd02d415aadfb69a595decf4e","MATCH",""
"day02/Code/01_GD32F407_IAP_Bootloader/Firmware/GD32F4xx_usb_library/ustd/class/hid/usb_hid.h","projects/03-ymodem-iap/bootloader/course/Firmware/GD32F4xx_usb_library/ustd/class/hid/usb_hid.h","VERBATIM","f3c6a02d4fc46f9512465b6eb2951c8cddb956af73422aab9d2a1bafc69f2e7b","f3c6a02d4fc46f9512465b6eb2951c8cddb956af73422aab9d2a1bafc69f2e7b","MATCH",""
"day02/Code/01_GD32F407_IAP_Bootloader/Firmware/GD32F4xx_usb_library/ustd/class/msc/msc_bbb.h","projects/03-ymodem-iap/bootloader/course/Firmware/GD32F4xx_usb_library/ustd/class/msc/msc_bbb.h","VERBATIM","b884b8f8f7cfaf22512ede7ae709b5f3591e126d2919aecf4e2b4d7efea1f5d6","b884b8f8f7cfaf22512ede7ae709b5f3591e126d2919aecf4e2b4d7efea1f5d6","MATCH",""
"day02/Code/01_GD32F407_IAP_Bootloader/Firmware/GD32F4xx_usb_library/ustd/class/msc/msc_scsi.h","projects/03-ymodem-iap/bootloader/course/Firmware/GD32F4xx_usb_library/ustd/class/msc/msc_scsi.h","VERBATIM","8842cf305e996369687fa89568c9aee3d46f745e1aef6eb58b1a3f519f863631","8842cf305e996369687fa89568c9aee3d46f745e1aef6eb58b1a3f519f863631","MATCH",""
"day02/Code/01_GD32F407_IAP_Bootloader/Firmware/GD32F4xx_usb_library/ustd/class/msc/usb_msc.h","projects/03-ymodem-iap/bootloader/course/Firmware/GD32F4xx_usb_library/ustd/class/msc/usb_msc.h","VERBATIM","e3c2a096085131687f121de426ef9154f23ccc26e877129243a648fb8c90b216","e3c2a096085131687f121de426ef9154f23ccc26e877129243a648fb8c90b216","MATCH",""
"day02/Code/01_GD32F407_IAP_Bootloader/Firmware/GD32F4xx_usb_library/ustd/common/usb_ch9_std.h","projects/03-ymodem-iap/bootloader/course/Firmware/GD32F4xx_usb_library/ustd/common/usb_ch9_std.h","VERBATIM","b5249865f377709e456f76ca76ca5499ace39bad6a452832dbe535f1989c6d22","b5249865f377709e456f76ca76ca5499ace39bad6a452832dbe535f1989c6d22","MATCH",""
"day02/Code/01_GD32F407_IAP_Bootloader/Hardware/bsp_battery_leds.c","projects/03-ymodem-iap/bootloader/course/Hardware/bsp_battery_leds.c","VERBATIM","3355ee67df90741c1311332c6cfb0053385a7ffd03c3de8ea06fcbd57563a61d","3355ee67df90741c1311332c6cfb0053385a7ffd03c3de8ea06fcbd57563a61d","MATCH",""
"day02/Code/01_GD32F407_IAP_Bootloader/Hardware/bsp_battery_leds.h","projects/03-ymodem-iap/bootloader/course/Hardware/bsp_battery_leds.h","VERBATIM","f7585067c016c3b5077e05028c10af52a247a608de67c34047073418c430d4bf","f7585067c016c3b5077e05028c10af52a247a608de67c34047073418c430d4bf","MATCH",""
"day02/Code/01_GD32F407_IAP_Bootloader/Hardware/bsp_buzzer.c","projects/03-ymodem-iap/bootloader/course/Hardware/bsp_buzzer.c","VERBATIM","2585fd1908edf73c203dbbcf159b75f73d605cdf35ee33bbeaa33dd42d6a341f","2585fd1908edf73c203dbbcf159b75f73d605cdf35ee33bbeaa33dd42d6a341f","MATCH",""
"day02/Code/01_GD32F407_IAP_Bootloader/Hardware/bsp_buzzer.h","projects/03-ymodem-iap/bootloader/course/Hardware/bsp_buzzer.h","VERBATIM","6f5fdca736b26835cda0c10dd1f5a020894e48716151d63e5ab8b6911b9c8831","6f5fdca736b26835cda0c10dd1f5a020894e48716151d63e5ab8b6911b9c8831","MATCH",""
"day02/Code/01_GD32F407_IAP_Bootloader/Hardware/bsp_keys.c","projects/03-ymodem-iap/bootloader/course/Hardware/bsp_keys.c","VERBATIM","06352592ceeb62d72bce1d2b408e7031a34e1a76010681e3d5e8d53a471cc1f4","06352592ceeb62d72bce1d2b408e7031a34e1a76010681e3d5e8d53a471cc1f4","MATCH",""
"day02/Code/01_GD32F407_IAP_Bootloader/Hardware/bsp_keys.h","projects/03-ymodem-iap/bootloader/course/Hardware/bsp_keys.h","VERBATIM","0ef66b8ce08877d228b8b505af37aa727b0d6a383bbc78619de51579c5b984d7","0ef66b8ce08877d228b8b505af37aa727b0d6a383bbc78619de51579c5b984d7","MATCH",""
"day02/Code/01_GD32F407_IAP_Bootloader/Hardware/bsp_pca9685.c","projects/03-ymodem-iap/bootloader/course/Hardware/bsp_pca9685.c","VERBATIM","8ad0523c80a951f1b6825ad0800f550876f4e8a47954aef21a89d538042ddf85","8ad0523c80a951f1b6825ad0800f550876f4e8a47954aef21a89d538042ddf85","MATCH",""
"day02/Code/01_GD32F407_IAP_Bootloader/Hardware/bsp_pca9685.h","projects/03-ymodem-iap/bootloader/course/Hardware/bsp_pca9685.h","VERBATIM","ea3f4d3874828b2dfe2932791ee00899154a3a182e99993ccbd9b9029deaa92e","ea3f4d3874828b2dfe2932791ee00899154a3a182e99993ccbd9b9029deaa92e","MATCH",""
"day02/Code/01_GD32F407_IAP_Bootloader/Hardware/bsp_servo.c","projects/03-ymodem-iap/bootloader/course/Hardware/bsp_servo.c","VERBATIM","a5179bee263075e44786e8e52cd5d6c0c3ec659e98906b560f691573ddc579a1","a5179bee263075e44786e8e52cd5d6c0c3ec659e98906b560f691573ddc579a1","MATCH",""
"day02/Code/01_GD32F407_IAP_Bootloader/Hardware/bsp_servo.h","projects/03-ymodem-iap/bootloader/course/Hardware/bsp_servo.h","VERBATIM","53bdaa6180cf37aa9adc025902600fac610b25477d81f8702bd614b98f305184","53bdaa6180cf37aa9adc025902600fac610b25477d81f8702bd614b98f305184","MATCH",""
"day02/Code/01_GD32F407_IAP_Bootloader/Hardware/bsp_w25qxx.c","projects/03-ymodem-iap/bootloader/course/Hardware/bsp_w25qxx.c","VERBATIM","a0ea74791e8ca1f55121f1b62463cba6faf593722e91a5118470a9b75cc4332d","a0ea74791e8ca1f55121f1b62463cba6faf593722e91a5118470a9b75cc4332d","MATCH",""
"day02/Code/01_GD32F407_IAP_Bootloader/Hardware/bsp_w25qxx.h","projects/03-ymodem-iap/bootloader/course/Hardware/bsp_w25qxx.h","VERBATIM","d8058d7878d27b6fc8e840fcc7aa677bda0f4b1d9f449fafc080af4767a5208f","d8058d7878d27b6fc8e840fcc7aa677bda0f4b1d9f449fafc080af4767a5208f","MATCH",""
"day02/Code/01_GD32F407_IAP_Bootloader/Hardware/i2c_oled/bmp.h","projects/03-ymodem-iap/bootloader/course/Hardware/i2c_oled/bmp.h","VERBATIM","49a086e5ab31da021f77579e99b5a71059ee57533aa0c1faf4e23a9d0fbf1cc4","49a086e5ab31da021f77579e99b5a71059ee57533aa0c1faf4e23a9d0fbf1cc4","MATCH",""
"day02/Code/01_GD32F407_IAP_Bootloader/Hardware/i2c_oled/oled.c","projects/03-ymodem-iap/bootloader/course/Hardware/i2c_oled/oled.c","VERBATIM","aeb2a7c9c8770cfc57d64227f530db96731b9aee462aed234c168213f054e1c8","aeb2a7c9c8770cfc57d64227f530db96731b9aee462aed234c168213f054e1c8","MATCH",""
"day02/Code/01_GD32F407_IAP_Bootloader/Hardware/i2c_oled/oled.h","projects/03-ymodem-iap/bootloader/course/Hardware/i2c_oled/oled.h","VERBATIM","b98a1d8ff85e6b97cd53049929e92d76e220c986d189a6b1c3cda901b5dfe521","b98a1d8ff85e6b97cd53049929e92d76e220c986d189a6b1c3cda901b5dfe521","MATCH",""
"day02/Code/01_GD32F407_IAP_Bootloader/Hardware/i2c_oled/oledfont.h","projects/03-ymodem-iap/bootloader/course/Hardware/i2c_oled/oledfont.h","VERBATIM","9bfd741a3dfc91f1d3309b67ac59ac4a9d367a1d7a616bcb444ccc8d09d29f4d","9bfd741a3dfc91f1d3309b67ac59ac4a9d367a1d7a616bcb444ccc8d09d29f4d","MATCH",""
"day02/Code/01_GD32F407_IAP_Bootloader/Hardware/PCF8563.c","projects/03-ymodem-iap/bootloader/course/Hardware/PCF8563.c","VERBATIM","175399ba450f8e636bb2fa95e138e6b9a3bddc84ff2f9d12cca17c0827488e9d","175399ba450f8e636bb2fa95e138e6b9a3bddc84ff2f9d12cca17c0827488e9d","MATCH",""
"day02/Code/01_GD32F407_IAP_Bootloader/Hardware/PCF8563.h","projects/03-ymodem-iap/bootloader/course/Hardware/PCF8563.h","VERBATIM","18cedb9ffa72107f8618f14884e3466570cbf6e72b04ad720e18ab8da0583a3a","18cedb9ffa72107f8618f14884e3466570cbf6e72b04ad720e18ab8da0583a3a","MATCH",""
"day02/Code/01_GD32F407_IAP_Bootloader/Hardware/spi_oled/bmp.h","projects/03-ymodem-iap/bootloader/course/Hardware/spi_oled/bmp.h","VERBATIM","b118e7d338a0517ba350906c3fb4433803937da878bb55588561b1de2e104f3d","b118e7d338a0517ba350906c3fb4433803937da878bb55588561b1de2e104f3d","MATCH",""
"day02/Code/01_GD32F407_IAP_Bootloader/Hardware/spi_oled/oled.c","projects/03-ymodem-iap/bootloader/course/Hardware/spi_oled/oled.c","VERBATIM","f81d723978f1c969ee1c964d50af0e4c61ec3775ac70a1433509619f8ea0092d","f81d723978f1c969ee1c964d50af0e4c61ec3775ac70a1433509619f8ea0092d","MATCH",""
"day02/Code/01_GD32F407_IAP_Bootloader/Hardware/spi_oled/oled.h","projects/03-ymodem-iap/bootloader/course/Hardware/spi_oled/oled.h","VERBATIM","d6644e05ccba3dbd2cec6ed02651892cfd5485bc0febdf20fd068c5ac2d1e962","d6644e05ccba3dbd2cec6ed02651892cfd5485bc0febdf20fd068c5ac2d1e962","MATCH",""
"day02/Code/01_GD32F407_IAP_Bootloader/Library/EXTI_config.h","projects/03-ymodem-iap/bootloader/course/Library/EXTI_config.h","VERBATIM","0e1d8994d361a55d9837f7251d9fbe43d6c26f110b82382ff86941480f30a85b","0e1d8994d361a55d9837f7251d9fbe43d6c26f110b82382ff86941480f30a85b","MATCH",""
"day02/Code/01_GD32F407_IAP_Bootloader/Library/EXTI.c","projects/03-ymodem-iap/bootloader/course/Library/EXTI.c","VERBATIM","f31ad6b5038d43f75066a667d0c1905ced684533c26c8dbd32d8bff6f822e28c","f31ad6b5038d43f75066a667d0c1905ced684533c26c8dbd32d8bff6f822e28c","MATCH",""
"day02/Code/01_GD32F407_IAP_Bootloader/Library/EXTI.h","projects/03-ymodem-iap/bootloader/course/Library/EXTI.h","VERBATIM","836bc18a5497f7024b8a58223e66391071ebef1051bc8dddc9cf9a4537d430fb","836bc18a5497f7024b8a58223e66391071ebef1051bc8dddc9cf9a4537d430fb","MATCH",""
"day02/Code/01_GD32F407_IAP_Bootloader/Library/I2C/I2C_config.h","projects/03-ymodem-iap/bootloader/course/Library/I2C/I2C_config.h","VERBATIM","c78e6ef8b19040f77c089e6c5da8a95e9ae1e5a890cecfd30731e8d831ef0fca","c78e6ef8b19040f77c089e6c5da8a95e9ae1e5a890cecfd30731e8d831ef0fca","MATCH",""
"day02/Code/01_GD32F407_IAP_Bootloader/Library/I2C/I2C.c","projects/03-ymodem-iap/bootloader/course/Library/I2C/I2C.c","VERBATIM","e17605acea90ba6709874fba8efbacb31f105f013b10779679c71da5d3c988c2","e17605acea90ba6709874fba8efbacb31f105f013b10779679c71da5d3c988c2","MATCH",""
"day02/Code/01_GD32F407_IAP_Bootloader/Library/I2C/I2C.h","projects/03-ymodem-iap/bootloader/course/Library/I2C/I2C.h","VERBATIM","b3c4ab98d7a9c01fe9fcefd7c8d7fdf3d97964b8efaa14cb057ebb2466ed5008","b3c4ab98d7a9c01fe9fcefd7c8d7fdf3d97964b8efaa14cb057ebb2466ed5008","MATCH",""
"day02/Code/01_GD32F407_IAP_Bootloader/Library/I2C/I2C0.c","projects/03-ymodem-iap/bootloader/course/Library/I2C/I2C0.c","VERBATIM","09d1eb340eff2166230fc1727269ad8bdfdd9d69801ee72516fafd5a4ac09f4b","09d1eb340eff2166230fc1727269ad8bdfdd9d69801ee72516fafd5a4ac09f4b","MATCH",""
"day02/Code/01_GD32F407_IAP_Bootloader/Library/I2C/I2C0.h","projects/03-ymodem-iap/bootloader/course/Library/I2C/I2C0.h","VERBATIM","5381921337295aaa5f855220ff496d62baca4002cd4bdc8a8cd389901b73b567","5381921337295aaa5f855220ff496d62baca4002cd4bdc8a8cd389901b73b567","MATCH",""
"day02/Code/01_GD32F407_IAP_Bootloader/Library/SPI/SPI_config.h","projects/03-ymodem-iap/bootloader/course/Library/SPI/SPI_config.h","VERBATIM","6b4f4ed9a65f23ecc97f5b76e34de2340443cd32839f39c58dea84118106d8c4","6b4f4ed9a65f23ecc97f5b76e34de2340443cd32839f39c58dea84118106d8c4","MATCH",""
"day02/Code/01_GD32F407_IAP_Bootloader/Library/SPI/SPI.c","projects/03-ymodem-iap/bootloader/course/Library/SPI/SPI.c","VERBATIM","d38d366d8c40053915116a8bc6fc4c4667341dfc87efdba5a68cc852a0d9b504","d38d366d8c40053915116a8bc6fc4c4667341dfc87efdba5a68cc852a0d9b504","MATCH",""
"day02/Code/01_GD32F407_IAP_Bootloader/Library/SPI/SPI.h","projects/03-ymodem-iap/bootloader/course/Library/SPI/SPI.h","VERBATIM","228827808cd9e5fa9d40c5158c82258adb18cb347fbc9cc6ce45d4e7c15f5198","228827808cd9e5fa9d40c5158c82258adb18cb347fbc9cc6ce45d4e7c15f5198","MATCH",""
"day02/Code/01_GD32F407_IAP_Bootloader/Library/SPI/SPI0.c","projects/03-ymodem-iap/bootloader/course/Library/SPI/SPI0.c","VERBATIM","6df75c41548208431df0eb0a3841c7c908ca0a62f863f941239d99af51c4d239","6df75c41548208431df0eb0a3841c7c908ca0a62f863f941239d99af51c4d239","MATCH",""
"day02/Code/01_GD32F407_IAP_Bootloader/Library/SPI/SPI0.h","projects/03-ymodem-iap/bootloader/course/Library/SPI/SPI0.h","VERBATIM","6ac40fd0140c927fcec89fb8e544f668e9fef2565b3c59c80b7c178db0a0e5e5","6ac40fd0140c927fcec89fb8e544f668e9fef2565b3c59c80b7c178db0a0e5e5","MATCH",""
"day02/Code/01_GD32F407_IAP_Bootloader/Library/TIMER_config.h","projects/03-ymodem-iap/bootloader/course/Library/TIMER_config.h","VERBATIM","fd153a4b76c23071b2c8f861a8ce001764d262c45cfea8dc65a447e42b716210","fd153a4b76c23071b2c8f861a8ce001764d262c45cfea8dc65a447e42b716210","MATCH",""
"day02/Code/01_GD32F407_IAP_Bootloader/Library/TIMER.c","projects/03-ymodem-iap/bootloader/course/Library/TIMER.c","VERBATIM","e32690d22b9982482691676795f7ebf70e27ca01b1cf3ababa165c3e65c91a6a","e32690d22b9982482691676795f7ebf70e27ca01b1cf3ababa165c3e65c91a6a","MATCH",""
"day02/Code/01_GD32F407_IAP_Bootloader/Library/TIMER.h","projects/03-ymodem-iap/bootloader/course/Library/TIMER.h","VERBATIM","589b5271d5c286801849960b11984b42ab88089f55d2e9393e8469ec6c42664f","589b5271d5c286801849960b11984b42ab88089f55d2e9393e8469ec6c42664f","MATCH",""
"day02/Code/01_GD32F407_IAP_Bootloader/Library/USART/USART_config.h","projects/03-ymodem-iap/bootloader/course/Library/USART/USART_config.h","VERBATIM","d23bc466fcbf4339f945acfbcd1b5430b8ed3f2650476436e8c063f864ee94cd","d23bc466fcbf4339f945acfbcd1b5430b8ed3f2650476436e8c063f864ee94cd","MATCH",""
"day02/Code/01_GD32F407_IAP_Bootloader/Library/USART/USART.c","projects/03-ymodem-iap/bootloader/course/Library/USART/USART.c","VERBATIM","2f9bb98e49eb21aa5a9813c1340e2ba5187ab29c7034d9d898827ca3a592a988","2f9bb98e49eb21aa5a9813c1340e2ba5187ab29c7034d9d898827ca3a592a988","MATCH",""
"day02/Code/01_GD32F407_IAP_Bootloader/Library/USART/USART.h","projects/03-ymodem-iap/bootloader/course/Library/USART/USART.h","VERBATIM","c365a4143b5bca67299c41db548db6e4c7695d704b542c998e35f58bc9322d1a","c365a4143b5bca67299c41db548db6e4c7695d704b542c998e35f58bc9322d1a","MATCH",""
"day02/Code/01_GD32F407_IAP_Bootloader/Library/USART/USART0.c","projects/03-ymodem-iap/bootloader/course/Library/USART/USART0.c","VERBATIM","d65e60e2447368e4d877939280600983f997ab24195906e1f607e42b2531529b","d65e60e2447368e4d877939280600983f997ab24195906e1f607e42b2531529b","MATCH",""
"day02/Code/01_GD32F407_IAP_Bootloader/Library/USART/USART0.h","projects/03-ymodem-iap/bootloader/course/Library/USART/USART0.h","VERBATIM","cb904d4ca94c2f6a48e31653953617f9a9e6b501523f63305c18592a757edea3","cb904d4ca94c2f6a48e31653953617f9a9e6b501523f63305c18592a757edea3","MATCH",""
"day02/Code/01_GD32F407_IAP_Bootloader/Library/USART/USART1.c","projects/03-ymodem-iap/bootloader/course/Library/USART/USART1.c","VERBATIM","9a6de68381da651969320719756e612b82da20c772aa3b7c9e6df4871247ee57","9a6de68381da651969320719756e612b82da20c772aa3b7c9e6df4871247ee57","MATCH",""
"day02/Code/01_GD32F407_IAP_Bootloader/Library/USART/USART1.h","projects/03-ymodem-iap/bootloader/course/Library/USART/USART1.h","VERBATIM","613ec47204418fbbeb443a5c1567065bc07a487c386aec4f6756f84f46807866","613ec47204418fbbeb443a5c1567065bc07a487c386aec4f6756f84f46807866","MATCH",""
"day02/Code/01_GD32F407_IAP_Bootloader/Project/GD32F407.uvprojx","projects/03-ymodem-iap/bootloader/course/Project/GD32F407.uvprojx","VERBATIM","2db3396c5f4a9b539554a2a19e015438ae3bb3d2aee058149f5ab75e5ab7192c","2db3396c5f4a9b539554a2a19e015438ae3bb3d2aee058149f5ab75e5ab7192c","MATCH",""
"day02/Code/01_GD32F407_IAP_Bootloader/User/gd32f4xx_it.c","projects/03-ymodem-iap/bootloader/course/User/gd32f4xx_it.c","VERBATIM","5be8e65b392a41354e513056974d1869598af02739a7ce6419e611d6aa3979c6","5be8e65b392a41354e513056974d1869598af02739a7ce6419e611d6aa3979c6","MATCH",""
"day02/Code/01_GD32F407_IAP_Bootloader/User/gd32f4xx_it.h","projects/03-ymodem-iap/bootloader/course/User/gd32f4xx_it.h","VERBATIM","b4995762ae5ceb7125cc9720cea7e2bad8640c23b87ed1856d9b8a380a5fc8c3","b4995762ae5ceb7125cc9720cea7e2bad8640c23b87ed1856d9b8a380a5fc8c3","MATCH",""
"day02/Code/01_GD32F407_IAP_Bootloader/User/gd32f4xx_libopt.h","projects/03-ymodem-iap/bootloader/course/User/gd32f4xx_libopt.h","VERBATIM","702c6d85987bcdddd363a8412c5806255f6c746065da984eb21896c5ddd6bf09","702c6d85987bcdddd363a8412c5806255f6c746065da984eb21896c5ddd6bf09","MATCH",""
"day02/Code/01_GD32F407_IAP_Bootloader/User/main.c","projects/03-ymodem-iap/bootloader/course/User/main.c","VERBATIM","beffaf9c072be3740a18443f554a55c81c7058b29e7790a877431b81dee4bb9c","beffaf9c072be3740a18443f554a55c81c7058b29e7790a877431b81dee4bb9c","MATCH",""
"day02/Code/01_GD32F407_IAP_Bootloader/User/main.h","projects/03-ymodem-iap/bootloader/course/User/main.h","VERBATIM","724b8affcda9984a7b0f94ac7a7bb1005015ac3ca9e2cf59e5bff08b58ceafd1","724b8affcda9984a7b0f94ac7a7bb1005015ac3ca9e2cf59e5bff08b58ceafd1","MATCH",""
"day02/Code/01_GD32F407_IAP_Bootloader/User/readme.txt","projects/03-ymodem-iap/bootloader/course/User/readme.txt","VERBATIM","a45bd1e14d470b46be2d57c9d35147e41204556cc4bb4e25ea3c7b6b424a0b7c","a45bd1e14d470b46be2d57c9d35147e41204556cc4bb4e25ea3c7b6b424a0b7c","MATCH",""
"day02/Code/01_GD32F407_IAP_Bootloader/User/systick.c","projects/03-ymodem-iap/bootloader/course/User/systick.c","VERBATIM","e98b8e300e91233bc25d901d97f64ac83d5aa2ad611067bae14b9bc56a0f8d05","e98b8e300e91233bc25d901d97f64ac83d5aa2ad611067bae14b9bc56a0f8d05","MATCH",""
"day02/Code/01_GD32F407_IAP_Bootloader/User/systick.h","projects/03-ymodem-iap/bootloader/course/User/systick.h","VERBATIM","bdd191cbdb4af1142d4365feac8197b72307be9b7e5cb1e0c6e0963a1c3ecb24","bdd191cbdb4af1142d4365feac8197b72307be9b7e5cb1e0c6e0963a1c3ecb24","MATCH",""
"day02/Code/02_GD32F407_IAP_App/Common/flash_drv.c","projects/03-ymodem-iap/application/course/Common/flash_drv.c","VERBATIM","d1ef57fcadeec305daed044553063a66503f50df5dc793312e5b356ec10178ac","d1ef57fcadeec305daed044553063a66503f50df5dc793312e5b356ec10178ac","MATCH",""
"day02/Code/02_GD32F407_IAP_App/Common/flash_drv.h","projects/03-ymodem-iap/application/course/Common/flash_drv.h","VERBATIM","f836e745ed922e0c1850aa8814fbb267218cd496be5cd7acef62b2e4d0144df0","f836e745ed922e0c1850aa8814fbb267218cd496be5cd7acef62b2e4d0144df0","MATCH",""
"day02/Code/02_GD32F407_IAP_App/Common/fmc_operation.c","projects/03-ymodem-iap/application/course/Common/fmc_operation.c","VERBATIM","996936d0d884172b36d96e9155f713489d099770f22b2f8d4ddbc7c9226c3c33","996936d0d884172b36d96e9155f713489d099770f22b2f8d4ddbc7c9226c3c33","MATCH",""
"day02/Code/02_GD32F407_IAP_App/Common/fmc_operation.h","projects/03-ymodem-iap/application/course/Common/fmc_operation.h","VERBATIM","3fc83074fa0df26c416ed8f0485d7cc88d8973c837ab24089723a7938f9bd1ce","3fc83074fa0df26c416ed8f0485d7cc88d8973c837ab24089723a7938f9bd1ce","MATCH",""
"day02/Code/02_GD32F407_IAP_App/Common/iap_driver.c","projects/03-ymodem-iap/application/course/Common/iap_driver.c","VERBATIM","d921abab25c160c0febd584f1623ce4d1770be765383ff0098a6bb5e1efa5b4c","d921abab25c160c0febd584f1623ce4d1770be765383ff0098a6bb5e1efa5b4c","MATCH",""
"day02/Code/02_GD32F407_IAP_App/Common/iap_driver.h","projects/03-ymodem-iap/application/course/Common/iap_driver.h","VERBATIM","4273f301579da4a08b761839f4653812337d8514feb209e204c40396df39f1ab","4273f301579da4a08b761839f4653812337d8514feb209e204c40396df39f1ab","MATCH",""
"day02/Code/02_GD32F407_IAP_App/Firmware/CMSIS/core_cm4_simd.h","projects/03-ymodem-iap/application/course/Firmware/CMSIS/core_cm4_simd.h","VERBATIM","0c2a0c2d66c7791b82ca19d10336c96518830ef359f6bfd9da7477bc2cbccbbb","0c2a0c2d66c7791b82ca19d10336c96518830ef359f6bfd9da7477bc2cbccbbb","MATCH",""
"day02/Code/02_GD32F407_IAP_App/Firmware/CMSIS/core_cm4.h","projects/03-ymodem-iap/application/course/Firmware/CMSIS/core_cm4.h","VERBATIM","4756546e1449d17b1a7dee2f3307f2c92c9f1d669c3f5dfc3ee1dec8aee9a8f7","4756546e1449d17b1a7dee2f3307f2c92c9f1d669c3f5dfc3ee1dec8aee9a8f7","MATCH",""
"day02/Code/02_GD32F407_IAP_App/Firmware/CMSIS/core_cmFunc.h","projects/03-ymodem-iap/application/course/Firmware/CMSIS/core_cmFunc.h","VERBATIM","5075ff67c8e264b83d9b391c07c6512e26abbc189e321de0d8b4375476980e5e","5075ff67c8e264b83d9b391c07c6512e26abbc189e321de0d8b4375476980e5e","MATCH",""
"day02/Code/02_GD32F407_IAP_App/Firmware/CMSIS/core_cmInstr.h","projects/03-ymodem-iap/application/course/Firmware/CMSIS/core_cmInstr.h","VERBATIM","c35ddca16ca04646dc70acf2d592ad9eaeaaecd8125a32abb710069648266eb5","c35ddca16ca04646dc70acf2d592ad9eaeaaecd8125a32abb710069648266eb5","MATCH",""
"day02/Code/02_GD32F407_IAP_App/Firmware/CMSIS/GD/GD32F4xx/Include/gd32f4xx.h","projects/03-ymodem-iap/application/course/Firmware/CMSIS/GD/GD32F4xx/Include/gd32f4xx.h","VERBATIM","96f1f6884c9885d32df760a385ca0b5e8e9b20c066f71b946771a00503623a62","96f1f6884c9885d32df760a385ca0b5e8e9b20c066f71b946771a00503623a62","MATCH",""
"day02/Code/02_GD32F407_IAP_App/Firmware/CMSIS/GD/GD32F4xx/Include/system_gd32f4xx.h","projects/03-ymodem-iap/application/course/Firmware/CMSIS/GD/GD32F4xx/Include/system_gd32f4xx.h","VERBATIM","98ef2dd6dd7f6d2542c4d5ca83e9869be3630b43300cb9ab453703e4277913bd","98ef2dd6dd7f6d2542c4d5ca83e9869be3630b43300cb9ab453703e4277913bd","MATCH",""
"day02/Code/02_GD32F407_IAP_App/Firmware/CMSIS/GD/GD32F4xx/Source/ARM/startup_gd32f405_425.s","projects/03-ymodem-iap/application/course/Firmware/CMSIS/GD/GD32F4xx/Source/ARM/startup_gd32f405_425.s","VERBATIM","aef6290f6950c0b7fb922fd12b91b3fc34ada707a6846aa5d7a1277fdd50fbd9","aef6290f6950c0b7fb922fd12b91b3fc34ada707a6846aa5d7a1277fdd50fbd9","MATCH",""
"day02/Code/02_GD32F407_IAP_App/Firmware/CMSIS/GD/GD32F4xx/Source/ARM/startup_gd32f407_427.s","projects/03-ymodem-iap/application/course/Firmware/CMSIS/GD/GD32F4xx/Source/ARM/startup_gd32f407_427.s","VERBATIM","8bd565510812682bb78eabde21966437e355651d87969df804bb7a03f6a1966c","8bd565510812682bb78eabde21966437e355651d87969df804bb7a03f6a1966c","MATCH",""
"day02/Code/02_GD32F407_IAP_App/Firmware/CMSIS/GD/GD32F4xx/Source/ARM/startup_gd32f450_470.s","projects/03-ymodem-iap/application/course/Firmware/CMSIS/GD/GD32F4xx/Source/ARM/startup_gd32f450_470.s","VERBATIM","a4e9852ba47aad025de9645d067fab33dda87b8e82dea6d77b3364f902345299","a4e9852ba47aad025de9645d067fab33dda87b8e82dea6d77b3364f902345299","MATCH",""
"day02/Code/02_GD32F407_IAP_App/Firmware/CMSIS/GD/GD32F4xx/Source/IAR/startup_gd32f405_425.s","projects/03-ymodem-iap/application/course/Firmware/CMSIS/GD/GD32F4xx/Source/IAR/startup_gd32f405_425.s","VERBATIM","70e76c6ad0182a5682773261e308008bc1102c09839605a0e058851173026836","70e76c6ad0182a5682773261e308008bc1102c09839605a0e058851173026836","MATCH",""
"day02/Code/02_GD32F407_IAP_App/Firmware/CMSIS/GD/GD32F4xx/Source/IAR/startup_gd32f407_427.s","projects/03-ymodem-iap/application/course/Firmware/CMSIS/GD/GD32F4xx/Source/IAR/startup_gd32f407_427.s","VERBATIM","550d6ca54de7f8fcb2791aaf9141666ba15978c55017fa6798bf0ca80a2864c6","550d6ca54de7f8fcb2791aaf9141666ba15978c55017fa6798bf0ca80a2864c6","MATCH",""
"day02/Code/02_GD32F407_IAP_App/Firmware/CMSIS/GD/GD32F4xx/Source/IAR/startup_gd32f450_470.s","projects/03-ymodem-iap/application/course/Firmware/CMSIS/GD/GD32F4xx/Source/IAR/startup_gd32f450_470.s","VERBATIM","ee6654f1d551c6937d014fe943342b0395a32076e5ac8dd688c600eacb9bd343","ee6654f1d551c6937d014fe943342b0395a32076e5ac8dd688c600eacb9bd343","MATCH",""
"day02/Code/02_GD32F407_IAP_App/Firmware/CMSIS/GD/GD32F4xx/Source/system_gd32f4xx.c","projects/03-ymodem-iap/application/course/Firmware/CMSIS/GD/GD32F4xx/Source/system_gd32f4xx.c","VERBATIM","8f66a123756716cf74297a7b54eec616f230cbbc37dfb60f21bf05d1bc070836","8f66a123756716cf74297a7b54eec616f230cbbc37dfb60f21bf05d1bc070836","MATCH",""
"day02/Code/02_GD32F407_IAP_App/Firmware/GD32F4xx_standard_peripheral/Include/gd32f4xx_adc.h","projects/03-ymodem-iap/application/course/Firmware/GD32F4xx_standard_peripheral/Include/gd32f4xx_adc.h","VERBATIM","d6b41e007f1ee95e5fa1b495f94924f7e6166439fbf3e9234a26b5fa6c32f1de","d6b41e007f1ee95e5fa1b495f94924f7e6166439fbf3e9234a26b5fa6c32f1de","MATCH",""
"day02/Code/02_GD32F407_IAP_App/Firmware/GD32F4xx_standard_peripheral/Include/gd32f4xx_can.h","projects/03-ymodem-iap/application/course/Firmware/GD32F4xx_standard_peripheral/Include/gd32f4xx_can.h","VERBATIM","62a96066d7b8a1cef45ab4092fce5058b962050eb1c9e4b3585f0e19b9f30578","62a96066d7b8a1cef45ab4092fce5058b962050eb1c9e4b3585f0e19b9f30578","MATCH",""
"day02/Code/02_GD32F407_IAP_App/Firmware/GD32F4xx_standard_peripheral/Include/gd32f4xx_crc.h","projects/03-ymodem-iap/application/course/Firmware/GD32F4xx_standard_peripheral/Include/gd32f4xx_crc.h","VERBATIM","4870f145aeec968f3a7a0a5068105591e1adeb9a37a5e47fdcc9d27d7d3afbd6","4870f145aeec968f3a7a0a5068105591e1adeb9a37a5e47fdcc9d27d7d3afbd6","MATCH",""
"day02/Code/02_GD32F407_IAP_App/Firmware/GD32F4xx_standard_peripheral/Include/gd32f4xx_ctc.h","projects/03-ymodem-iap/application/course/Firmware/GD32F4xx_standard_peripheral/Include/gd32f4xx_ctc.h","VERBATIM","900ab7d5f9c585834166a58966c8d523ff91d410066d00bbed3e6522c25782d7","900ab7d5f9c585834166a58966c8d523ff91d410066d00bbed3e6522c25782d7","MATCH",""
"day02/Code/02_GD32F407_IAP_App/Firmware/GD32F4xx_standard_peripheral/Include/gd32f4xx_dac.h","projects/03-ymodem-iap/application/course/Firmware/GD32F4xx_standard_peripheral/Include/gd32f4xx_dac.h","VERBATIM","86057cc0c52a32f955a12f47aba1e4997ac2daba13b10a686d8777579f638afb","86057cc0c52a32f955a12f47aba1e4997ac2daba13b10a686d8777579f638afb","MATCH",""
"day02/Code/02_GD32F407_IAP_App/Firmware/GD32F4xx_standard_peripheral/Include/gd32f4xx_dbg.h","projects/03-ymodem-iap/application/course/Firmware/GD32F4xx_standard_peripheral/Include/gd32f4xx_dbg.h","VERBATIM","21a089b5880f1d101116bd37eaac7a085a103901a40900e75941130d901b150e","21a089b5880f1d101116bd37eaac7a085a103901a40900e75941130d901b150e","MATCH",""
"day02/Code/02_GD32F407_IAP_App/Firmware/GD32F4xx_standard_peripheral/Include/gd32f4xx_dci.h","projects/03-ymodem-iap/application/course/Firmware/GD32F4xx_standard_peripheral/Include/gd32f4xx_dci.h","VERBATIM","787f449f0b2eba5bbcc92b0d50899fa668cea6ed9ccab3960eba0b2253cc7748","787f449f0b2eba5bbcc92b0d50899fa668cea6ed9ccab3960eba0b2253cc7748","MATCH",""
"day02/Code/02_GD32F407_IAP_App/Firmware/GD32F4xx_standard_peripheral/Include/gd32f4xx_dma.h","projects/03-ymodem-iap/application/course/Firmware/GD32F4xx_standard_peripheral/Include/gd32f4xx_dma.h","VERBATIM","f358957ebf98c4c449480a088e349cdac2716394c24fa4111de08b06fcdc5094","f358957ebf98c4c449480a088e349cdac2716394c24fa4111de08b06fcdc5094","MATCH",""
"day02/Code/02_GD32F407_IAP_App/Firmware/GD32F4xx_standard_peripheral/Include/gd32f4xx_enet.h","projects/03-ymodem-iap/application/course/Firmware/GD32F4xx_standard_peripheral/Include/gd32f4xx_enet.h","VERBATIM","2bdbc2be9b0e3ba398deeab38021442a2cfeedff21fc353cf3b16c717a2cdf9b","2bdbc2be9b0e3ba398deeab38021442a2cfeedff21fc353cf3b16c717a2cdf9b","MATCH",""
"day02/Code/02_GD32F407_IAP_App/Firmware/GD32F4xx_standard_peripheral/Include/gd32f4xx_exmc.h","projects/03-ymodem-iap/application/course/Firmware/GD32F4xx_standard_peripheral/Include/gd32f4xx_exmc.h","VERBATIM","68482b678dd868085a6be6317eec18873d43f895936e503487e843e561a0d55e","68482b678dd868085a6be6317eec18873d43f895936e503487e843e561a0d55e","MATCH",""
"day02/Code/02_GD32F407_IAP_App/Firmware/GD32F4xx_standard_peripheral/Include/gd32f4xx_exti.h","projects/03-ymodem-iap/application/course/Firmware/GD32F4xx_standard_peripheral/Include/gd32f4xx_exti.h","VERBATIM","705948f029f63a5995d9849a60e417d6210ece34c8e942c76a2d4e7a2b927426","705948f029f63a5995d9849a60e417d6210ece34c8e942c76a2d4e7a2b927426","MATCH",""
"day02/Code/02_GD32F407_IAP_App/Firmware/GD32F4xx_standard_peripheral/Include/gd32f4xx_fmc.h","projects/03-ymodem-iap/application/course/Firmware/GD32F4xx_standard_peripheral/Include/gd32f4xx_fmc.h","VERBATIM","5a5d9f0b1ce1e7486206130f80048f81a6d3e9e6337bf0a4c69d4a1d5edc9f7e","5a5d9f0b1ce1e7486206130f80048f81a6d3e9e6337bf0a4c69d4a1d5edc9f7e","MATCH",""
"day02/Code/02_GD32F407_IAP_App/Firmware/GD32F4xx_standard_peripheral/Include/gd32f4xx_fwdgt.h","projects/03-ymodem-iap/application/course/Firmware/GD32F4xx_standard_peripheral/Include/gd32f4xx_fwdgt.h","VERBATIM","04cb4ee0d6526910cf9ca8befc437fc6df3fdfe09fb0bc418ab7ea5c19611a50","04cb4ee0d6526910cf9ca8befc437fc6df3fdfe09fb0bc418ab7ea5c19611a50","MATCH",""
"day02/Code/02_GD32F407_IAP_App/Firmware/GD32F4xx_standard_peripheral/Include/gd32f4xx_gpio.h","projects/03-ymodem-iap/application/course/Firmware/GD32F4xx_standard_peripheral/Include/gd32f4xx_gpio.h","VERBATIM","a20501a28644bf45b8e3c4ab2a7237466805c1480b06e7d6c8585296d7f08787","a20501a28644bf45b8e3c4ab2a7237466805c1480b06e7d6c8585296d7f08787","MATCH",""
"day02/Code/02_GD32F407_IAP_App/Firmware/GD32F4xx_standard_peripheral/Include/gd32f4xx_i2c.h","projects/03-ymodem-iap/application/course/Firmware/GD32F4xx_standard_peripheral/Include/gd32f4xx_i2c.h","VERBATIM","6cf4053e2452263cdfcb98da0832ce1f2f1b0380c1bea5d4284c1df0d5cbbb05","6cf4053e2452263cdfcb98da0832ce1f2f1b0380c1bea5d4284c1df0d5cbbb05","MATCH",""
"day02/Code/02_GD32F407_IAP_App/Firmware/GD32F4xx_standard_peripheral/Include/gd32f4xx_ipa.h","projects/03-ymodem-iap/application/course/Firmware/GD32F4xx_standard_peripheral/Include/gd32f4xx_ipa.h","VERBATIM","1ad22068402e09bae4117e637ed972fcd7452751ccbe01c7829aea7df45ae8ae","1ad22068402e09bae4117e637ed972fcd7452751ccbe01c7829aea7df45ae8ae","MATCH",""
"day02/Code/02_GD32F407_IAP_App/Firmware/GD32F4xx_standard_peripheral/Include/gd32f4xx_iref.h","projects/03-ymodem-iap/application/course/Firmware/GD32F4xx_standard_peripheral/Include/gd32f4xx_iref.h","VERBATIM","d9d1e67fd4473f44b2f7e22bb78c3dfa9b5109d083af1b0fdc63ec657b241c4a","d9d1e67fd4473f44b2f7e22bb78c3dfa9b5109d083af1b0fdc63ec657b241c4a","MATCH",""
"day02/Code/02_GD32F407_IAP_App/Firmware/GD32F4xx_standard_peripheral/Include/gd32f4xx_misc.h","projects/03-ymodem-iap/application/course/Firmware/GD32F4xx_standard_peripheral/Include/gd32f4xx_misc.h","VERBATIM","0a918f830f0200c0e806dfb50594259783e69d8adbc27708705567f7193d35fb","0a918f830f0200c0e806dfb50594259783e69d8adbc27708705567f7193d35fb","MATCH",""
"day02/Code/02_GD32F407_IAP_App/Firmware/GD32F4xx_standard_peripheral/Include/gd32f4xx_pmu.h","projects/03-ymodem-iap/application/course/Firmware/GD32F4xx_standard_peripheral/Include/gd32f4xx_pmu.h","VERBATIM","b9a72b6e42083efd170c0c5fbe579c5d6417f9bbf674db36041be96fcbd84636","b9a72b6e42083efd170c0c5fbe579c5d6417f9bbf674db36041be96fcbd84636","MATCH",""
"day02/Code/02_GD32F407_IAP_App/Firmware/GD32F4xx_standard_peripheral/Include/gd32f4xx_rcu.h","projects/03-ymodem-iap/application/course/Firmware/GD32F4xx_standard_peripheral/Include/gd32f4xx_rcu.h","VERBATIM","ac2b2ae653edc89e674eda24e1cfe8b511b73984ae0cabed3df60ba61f8eef08","ac2b2ae653edc89e674eda24e1cfe8b511b73984ae0cabed3df60ba61f8eef08","MATCH",""
"day02/Code/02_GD32F407_IAP_App/Firmware/GD32F4xx_standard_peripheral/Include/gd32f4xx_rtc.h","projects/03-ymodem-iap/application/course/Firmware/GD32F4xx_standard_peripheral/Include/gd32f4xx_rtc.h","VERBATIM","1798b1b495683096d4491cf0f854957d2ad60612f65a801ed0e7a4bee49fa549","1798b1b495683096d4491cf0f854957d2ad60612f65a801ed0e7a4bee49fa549","MATCH",""
"day02/Code/02_GD32F407_IAP_App/Firmware/GD32F4xx_standard_peripheral/Include/gd32f4xx_sdio.h","projects/03-ymodem-iap/application/course/Firmware/GD32F4xx_standard_peripheral/Include/gd32f4xx_sdio.h","VERBATIM","8d6813efc565e3085611d767ea4e670e0c76a256c6f17fc93f313bcb11d0385a","8d6813efc565e3085611d767ea4e670e0c76a256c6f17fc93f313bcb11d0385a","MATCH",""
"day02/Code/02_GD32F407_IAP_App/Firmware/GD32F4xx_standard_peripheral/Include/gd32f4xx_spi.h","projects/03-ymodem-iap/application/course/Firmware/GD32F4xx_standard_peripheral/Include/gd32f4xx_spi.h","VERBATIM","4c6360c8fe58d4a38e4870bcba17630857551d3ec7b4bd3ddeb5085c31240b1c","4c6360c8fe58d4a38e4870bcba17630857551d3ec7b4bd3ddeb5085c31240b1c","MATCH",""
"day02/Code/02_GD32F407_IAP_App/Firmware/GD32F4xx_standard_peripheral/Include/gd32f4xx_syscfg.h","projects/03-ymodem-iap/application/course/Firmware/GD32F4xx_standard_peripheral/Include/gd32f4xx_syscfg.h","VERBATIM","5060fef0a07a3fc1396a31f09f95fe1d134f8a1fb1581e3dd98bb6078108c447","5060fef0a07a3fc1396a31f09f95fe1d134f8a1fb1581e3dd98bb6078108c447","MATCH",""
"day02/Code/02_GD32F407_IAP_App/Firmware/GD32F4xx_standard_peripheral/Include/gd32f4xx_timer.h","projects/03-ymodem-iap/application/course/Firmware/GD32F4xx_standard_peripheral/Include/gd32f4xx_timer.h","VERBATIM","7a79f81f1d862a1b49f23bfe05b1ac751a71e761b6e63c2dffabe6c7bc69ac49","7a79f81f1d862a1b49f23bfe05b1ac751a71e761b6e63c2dffabe6c7bc69ac49","MATCH",""
"day02/Code/02_GD32F407_IAP_App/Firmware/GD32F4xx_standard_peripheral/Include/gd32f4xx_tli.h","projects/03-ymodem-iap/application/course/Firmware/GD32F4xx_standard_peripheral/Include/gd32f4xx_tli.h","VERBATIM","1b94ea157ac8ce2fed962b0c4ff95b6702c6194300aa51b04c3aafe493768d2a","1b94ea157ac8ce2fed962b0c4ff95b6702c6194300aa51b04c3aafe493768d2a","MATCH",""
"day02/Code/02_GD32F407_IAP_App/Firmware/GD32F4xx_standard_peripheral/Include/gd32f4xx_trng.h","projects/03-ymodem-iap/application/course/Firmware/GD32F4xx_standard_peripheral/Include/gd32f4xx_trng.h","VERBATIM","91e2bb5affefa65f90927fad795faa0f4204516284eca38e461506f0cd9ca924","91e2bb5affefa65f90927fad795faa0f4204516284eca38e461506f0cd9ca924","MATCH",""
"day02/Code/02_GD32F407_IAP_App/Firmware/GD32F4xx_standard_peripheral/Include/gd32f4xx_usart.h","projects/03-ymodem-iap/application/course/Firmware/GD32F4xx_standard_peripheral/Include/gd32f4xx_usart.h","VERBATIM","6cf40e957a1216c99e3663d667de1944c42272897011834bf20adcd97e791074","6cf40e957a1216c99e3663d667de1944c42272897011834bf20adcd97e791074","MATCH",""
"day02/Code/02_GD32F407_IAP_App/Firmware/GD32F4xx_standard_peripheral/Include/gd32f4xx_wwdgt.h","projects/03-ymodem-iap/application/course/Firmware/GD32F4xx_standard_peripheral/Include/gd32f4xx_wwdgt.h","VERBATIM","01eecfc98b4507aeb8f0afbe7d994ea0a617a79e5d4eb2d1d4a85979ba014efe","01eecfc98b4507aeb8f0afbe7d994ea0a617a79e5d4eb2d1d4a85979ba014efe","MATCH",""
"day02/Code/02_GD32F407_IAP_App/Firmware/GD32F4xx_standard_peripheral/Source/gd32f4xx_adc.c","projects/03-ymodem-iap/application/course/Firmware/GD32F4xx_standard_peripheral/Source/gd32f4xx_adc.c","VERBATIM","8a5c91ec7a397b53efd086646674d273ece00f36c9610ab50715fe1521ba4112","8a5c91ec7a397b53efd086646674d273ece00f36c9610ab50715fe1521ba4112","MATCH",""
"day02/Code/02_GD32F407_IAP_App/Firmware/GD32F4xx_standard_peripheral/Source/gd32f4xx_can.c","projects/03-ymodem-iap/application/course/Firmware/GD32F4xx_standard_peripheral/Source/gd32f4xx_can.c","VERBATIM","ce0e343b00856972eabaccc1f4d88c051796a8d1e30c4596312fc29a533db8ba","ce0e343b00856972eabaccc1f4d88c051796a8d1e30c4596312fc29a533db8ba","MATCH",""
"day02/Code/02_GD32F407_IAP_App/Firmware/GD32F4xx_standard_peripheral/Source/gd32f4xx_crc.c","projects/03-ymodem-iap/application/course/Firmware/GD32F4xx_standard_peripheral/Source/gd32f4xx_crc.c","VERBATIM","c14034159e72e082aa70e2a8cba60ffcf950b63d75ae467706632f32ec00f315","c14034159e72e082aa70e2a8cba60ffcf950b63d75ae467706632f32ec00f315","MATCH",""
"day02/Code/02_GD32F407_IAP_App/Firmware/GD32F4xx_standard_peripheral/Source/gd32f4xx_ctc.c","projects/03-ymodem-iap/application/course/Firmware/GD32F4xx_standard_peripheral/Source/gd32f4xx_ctc.c","VERBATIM","07f4a6385c6ffb2e18ecf95daae6a431fb91262fa988835a249a64f4002280a1","07f4a6385c6ffb2e18ecf95daae6a431fb91262fa988835a249a64f4002280a1","MATCH",""
"day02/Code/02_GD32F407_IAP_App/Firmware/GD32F4xx_standard_peripheral/Source/gd32f4xx_dac.c","projects/03-ymodem-iap/application/course/Firmware/GD32F4xx_standard_peripheral/Source/gd32f4xx_dac.c","VERBATIM","ace5c99f1e2774d955ca4e4d5d6e81b2d831f718098487ea3e8c2c34c960e160","ace5c99f1e2774d955ca4e4d5d6e81b2d831f718098487ea3e8c2c34c960e160","MATCH",""
"day02/Code/02_GD32F407_IAP_App/Firmware/GD32F4xx_standard_peripheral/Source/gd32f4xx_dbg.c","projects/03-ymodem-iap/application/course/Firmware/GD32F4xx_standard_peripheral/Source/gd32f4xx_dbg.c","VERBATIM","6eec659fd6b5c549226bae8e9c9c78785b064d557434189bb221287d550fe291","6eec659fd6b5c549226bae8e9c9c78785b064d557434189bb221287d550fe291","MATCH",""
"day02/Code/02_GD32F407_IAP_App/Firmware/GD32F4xx_standard_peripheral/Source/gd32f4xx_dci.c","projects/03-ymodem-iap/application/course/Firmware/GD32F4xx_standard_peripheral/Source/gd32f4xx_dci.c","VERBATIM","b99613d9a21a02dd39117f30b9a488b859209ab3489dcfde7361d147cdf76516","b99613d9a21a02dd39117f30b9a488b859209ab3489dcfde7361d147cdf76516","MATCH",""
"day02/Code/02_GD32F407_IAP_App/Firmware/GD32F4xx_standard_peripheral/Source/gd32f4xx_dma.c","projects/03-ymodem-iap/application/course/Firmware/GD32F4xx_standard_peripheral/Source/gd32f4xx_dma.c","VERBATIM","2d943a169ababcc22cbc6c41665f5ce375c30b63005954e1d34bb3218cb63faf","2d943a169ababcc22cbc6c41665f5ce375c30b63005954e1d34bb3218cb63faf","MATCH",""
"day02/Code/02_GD32F407_IAP_App/Firmware/GD32F4xx_standard_peripheral/Source/gd32f4xx_enet.c","projects/03-ymodem-iap/application/course/Firmware/GD32F4xx_standard_peripheral/Source/gd32f4xx_enet.c","VERBATIM","3051e8737c463d23d07b9c9ad937bc7c488bb573738b2313982870daa670e87e","3051e8737c463d23d07b9c9ad937bc7c488bb573738b2313982870daa670e87e","MATCH",""
"day02/Code/02_GD32F407_IAP_App/Firmware/GD32F4xx_standard_peripheral/Source/gd32f4xx_exmc.c","projects/03-ymodem-iap/application/course/Firmware/GD32F4xx_standard_peripheral/Source/gd32f4xx_exmc.c","VERBATIM","e4a79b377c89d9eb8bd5be101e273ad5efba0c2a24fb4621ab7bc124beeeaebf","e4a79b377c89d9eb8bd5be101e273ad5efba0c2a24fb4621ab7bc124beeeaebf","MATCH",""
"day02/Code/02_GD32F407_IAP_App/Firmware/GD32F4xx_standard_peripheral/Source/gd32f4xx_exti.c","projects/03-ymodem-iap/application/course/Firmware/GD32F4xx_standard_peripheral/Source/gd32f4xx_exti.c","VERBATIM","fce4a7eca93486d71a9e5758642f2282ae7f8805dbb559312837a0b17577fe58","fce4a7eca93486d71a9e5758642f2282ae7f8805dbb559312837a0b17577fe58","MATCH",""
"day02/Code/02_GD32F407_IAP_App/Firmware/GD32F4xx_standard_peripheral/Source/gd32f4xx_fmc.c","projects/03-ymodem-iap/application/course/Firmware/GD32F4xx_standard_peripheral/Source/gd32f4xx_fmc.c","VERBATIM","15408829d2405432fc8ed73d5d8c6bbb1e6c74540f1b817983babd62e22cab16","15408829d2405432fc8ed73d5d8c6bbb1e6c74540f1b817983babd62e22cab16","MATCH",""
"day02/Code/02_GD32F407_IAP_App/Firmware/GD32F4xx_standard_peripheral/Source/gd32f4xx_fwdgt.c","projects/03-ymodem-iap/application/course/Firmware/GD32F4xx_standard_peripheral/Source/gd32f4xx_fwdgt.c","VERBATIM","05b67d15069ced6f0472e4115ecd16064402e0d6220561499000025a8cd189b7","05b67d15069ced6f0472e4115ecd16064402e0d6220561499000025a8cd189b7","MATCH",""
"day02/Code/02_GD32F407_IAP_App/Firmware/GD32F4xx_standard_peripheral/Source/gd32f4xx_gpio.c","projects/03-ymodem-iap/application/course/Firmware/GD32F4xx_standard_peripheral/Source/gd32f4xx_gpio.c","VERBATIM","262befe864d5da3bada64d0b3dab29e5c2747e46b154ede8bcab0b788db614e0","262befe864d5da3bada64d0b3dab29e5c2747e46b154ede8bcab0b788db614e0","MATCH",""
"day02/Code/02_GD32F407_IAP_App/Firmware/GD32F4xx_standard_peripheral/Source/gd32f4xx_i2c.c","projects/03-ymodem-iap/application/course/Firmware/GD32F4xx_standard_peripheral/Source/gd32f4xx_i2c.c","VERBATIM","8edfaf1a8f0bf2833923d0072fe1b9d0467382b3ec1d243e918d0de9711cccd2","8edfaf1a8f0bf2833923d0072fe1b9d0467382b3ec1d243e918d0de9711cccd2","MATCH",""
"day02/Code/02_GD32F407_IAP_App/Firmware/GD32F4xx_standard_peripheral/Source/gd32f4xx_ipa.c","projects/03-ymodem-iap/application/course/Firmware/GD32F4xx_standard_peripheral/Source/gd32f4xx_ipa.c","VERBATIM","38a8350304763c1c83b4d2341f6782b090ca09abe541ac360089b5cb454bcf57","38a8350304763c1c83b4d2341f6782b090ca09abe541ac360089b5cb454bcf57","MATCH",""
"day02/Code/02_GD32F407_IAP_App/Firmware/GD32F4xx_standard_peripheral/Source/gd32f4xx_iref.c","projects/03-ymodem-iap/application/course/Firmware/GD32F4xx_standard_peripheral/Source/gd32f4xx_iref.c","VERBATIM","24f2fcfcd20882fd3e65773a281a827bf5391a0a8054324eef7c98bb3f2b9b80","24f2fcfcd20882fd3e65773a281a827bf5391a0a8054324eef7c98bb3f2b9b80","MATCH",""
"day02/Code/02_GD32F407_IAP_App/Firmware/GD32F4xx_standard_peripheral/Source/gd32f4xx_misc.c","projects/03-ymodem-iap/application/course/Firmware/GD32F4xx_standard_peripheral/Source/gd32f4xx_misc.c","VERBATIM","1cd262f295155428c25dedc69bfbab99f7a99de09e0b602eca1f2c6017cfe2da","1cd262f295155428c25dedc69bfbab99f7a99de09e0b602eca1f2c6017cfe2da","MATCH",""
"day02/Code/02_GD32F407_IAP_App/Firmware/GD32F4xx_standard_peripheral/Source/gd32f4xx_pmu.c","projects/03-ymodem-iap/application/course/Firmware/GD32F4xx_standard_peripheral/Source/gd32f4xx_pmu.c","VERBATIM","dafa94838a55132e3313234c5ac2be6172116dc26574347363d554effb186d79","dafa94838a55132e3313234c5ac2be6172116dc26574347363d554effb186d79","MATCH",""
"day02/Code/02_GD32F407_IAP_App/Firmware/GD32F4xx_standard_peripheral/Source/gd32f4xx_rcu.c","projects/03-ymodem-iap/application/course/Firmware/GD32F4xx_standard_peripheral/Source/gd32f4xx_rcu.c","VERBATIM","6c1030eb58ec7cb9c41e2a1ff31ddef87f70dd083222327978234004c4e95b98","6c1030eb58ec7cb9c41e2a1ff31ddef87f70dd083222327978234004c4e95b98","MATCH",""
"day02/Code/02_GD32F407_IAP_App/Firmware/GD32F4xx_standard_peripheral/Source/gd32f4xx_rtc.c","projects/03-ymodem-iap/application/course/Firmware/GD32F4xx_standard_peripheral/Source/gd32f4xx_rtc.c","VERBATIM","eea5bcb92c88a7bab9f3740f8e9408236412a546b03a5467f21b0f94a01183e7","eea5bcb92c88a7bab9f3740f8e9408236412a546b03a5467f21b0f94a01183e7","MATCH",""
"day02/Code/02_GD32F407_IAP_App/Firmware/GD32F4xx_standard_peripheral/Source/gd32f4xx_sdio.c","projects/03-ymodem-iap/application/course/Firmware/GD32F4xx_standard_peripheral/Source/gd32f4xx_sdio.c","VERBATIM","9d8f3e488c74c44a30c4d0bbb9cd8d86555d898ca9c36f259ce57609959b9854","9d8f3e488c74c44a30c4d0bbb9cd8d86555d898ca9c36f259ce57609959b9854","MATCH",""
"day02/Code/02_GD32F407_IAP_App/Firmware/GD32F4xx_standard_peripheral/Source/gd32f4xx_spi.c","projects/03-ymodem-iap/application/course/Firmware/GD32F4xx_standard_peripheral/Source/gd32f4xx_spi.c","VERBATIM","ce06438e9ad5882a0fca88dfe658dd925ed3320ba574c2797e2f93acf6142459","ce06438e9ad5882a0fca88dfe658dd925ed3320ba574c2797e2f93acf6142459","MATCH",""
"day02/Code/02_GD32F407_IAP_App/Firmware/GD32F4xx_standard_peripheral/Source/gd32f4xx_syscfg.c","projects/03-ymodem-iap/application/course/Firmware/GD32F4xx_standard_peripheral/Source/gd32f4xx_syscfg.c","VERBATIM","51a7a5e70f3064424cc6e2f6a06942b47adaac8c36a6612ee08b1643557b3ca3","51a7a5e70f3064424cc6e2f6a06942b47adaac8c36a6612ee08b1643557b3ca3","MATCH",""
"day02/Code/02_GD32F407_IAP_App/Firmware/GD32F4xx_standard_peripheral/Source/gd32f4xx_timer.c","projects/03-ymodem-iap/application/course/Firmware/GD32F4xx_standard_peripheral/Source/gd32f4xx_timer.c","VERBATIM","3961465cf6ba39554e34c02183c50676a4ab9b3991a6aad32d271754b2506b14","3961465cf6ba39554e34c02183c50676a4ab9b3991a6aad32d271754b2506b14","MATCH",""
"day02/Code/02_GD32F407_IAP_App/Firmware/GD32F4xx_standard_peripheral/Source/gd32f4xx_tli.c","projects/03-ymodem-iap/application/course/Firmware/GD32F4xx_standard_peripheral/Source/gd32f4xx_tli.c","VERBATIM","881a02e692afd4a0b6848a929b0b8c79148911ad7543cf611287c45e82372541","881a02e692afd4a0b6848a929b0b8c79148911ad7543cf611287c45e82372541","MATCH",""
"day02/Code/02_GD32F407_IAP_App/Firmware/GD32F4xx_standard_peripheral/Source/gd32f4xx_trng.c","projects/03-ymodem-iap/application/course/Firmware/GD32F4xx_standard_peripheral/Source/gd32f4xx_trng.c","VERBATIM","ba9093d046a01c997aa54d2de9f663e8af32fb9e53c950cfc640f1033fcd6c53","ba9093d046a01c997aa54d2de9f663e8af32fb9e53c950cfc640f1033fcd6c53","MATCH",""
"day02/Code/02_GD32F407_IAP_App/Firmware/GD32F4xx_standard_peripheral/Source/gd32f4xx_usart.c","projects/03-ymodem-iap/application/course/Firmware/GD32F4xx_standard_peripheral/Source/gd32f4xx_usart.c","VERBATIM","f67fa54d9c9537317be92d95fd880a394d9abe98df708e5aa821fbfa392ae9b0","f67fa54d9c9537317be92d95fd880a394d9abe98df708e5aa821fbfa392ae9b0","MATCH",""
"day02/Code/02_GD32F407_IAP_App/Firmware/GD32F4xx_standard_peripheral/Source/gd32f4xx_wwdgt.c","projects/03-ymodem-iap/application/course/Firmware/GD32F4xx_standard_peripheral/Source/gd32f4xx_wwdgt.c","VERBATIM","0ed39de6f0101e10ddcb476e6ef21c44d2282d4f689d0d0d70f9e04940e6f0fe","0ed39de6f0101e10ddcb476e6ef21c44d2282d4f689d0d0d70f9e04940e6f0fe","MATCH",""
"day02/Code/02_GD32F407_IAP_App/Firmware/GD32F4xx_usb_library/device/class/audio/Include/audio_core.h","projects/03-ymodem-iap/application/course/Firmware/GD32F4xx_usb_library/device/class/audio/Include/audio_core.h","VERBATIM","d4550583ad93fb3eed7d288fb84ca5e1b57269e088fb073e541a666b636fec00","d4550583ad93fb3eed7d288fb84ca5e1b57269e088fb073e541a666b636fec00","MATCH",""
"day02/Code/02_GD32F407_IAP_App/Firmware/GD32F4xx_usb_library/device/class/audio/Include/audio_out_itf.h","projects/03-ymodem-iap/application/course/Firmware/GD32F4xx_usb_library/device/class/audio/Include/audio_out_itf.h","VERBATIM","77fb54dea6431af26c1de2b1ccfb8186fac92519d817556fe6b31fde7947310b","77fb54dea6431af26c1de2b1ccfb8186fac92519d817556fe6b31fde7947310b","MATCH",""
"day02/Code/02_GD32F407_IAP_App/Firmware/GD32F4xx_usb_library/device/class/audio/Source/audio_core.c","projects/03-ymodem-iap/application/course/Firmware/GD32F4xx_usb_library/device/class/audio/Source/audio_core.c","VERBATIM","e134abab42ada7e2d9c6bad56032f4358fbd37b82e3861496bfe8dc7b4263d32","e134abab42ada7e2d9c6bad56032f4358fbd37b82e3861496bfe8dc7b4263d32","MATCH",""
"day02/Code/02_GD32F407_IAP_App/Firmware/GD32F4xx_usb_library/device/class/audio/Source/audio_out_itf.c","projects/03-ymodem-iap/application/course/Firmware/GD32F4xx_usb_library/device/class/audio/Source/audio_out_itf.c","VERBATIM","33f0490e4b3ce2315d51257bb877a233ba7293bf83f1272113382989476b887b","33f0490e4b3ce2315d51257bb877a233ba7293bf83f1272113382989476b887b","MATCH",""
"day02/Code/02_GD32F407_IAP_App/Firmware/GD32F4xx_usb_library/device/class/cdc/Include/cdc_acm_core.h","projects/03-ymodem-iap/application/course/Firmware/GD32F4xx_usb_library/device/class/cdc/Include/cdc_acm_core.h","VERBATIM","58a53b46a222a4ca1b4f35901a48555a22ff6c8ef95dcb23e651a64512a0b8ec","58a53b46a222a4ca1b4f35901a48555a22ff6c8ef95dcb23e651a64512a0b8ec","MATCH",""
"day02/Code/02_GD32F407_IAP_App/Firmware/GD32F4xx_usb_library/device/class/cdc/Source/cdc_acm_core.c","projects/03-ymodem-iap/application/course/Firmware/GD32F4xx_usb_library/device/class/cdc/Source/cdc_acm_core.c","VERBATIM","92f6d272cb501a2e0e8020a5c7c3fdbf3f6267044a5f00c248a53bdc23867e71","92f6d272cb501a2e0e8020a5c7c3fdbf3f6267044a5f00c248a53bdc23867e71","MATCH",""
"day02/Code/02_GD32F407_IAP_App/Firmware/GD32F4xx_usb_library/device/class/dfu/Include/dfu_core.h","projects/03-ymodem-iap/application/course/Firmware/GD32F4xx_usb_library/device/class/dfu/Include/dfu_core.h","VERBATIM","b074e46c11dfc3d6f057e7c91263a7894a8598f5ad27062a8f0c737739f0ac4b","b074e46c11dfc3d6f057e7c91263a7894a8598f5ad27062a8f0c737739f0ac4b","MATCH",""
"day02/Code/02_GD32F407_IAP_App/Firmware/GD32F4xx_usb_library/device/class/dfu/Include/dfu_mem.h","projects/03-ymodem-iap/application/course/Firmware/GD32F4xx_usb_library/device/class/dfu/Include/dfu_mem.h","VERBATIM","ee0fa900e1595041db2524e57a7684a911afec27bd737544cb8acc1a419b54f3","ee0fa900e1595041db2524e57a7684a911afec27bd737544cb8acc1a419b54f3","MATCH",""
"day02/Code/02_GD32F407_IAP_App/Firmware/GD32F4xx_usb_library/device/class/dfu/Source/dfu_core.c","projects/03-ymodem-iap/application/course/Firmware/GD32F4xx_usb_library/device/class/dfu/Source/dfu_core.c","VERBATIM","ee0b61f48e523f816e1977ab5667701d4a30c9d7994809daec56a6c22b6b23f2","ee0b61f48e523f816e1977ab5667701d4a30c9d7994809daec56a6c22b6b23f2","MATCH",""
"day02/Code/02_GD32F407_IAP_App/Firmware/GD32F4xx_usb_library/device/class/dfu/Source/dfu_mem.c","projects/03-ymodem-iap/application/course/Firmware/GD32F4xx_usb_library/device/class/dfu/Source/dfu_mem.c","VERBATIM","1740852fd0411642aad47bf10951d51de5338ca02239c634c4a28211cc0b6bd5","1740852fd0411642aad47bf10951d51de5338ca02239c634c4a28211cc0b6bd5","MATCH",""
"day02/Code/02_GD32F407_IAP_App/Firmware/GD32F4xx_usb_library/device/class/hid/Include/custom_hid_core.h","projects/03-ymodem-iap/application/course/Firmware/GD32F4xx_usb_library/device/class/hid/Include/custom_hid_core.h","VERBATIM","3d8630539b539b75241b088ba5cb2bd6a6377ebe6a0c026e14e4d9f618149f3c","3d8630539b539b75241b088ba5cb2bd6a6377ebe6a0c026e14e4d9f618149f3c","MATCH",""
"day02/Code/02_GD32F407_IAP_App/Firmware/GD32F4xx_usb_library/device/class/hid/Include/standard_hid_core.h","projects/03-ymodem-iap/application/course/Firmware/GD32F4xx_usb_library/device/class/hid/Include/standard_hid_core.h","VERBATIM","b43958e8ef0bb4e5939d1b1279f2b4d25791abd357c51504fb08c6bf5cde5a55","b43958e8ef0bb4e5939d1b1279f2b4d25791abd357c51504fb08c6bf5cde5a55","MATCH",""
"day02/Code/02_GD32F407_IAP_App/Firmware/GD32F4xx_usb_library/device/class/hid/Source/custom_hid_core.c","projects/03-ymodem-iap/application/course/Firmware/GD32F4xx_usb_library/device/class/hid/Source/custom_hid_core.c","VERBATIM","e31d924422097b600884693e2cfb38c20e4215861dfc8bbdff3058c9a9133668","e31d924422097b600884693e2cfb38c20e4215861dfc8bbdff3058c9a9133668","MATCH",""
"day02/Code/02_GD32F407_IAP_App/Firmware/GD32F4xx_usb_library/device/class/hid/Source/standard_hid_core.c","projects/03-ymodem-iap/application/course/Firmware/GD32F4xx_usb_library/device/class/hid/Source/standard_hid_core.c","VERBATIM","976542c7fc8c038846c71e4c5e6755b3c9364c8c09425f671fa694f1f14889a1","976542c7fc8c038846c71e4c5e6755b3c9364c8c09425f671fa694f1f14889a1","MATCH",""
"day02/Code/02_GD32F407_IAP_App/Firmware/GD32F4xx_usb_library/device/class/iap/Include/usb_iap_core.h","projects/03-ymodem-iap/application/course/Firmware/GD32F4xx_usb_library/device/class/iap/Include/usb_iap_core.h","VERBATIM","0c5491567e7452be4cdc0099bc8f6e5b6aca7b9c273fdb95647264938337c163","0c5491567e7452be4cdc0099bc8f6e5b6aca7b9c273fdb95647264938337c163","MATCH",""
"day02/Code/02_GD32F407_IAP_App/Firmware/GD32F4xx_usb_library/device/class/iap/Source/usb_iap_core.c","projects/03-ymodem-iap/application/course/Firmware/GD32F4xx_usb_library/device/class/iap/Source/usb_iap_core.c","VERBATIM","b48d8edb4882f57e2ee0b7cd17d94a4ea574bbfdb3ef72f35355fb7b8cbf374d","b48d8edb4882f57e2ee0b7cd17d94a4ea574bbfdb3ef72f35355fb7b8cbf374d","MATCH",""
"day02/Code/02_GD32F407_IAP_App/Firmware/GD32F4xx_usb_library/device/class/msc/Include/usbd_msc_bbb.h","projects/03-ymodem-iap/application/course/Firmware/GD32F4xx_usb_library/device/class/msc/Include/usbd_msc_bbb.h","VERBATIM","fce4e4a9e17e3c7ad6ef23bf6284354b3c1e0bc79e2e3d8c51c00c7cba88598f","fce4e4a9e17e3c7ad6ef23bf6284354b3c1e0bc79e2e3d8c51c00c7cba88598f","MATCH",""
"day02/Code/02_GD32F407_IAP_App/Firmware/GD32F4xx_usb_library/device/class/msc/Include/usbd_msc_core.h","projects/03-ymodem-iap/application/course/Firmware/GD32F4xx_usb_library/device/class/msc/Include/usbd_msc_core.h","VERBATIM","1b56e50c7f78bd46cc86e131565da5a3ca050901171a99d33526283996d0062c","1b56e50c7f78bd46cc86e131565da5a3ca050901171a99d33526283996d0062c","MATCH",""
"day02/Code/02_GD32F407_IAP_App/Firmware/GD32F4xx_usb_library/device/class/msc/Include/usbd_msc_mem.h","projects/03-ymodem-iap/application/course/Firmware/GD32F4xx_usb_library/device/class/msc/Include/usbd_msc_mem.h","VERBATIM","4219910f0d5565cbf2cb7de2191fffad41f01f9903ec160827c6f441fc9fe241","4219910f0d5565cbf2cb7de2191fffad41f01f9903ec160827c6f441fc9fe241","MATCH",""
"day02/Code/02_GD32F407_IAP_App/Firmware/GD32F4xx_usb_library/device/class/msc/Include/usbd_msc_scsi.h","projects/03-ymodem-iap/application/course/Firmware/GD32F4xx_usb_library/device/class/msc/Include/usbd_msc_scsi.h","VERBATIM","8a843a759a5d1013db6524b1547453013da00c202f03a7011b604c8e79f96a2d","8a843a759a5d1013db6524b1547453013da00c202f03a7011b604c8e79f96a2d","MATCH",""
"day02/Code/02_GD32F407_IAP_App/Firmware/GD32F4xx_usb_library/device/class/msc/Source/usbd_msc_bbb.c","projects/03-ymodem-iap/application/course/Firmware/GD32F4xx_usb_library/device/class/msc/Source/usbd_msc_bbb.c","VERBATIM","d613ecddab72a03de672e4669f2549f5ce93259c09819fcbd78db49dbbefa4a5","d613ecddab72a03de672e4669f2549f5ce93259c09819fcbd78db49dbbefa4a5","MATCH",""
"day02/Code/02_GD32F407_IAP_App/Firmware/GD32F4xx_usb_library/device/class/msc/Source/usbd_msc_core.c","projects/03-ymodem-iap/application/course/Firmware/GD32F4xx_usb_library/device/class/msc/Source/usbd_msc_core.c","VERBATIM","5c5983c2884b08aa4a480b29929e20a502741c56cefd717e48a6fe5c807bbb5c","5c5983c2884b08aa4a480b29929e20a502741c56cefd717e48a6fe5c807bbb5c","MATCH",""
"day02/Code/02_GD32F407_IAP_App/Firmware/GD32F4xx_usb_library/device/class/msc/Source/usbd_msc_scsi.c","projects/03-ymodem-iap/application/course/Firmware/GD32F4xx_usb_library/device/class/msc/Source/usbd_msc_scsi.c","VERBATIM","062e1df310c0feed9372585e09d4a317f65b8e0e03bd70c14aa7418a99c5effd","062e1df310c0feed9372585e09d4a317f65b8e0e03bd70c14aa7418a99c5effd","MATCH",""
"day02/Code/02_GD32F407_IAP_App/Firmware/GD32F4xx_usb_library/device/class/printer/Include/printer_core.h","projects/03-ymodem-iap/application/course/Firmware/GD32F4xx_usb_library/device/class/printer/Include/printer_core.h","VERBATIM","4231dae7349cc3643150ec1e90a5cefb4adf23adc0314e82ef001bdfcd7d7e8c","4231dae7349cc3643150ec1e90a5cefb4adf23adc0314e82ef001bdfcd7d7e8c","MATCH",""
"day02/Code/02_GD32F407_IAP_App/Firmware/GD32F4xx_usb_library/device/class/printer/Source/printer_core.c","projects/03-ymodem-iap/application/course/Firmware/GD32F4xx_usb_library/device/class/printer/Source/printer_core.c","VERBATIM","93eb77ff7a45da1424244e1ffa25755a259e43b815d00b14c319bec17a079831","93eb77ff7a45da1424244e1ffa25755a259e43b815d00b14c319bec17a079831","MATCH",""
"day02/Code/02_GD32F407_IAP_App/Firmware/GD32F4xx_usb_library/device/core/Include/usbd_core.h","projects/03-ymodem-iap/application/course/Firmware/GD32F4xx_usb_library/device/core/Include/usbd_core.h","VERBATIM","a205d78d7c4299519538d5057744916bcb5459ec963bfbd6aa42101197b15041","a205d78d7c4299519538d5057744916bcb5459ec963bfbd6aa42101197b15041","MATCH",""
"day02/Code/02_GD32F407_IAP_App/Firmware/GD32F4xx_usb_library/device/core/Include/usbd_enum.h","projects/03-ymodem-iap/application/course/Firmware/GD32F4xx_usb_library/device/core/Include/usbd_enum.h","VERBATIM","9de97ed85ba71120379bf876faf752fa7900784d1614c18d1e9ecea6c7e2c897","9de97ed85ba71120379bf876faf752fa7900784d1614c18d1e9ecea6c7e2c897","MATCH",""
"day02/Code/02_GD32F407_IAP_App/Firmware/GD32F4xx_usb_library/device/core/Include/usbd_transc.h","projects/03-ymodem-iap/application/course/Firmware/GD32F4xx_usb_library/device/core/Include/usbd_transc.h","VERBATIM","7598a18b6aa5696b7d15c3f8da6f0f04c37bca44d48c86fd5a7bd92850a17681","7598a18b6aa5696b7d15c3f8da6f0f04c37bca44d48c86fd5a7bd92850a17681","MATCH",""
"day02/Code/02_GD32F407_IAP_App/Firmware/GD32F4xx_usb_library/device/core/Source/usbd_core.c","projects/03-ymodem-iap/application/course/Firmware/GD32F4xx_usb_library/device/core/Source/usbd_core.c","VERBATIM","74a04240e3912ef2d959396250678ff65e41a6d65e4c92cddb7babebc646a12f","74a04240e3912ef2d959396250678ff65e41a6d65e4c92cddb7babebc646a12f","MATCH",""
"day02/Code/02_GD32F407_IAP_App/Firmware/GD32F4xx_usb_library/device/core/Source/usbd_enum.c","projects/03-ymodem-iap/application/course/Firmware/GD32F4xx_usb_library/device/core/Source/usbd_enum.c","VERBATIM","07c9d4af518d9659d3696a574638d2238413c849345915f347b1ce91c02a81ee","07c9d4af518d9659d3696a574638d2238413c849345915f347b1ce91c02a81ee","MATCH",""
"day02/Code/02_GD32F407_IAP_App/Firmware/GD32F4xx_usb_library/device/core/Source/usbd_transc.c","projects/03-ymodem-iap/application/course/Firmware/GD32F4xx_usb_library/device/core/Source/usbd_transc.c","VERBATIM","ce5e569f4cbb0918250c03000276fd987e116e69f489eec7b049b790a5a87f37","ce5e569f4cbb0918250c03000276fd987e116e69f489eec7b049b790a5a87f37","MATCH",""
"day02/Code/02_GD32F407_IAP_App/Firmware/GD32F4xx_usb_library/driver/Include/drv_usb_core.h","projects/03-ymodem-iap/application/course/Firmware/GD32F4xx_usb_library/driver/Include/drv_usb_core.h","VERBATIM","d7957d291f199b35772ce89782b17558bcc73b935f66f80c5b7fbe16ddba5875","d7957d291f199b35772ce89782b17558bcc73b935f66f80c5b7fbe16ddba5875","MATCH",""
"day02/Code/02_GD32F407_IAP_App/Firmware/GD32F4xx_usb_library/driver/Include/drv_usb_dev.h","projects/03-ymodem-iap/application/course/Firmware/GD32F4xx_usb_library/driver/Include/drv_usb_dev.h","VERBATIM","caf5d56ebafdba9fc9f167418a1616e4291b112edbf47a8654bd9a98f8c17b9a","caf5d56ebafdba9fc9f167418a1616e4291b112edbf47a8654bd9a98f8c17b9a","MATCH",""
"day02/Code/02_GD32F407_IAP_App/Firmware/GD32F4xx_usb_library/driver/Include/drv_usb_host.h","projects/03-ymodem-iap/application/course/Firmware/GD32F4xx_usb_library/driver/Include/drv_usb_host.h","VERBATIM","fb4056a260f60fda977ab1139ebfcf00e53b5c3e697fdda573b902a413bfff14","fb4056a260f60fda977ab1139ebfcf00e53b5c3e697fdda573b902a413bfff14","MATCH",""
"day02/Code/02_GD32F407_IAP_App/Firmware/GD32F4xx_usb_library/driver/Include/drv_usb_hw.h","projects/03-ymodem-iap/application/course/Firmware/GD32F4xx_usb_library/driver/Include/drv_usb_hw.h","VERBATIM","81dbb2d76cd496106998eaa694da78184988c9618e06cfe573e5d6b5fa1c1f20","81dbb2d76cd496106998eaa694da78184988c9618e06cfe573e5d6b5fa1c1f20","MATCH",""
"day02/Code/02_GD32F407_IAP_App/Firmware/GD32F4xx_usb_library/driver/Include/drv_usb_regs.h","projects/03-ymodem-iap/application/course/Firmware/GD32F4xx_usb_library/driver/Include/drv_usb_regs.h","VERBATIM","048a97f0ff66f557ee6a5e829f8aa0336d69e13e63151cf4d64092d0ff9606ba","048a97f0ff66f557ee6a5e829f8aa0336d69e13e63151cf4d64092d0ff9606ba","MATCH",""
"day02/Code/02_GD32F407_IAP_App/Firmware/GD32F4xx_usb_library/driver/Include/drv_usbd_int.h","projects/03-ymodem-iap/application/course/Firmware/GD32F4xx_usb_library/driver/Include/drv_usbd_int.h","VERBATIM","3b71749a04450bbec4838039bc3c6482ee1d7ecb509b97da5151f362f918a8f4","3b71749a04450bbec4838039bc3c6482ee1d7ecb509b97da5151f362f918a8f4","MATCH",""
"day02/Code/02_GD32F407_IAP_App/Firmware/GD32F4xx_usb_library/driver/Include/drv_usbh_int.h","projects/03-ymodem-iap/application/course/Firmware/GD32F4xx_usb_library/driver/Include/drv_usbh_int.h","VERBATIM","5268ee8f0accee9c9e848ae421f3f1b83b8efa72b8854f08a5756c16c3873997","5268ee8f0accee9c9e848ae421f3f1b83b8efa72b8854f08a5756c16c3873997","MATCH",""
"day02/Code/02_GD32F407_IAP_App/Firmware/GD32F4xx_usb_library/driver/Source/drv_usb_core.c","projects/03-ymodem-iap/application/course/Firmware/GD32F4xx_usb_library/driver/Source/drv_usb_core.c","VERBATIM","b90492a8404bcbdcbba9d31d38ad75d2d85b6014ccacf6eea77b23f69cf5f623","b90492a8404bcbdcbba9d31d38ad75d2d85b6014ccacf6eea77b23f69cf5f623","MATCH",""
"day02/Code/02_GD32F407_IAP_App/Firmware/GD32F4xx_usb_library/driver/Source/drv_usb_dev.c","projects/03-ymodem-iap/application/course/Firmware/GD32F4xx_usb_library/driver/Source/drv_usb_dev.c","VERBATIM","93ca6cd491c5e0fea197d5ac7f10ba23e6973543da7aeed38bfc1ae3a0dc474b","93ca6cd491c5e0fea197d5ac7f10ba23e6973543da7aeed38bfc1ae3a0dc474b","MATCH",""
"day02/Code/02_GD32F407_IAP_App/Firmware/GD32F4xx_usb_library/driver/Source/drv_usb_host.c","projects/03-ymodem-iap/application/course/Firmware/GD32F4xx_usb_library/driver/Source/drv_usb_host.c","VERBATIM","d9f6de1a16c13351c6947a1d8c735a2fa2ef6495159ef75e8c84a903003853ea","d9f6de1a16c13351c6947a1d8c735a2fa2ef6495159ef75e8c84a903003853ea","MATCH",""
"day02/Code/02_GD32F407_IAP_App/Firmware/GD32F4xx_usb_library/driver/Source/drv_usbd_int.c","projects/03-ymodem-iap/application/course/Firmware/GD32F4xx_usb_library/driver/Source/drv_usbd_int.c","VERBATIM","6d629c1b2ee8a05bd9c1b8e20f2664410afc9608e9489ccac5be881d10d0a715","6d629c1b2ee8a05bd9c1b8e20f2664410afc9608e9489ccac5be881d10d0a715","MATCH",""
"day02/Code/02_GD32F407_IAP_App/Firmware/GD32F4xx_usb_library/driver/Source/drv_usbh_int.c","projects/03-ymodem-iap/application/course/Firmware/GD32F4xx_usb_library/driver/Source/drv_usbh_int.c","VERBATIM","4d390034615df35fb792026bd76844c922f387580e291039f1bc5f6b6c982486","4d390034615df35fb792026bd76844c922f387580e291039f1bc5f6b6c982486","MATCH",""
"day02/Code/02_GD32F407_IAP_App/Firmware/GD32F4xx_usb_library/host/class/hid/Include/usbh_hid_core.h","projects/03-ymodem-iap/application/course/Firmware/GD32F4xx_usb_library/host/class/hid/Include/usbh_hid_core.h","VERBATIM","0dec84719141c68389ec4f957111fb6dc21a5be55159a808a9d4d20759e447aa","0dec84719141c68389ec4f957111fb6dc21a5be55159a808a9d4d20759e447aa","MATCH",""
"day02/Code/02_GD32F407_IAP_App/Firmware/GD32F4xx_usb_library/host/class/hid/Include/usbh_standard_hid.h","projects/03-ymodem-iap/application/course/Firmware/GD32F4xx_usb_library/host/class/hid/Include/usbh_standard_hid.h","VERBATIM","9dff3d162d5690f986145fc6a50e8be49ee6ea57b0df5de92708173ece1231a8","9dff3d162d5690f986145fc6a50e8be49ee6ea57b0df5de92708173ece1231a8","MATCH",""
"day02/Code/02_GD32F407_IAP_App/Firmware/GD32F4xx_usb_library/host/class/hid/Source/usbh_hid_core.c","projects/03-ymodem-iap/application/course/Firmware/GD32F4xx_usb_library/host/class/hid/Source/usbh_hid_core.c","VERBATIM","2cdafdf63ebb98a454a09acc070b9c2e925c7eec29af318f1a8ce5f913c5d200","2cdafdf63ebb98a454a09acc070b9c2e925c7eec29af318f1a8ce5f913c5d200","MATCH",""
"day02/Code/02_GD32F407_IAP_App/Firmware/GD32F4xx_usb_library/host/class/hid/Source/usbh_standard_hid.c","projects/03-ymodem-iap/application/course/Firmware/GD32F4xx_usb_library/host/class/hid/Source/usbh_standard_hid.c","VERBATIM","324f535d3213364159ef30d0ab69cb69472d94ee6a25f07d1c624d1b4bb315c3","324f535d3213364159ef30d0ab69cb69472d94ee6a25f07d1c624d1b4bb315c3","MATCH",""
"day02/Code/02_GD32F407_IAP_App/Firmware/GD32F4xx_usb_library/host/class/msc/Include/usbh_msc_bbb.h","projects/03-ymodem-iap/application/course/Firmware/GD32F4xx_usb_library/host/class/msc/Include/usbh_msc_bbb.h","VERBATIM","fe164e019db850549fa0edb8a4b2f0c38ff1c7540a834b935c91268d0e275ff8","fe164e019db850549fa0edb8a4b2f0c38ff1c7540a834b935c91268d0e275ff8","MATCH",""
"day02/Code/02_GD32F407_IAP_App/Firmware/GD32F4xx_usb_library/host/class/msc/Include/usbh_msc_core.h","projects/03-ymodem-iap/application/course/Firmware/GD32F4xx_usb_library/host/class/msc/Include/usbh_msc_core.h","VERBATIM","34b4b4aed85f332b815096ee4c39fba67c77fef1f9eb79fc470603568cbe2dc9","34b4b4aed85f332b815096ee4c39fba67c77fef1f9eb79fc470603568cbe2dc9","MATCH",""
"day02/Code/02_GD32F407_IAP_App/Firmware/GD32F4xx_usb_library/host/class/msc/Include/usbh_msc_scsi.h","projects/03-ymodem-iap/application/course/Firmware/GD32F4xx_usb_library/host/class/msc/Include/usbh_msc_scsi.h","VERBATIM","e6e8ca26d9a2abffe14a21af356cb07c4058d9052dfd22b46205ec11884a867a","e6e8ca26d9a2abffe14a21af356cb07c4058d9052dfd22b46205ec11884a867a","MATCH",""
"day02/Code/02_GD32F407_IAP_App/Firmware/GD32F4xx_usb_library/host/class/msc/Source/usbh_msc_bbb.c","projects/03-ymodem-iap/application/course/Firmware/GD32F4xx_usb_library/host/class/msc/Source/usbh_msc_bbb.c","VERBATIM","2a82ad623d78ccc1802d851ab7fb124d6abb5dbea980aa8c6517e26ff906e049","2a82ad623d78ccc1802d851ab7fb124d6abb5dbea980aa8c6517e26ff906e049","MATCH",""
"day02/Code/02_GD32F407_IAP_App/Firmware/GD32F4xx_usb_library/host/class/msc/Source/usbh_msc_core.c","projects/03-ymodem-iap/application/course/Firmware/GD32F4xx_usb_library/host/class/msc/Source/usbh_msc_core.c","VERBATIM","5df338c15161e6c7a6424179245e0e373973b22e81dea91111ad5613ae0c8690","5df338c15161e6c7a6424179245e0e373973b22e81dea91111ad5613ae0c8690","MATCH",""
"day02/Code/02_GD32F407_IAP_App/Firmware/GD32F4xx_usb_library/host/class/msc/Source/usbh_msc_fatfs.c","projects/03-ymodem-iap/application/course/Firmware/GD32F4xx_usb_library/host/class/msc/Source/usbh_msc_fatfs.c","VERBATIM","8fd0c5b44f9ac0e35427803f9761e40a5297caa2acc078cb9fde3c25ba4036b1","8fd0c5b44f9ac0e35427803f9761e40a5297caa2acc078cb9fde3c25ba4036b1","MATCH",""
"day02/Code/02_GD32F407_IAP_App/Firmware/GD32F4xx_usb_library/host/class/msc/Source/usbh_msc_scsi.c","projects/03-ymodem-iap/application/course/Firmware/GD32F4xx_usb_library/host/class/msc/Source/usbh_msc_scsi.c","VERBATIM","45e6ad746800250c90834ac684d207da486f3f0fda8503284def2c537f952a85","45e6ad746800250c90834ac684d207da486f3f0fda8503284def2c537f952a85","MATCH",""
"day02/Code/02_GD32F407_IAP_App/Firmware/GD32F4xx_usb_library/host/core/Include/usbh_core.h","projects/03-ymodem-iap/application/course/Firmware/GD32F4xx_usb_library/host/core/Include/usbh_core.h","VERBATIM","8919b0da3bc89862ac89da53bd34cc4f8af2f7ecebf23493d3bc0980570ec67d","8919b0da3bc89862ac89da53bd34cc4f8af2f7ecebf23493d3bc0980570ec67d","MATCH",""
"day02/Code/02_GD32F407_IAP_App/Firmware/GD32F4xx_usb_library/host/core/Include/usbh_enum.h","projects/03-ymodem-iap/application/course/Firmware/GD32F4xx_usb_library/host/core/Include/usbh_enum.h","VERBATIM","a08d6a471be77a6bfdf916e166e4a95b49358f209e0708080e4a441d7d454897","a08d6a471be77a6bfdf916e166e4a95b49358f209e0708080e4a441d7d454897","MATCH",""
"day02/Code/02_GD32F407_IAP_App/Firmware/GD32F4xx_usb_library/host/core/Include/usbh_pipe.h","projects/03-ymodem-iap/application/course/Firmware/GD32F4xx_usb_library/host/core/Include/usbh_pipe.h","VERBATIM","d1aa31749db419f147e34bf1608f3c79d8846fc9067b138ce90dcc6d68a724b2","d1aa31749db419f147e34bf1608f3c79d8846fc9067b138ce90dcc6d68a724b2","MATCH",""
"day02/Code/02_GD32F407_IAP_App/Firmware/GD32F4xx_usb_library/host/core/Include/usbh_transc.h","projects/03-ymodem-iap/application/course/Firmware/GD32F4xx_usb_library/host/core/Include/usbh_transc.h","VERBATIM","b0a9300c836592e16782062a0d898645adc64efd21ad96f46b8ef6ebd876499c","b0a9300c836592e16782062a0d898645adc64efd21ad96f46b8ef6ebd876499c","MATCH",""
"day02/Code/02_GD32F407_IAP_App/Firmware/GD32F4xx_usb_library/host/core/Source/usbh_core.c","projects/03-ymodem-iap/application/course/Firmware/GD32F4xx_usb_library/host/core/Source/usbh_core.c","VERBATIM","2e61c1493a0f04d944a9b1e01924a57908552c5c5920f357df984f098988df08","2e61c1493a0f04d944a9b1e01924a57908552c5c5920f357df984f098988df08","MATCH",""
"day02/Code/02_GD32F407_IAP_App/Firmware/GD32F4xx_usb_library/host/core/Source/usbh_enum.c","projects/03-ymodem-iap/application/course/Firmware/GD32F4xx_usb_library/host/core/Source/usbh_enum.c","VERBATIM","273217f6826c6d57a1d210d2a58974ae97a27e15951b98be25bbccdea8133871","273217f6826c6d57a1d210d2a58974ae97a27e15951b98be25bbccdea8133871","MATCH",""
"day02/Code/02_GD32F407_IAP_App/Firmware/GD32F4xx_usb_library/host/core/Source/usbh_pipe.c","projects/03-ymodem-iap/application/course/Firmware/GD32F4xx_usb_library/host/core/Source/usbh_pipe.c","VERBATIM","e8a4253e2a4224333c4343ee0ffd5f280c9875ef57702f44c1973cbd42edd2e0","e8a4253e2a4224333c4343ee0ffd5f280c9875ef57702f44c1973cbd42edd2e0","MATCH",""
"day02/Code/02_GD32F407_IAP_App/Firmware/GD32F4xx_usb_library/host/core/Source/usbh_transc.c","projects/03-ymodem-iap/application/course/Firmware/GD32F4xx_usb_library/host/core/Source/usbh_transc.c","VERBATIM","cf1ae1fcf884275e82634538e997d8d24c31fbe959140909f5bb4e34bca0bbef","cf1ae1fcf884275e82634538e997d8d24c31fbe959140909f5bb4e34bca0bbef","MATCH",""
"day02/Code/02_GD32F407_IAP_App/Firmware/GD32F4xx_usb_library/ustd/class/cdc/usb_cdc.h","projects/03-ymodem-iap/application/course/Firmware/GD32F4xx_usb_library/ustd/class/cdc/usb_cdc.h","VERBATIM","fcd43c4f51573d30f01573e2d2856e0be969c8ffd02d415aadfb69a595decf4e","fcd43c4f51573d30f01573e2d2856e0be969c8ffd02d415aadfb69a595decf4e","MATCH",""
"day02/Code/02_GD32F407_IAP_App/Firmware/GD32F4xx_usb_library/ustd/class/hid/usb_hid.h","projects/03-ymodem-iap/application/course/Firmware/GD32F4xx_usb_library/ustd/class/hid/usb_hid.h","VERBATIM","f3c6a02d4fc46f9512465b6eb2951c8cddb956af73422aab9d2a1bafc69f2e7b","f3c6a02d4fc46f9512465b6eb2951c8cddb956af73422aab9d2a1bafc69f2e7b","MATCH",""
"day02/Code/02_GD32F407_IAP_App/Firmware/GD32F4xx_usb_library/ustd/class/msc/msc_bbb.h","projects/03-ymodem-iap/application/course/Firmware/GD32F4xx_usb_library/ustd/class/msc/msc_bbb.h","VERBATIM","b884b8f8f7cfaf22512ede7ae709b5f3591e126d2919aecf4e2b4d7efea1f5d6","b884b8f8f7cfaf22512ede7ae709b5f3591e126d2919aecf4e2b4d7efea1f5d6","MATCH",""
"day02/Code/02_GD32F407_IAP_App/Firmware/GD32F4xx_usb_library/ustd/class/msc/msc_scsi.h","projects/03-ymodem-iap/application/course/Firmware/GD32F4xx_usb_library/ustd/class/msc/msc_scsi.h","VERBATIM","8842cf305e996369687fa89568c9aee3d46f745e1aef6eb58b1a3f519f863631","8842cf305e996369687fa89568c9aee3d46f745e1aef6eb58b1a3f519f863631","MATCH",""
"day02/Code/02_GD32F407_IAP_App/Firmware/GD32F4xx_usb_library/ustd/class/msc/usb_msc.h","projects/03-ymodem-iap/application/course/Firmware/GD32F4xx_usb_library/ustd/class/msc/usb_msc.h","VERBATIM","e3c2a096085131687f121de426ef9154f23ccc26e877129243a648fb8c90b216","e3c2a096085131687f121de426ef9154f23ccc26e877129243a648fb8c90b216","MATCH",""
"day02/Code/02_GD32F407_IAP_App/Firmware/GD32F4xx_usb_library/ustd/common/usb_ch9_std.h","projects/03-ymodem-iap/application/course/Firmware/GD32F4xx_usb_library/ustd/common/usb_ch9_std.h","VERBATIM","b5249865f377709e456f76ca76ca5499ace39bad6a452832dbe535f1989c6d22","b5249865f377709e456f76ca76ca5499ace39bad6a452832dbe535f1989c6d22","MATCH",""
"day02/Code/02_GD32F407_IAP_App/Hardware/bsp_battery_leds.c","projects/03-ymodem-iap/application/course/Hardware/bsp_battery_leds.c","VERBATIM","3355ee67df90741c1311332c6cfb0053385a7ffd03c3de8ea06fcbd57563a61d","3355ee67df90741c1311332c6cfb0053385a7ffd03c3de8ea06fcbd57563a61d","MATCH",""
"day02/Code/02_GD32F407_IAP_App/Hardware/bsp_battery_leds.h","projects/03-ymodem-iap/application/course/Hardware/bsp_battery_leds.h","VERBATIM","f7585067c016c3b5077e05028c10af52a247a608de67c34047073418c430d4bf","f7585067c016c3b5077e05028c10af52a247a608de67c34047073418c430d4bf","MATCH",""
"day02/Code/02_GD32F407_IAP_App/Hardware/bsp_buzzer.c","projects/03-ymodem-iap/application/course/Hardware/bsp_buzzer.c","VERBATIM","2585fd1908edf73c203dbbcf159b75f73d605cdf35ee33bbeaa33dd42d6a341f","2585fd1908edf73c203dbbcf159b75f73d605cdf35ee33bbeaa33dd42d6a341f","MATCH",""
"day02/Code/02_GD32F407_IAP_App/Hardware/bsp_buzzer.h","projects/03-ymodem-iap/application/course/Hardware/bsp_buzzer.h","VERBATIM","6f5fdca736b26835cda0c10dd1f5a020894e48716151d63e5ab8b6911b9c8831","6f5fdca736b26835cda0c10dd1f5a020894e48716151d63e5ab8b6911b9c8831","MATCH",""
"day02/Code/02_GD32F407_IAP_App/Hardware/bsp_keys.c","projects/03-ymodem-iap/application/course/Hardware/bsp_keys.c","VERBATIM","06352592ceeb62d72bce1d2b408e7031a34e1a76010681e3d5e8d53a471cc1f4","06352592ceeb62d72bce1d2b408e7031a34e1a76010681e3d5e8d53a471cc1f4","MATCH",""
"day02/Code/02_GD32F407_IAP_App/Hardware/bsp_keys.h","projects/03-ymodem-iap/application/course/Hardware/bsp_keys.h","VERBATIM","0ef66b8ce08877d228b8b505af37aa727b0d6a383bbc78619de51579c5b984d7","0ef66b8ce08877d228b8b505af37aa727b0d6a383bbc78619de51579c5b984d7","MATCH",""
"day02/Code/02_GD32F407_IAP_App/Hardware/bsp_pca9685.c","projects/03-ymodem-iap/application/course/Hardware/bsp_pca9685.c","VERBATIM","8ad0523c80a951f1b6825ad0800f550876f4e8a47954aef21a89d538042ddf85","8ad0523c80a951f1b6825ad0800f550876f4e8a47954aef21a89d538042ddf85","MATCH",""
"day02/Code/02_GD32F407_IAP_App/Hardware/bsp_pca9685.h","projects/03-ymodem-iap/application/course/Hardware/bsp_pca9685.h","VERBATIM","ea3f4d3874828b2dfe2932791ee00899154a3a182e99993ccbd9b9029deaa92e","ea3f4d3874828b2dfe2932791ee00899154a3a182e99993ccbd9b9029deaa92e","MATCH",""
"day02/Code/02_GD32F407_IAP_App/Hardware/bsp_servo.c","projects/03-ymodem-iap/application/course/Hardware/bsp_servo.c","VERBATIM","a5179bee263075e44786e8e52cd5d6c0c3ec659e98906b560f691573ddc579a1","a5179bee263075e44786e8e52cd5d6c0c3ec659e98906b560f691573ddc579a1","MATCH",""
"day02/Code/02_GD32F407_IAP_App/Hardware/bsp_servo.h","projects/03-ymodem-iap/application/course/Hardware/bsp_servo.h","VERBATIM","53bdaa6180cf37aa9adc025902600fac610b25477d81f8702bd614b98f305184","53bdaa6180cf37aa9adc025902600fac610b25477d81f8702bd614b98f305184","MATCH",""
"day02/Code/02_GD32F407_IAP_App/Hardware/bsp_w25qxx.c","projects/03-ymodem-iap/application/course/Hardware/bsp_w25qxx.c","VERBATIM","a0ea74791e8ca1f55121f1b62463cba6faf593722e91a5118470a9b75cc4332d","a0ea74791e8ca1f55121f1b62463cba6faf593722e91a5118470a9b75cc4332d","MATCH",""
"day02/Code/02_GD32F407_IAP_App/Hardware/bsp_w25qxx.h","projects/03-ymodem-iap/application/course/Hardware/bsp_w25qxx.h","VERBATIM","d8058d7878d27b6fc8e840fcc7aa677bda0f4b1d9f449fafc080af4767a5208f","d8058d7878d27b6fc8e840fcc7aa677bda0f4b1d9f449fafc080af4767a5208f","MATCH",""
"day02/Code/02_GD32F407_IAP_App/Hardware/i2c_oled/bmp.h","projects/03-ymodem-iap/application/course/Hardware/i2c_oled/bmp.h","VERBATIM","49a086e5ab31da021f77579e99b5a71059ee57533aa0c1faf4e23a9d0fbf1cc4","49a086e5ab31da021f77579e99b5a71059ee57533aa0c1faf4e23a9d0fbf1cc4","MATCH",""
"day02/Code/02_GD32F407_IAP_App/Hardware/i2c_oled/oled.c","projects/03-ymodem-iap/application/course/Hardware/i2c_oled/oled.c","VERBATIM","aeb2a7c9c8770cfc57d64227f530db96731b9aee462aed234c168213f054e1c8","aeb2a7c9c8770cfc57d64227f530db96731b9aee462aed234c168213f054e1c8","MATCH",""
"day02/Code/02_GD32F407_IAP_App/Hardware/i2c_oled/oled.h","projects/03-ymodem-iap/application/course/Hardware/i2c_oled/oled.h","VERBATIM","b98a1d8ff85e6b97cd53049929e92d76e220c986d189a6b1c3cda901b5dfe521","b98a1d8ff85e6b97cd53049929e92d76e220c986d189a6b1c3cda901b5dfe521","MATCH",""
"day02/Code/02_GD32F407_IAP_App/Hardware/i2c_oled/oledfont.h","projects/03-ymodem-iap/application/course/Hardware/i2c_oled/oledfont.h","VERBATIM","9bfd741a3dfc91f1d3309b67ac59ac4a9d367a1d7a616bcb444ccc8d09d29f4d","9bfd741a3dfc91f1d3309b67ac59ac4a9d367a1d7a616bcb444ccc8d09d29f4d","MATCH",""
"day02/Code/02_GD32F407_IAP_App/Hardware/PCF8563.c","projects/03-ymodem-iap/application/course/Hardware/PCF8563.c","VERBATIM","175399ba450f8e636bb2fa95e138e6b9a3bddc84ff2f9d12cca17c0827488e9d","175399ba450f8e636bb2fa95e138e6b9a3bddc84ff2f9d12cca17c0827488e9d","MATCH",""
"day02/Code/02_GD32F407_IAP_App/Hardware/PCF8563.h","projects/03-ymodem-iap/application/course/Hardware/PCF8563.h","VERBATIM","18cedb9ffa72107f8618f14884e3466570cbf6e72b04ad720e18ab8da0583a3a","18cedb9ffa72107f8618f14884e3466570cbf6e72b04ad720e18ab8da0583a3a","MATCH",""
"day02/Code/02_GD32F407_IAP_App/Hardware/spi_oled/bmp.h","projects/03-ymodem-iap/application/course/Hardware/spi_oled/bmp.h","VERBATIM","b118e7d338a0517ba350906c3fb4433803937da878bb55588561b1de2e104f3d","b118e7d338a0517ba350906c3fb4433803937da878bb55588561b1de2e104f3d","MATCH",""
"day02/Code/02_GD32F407_IAP_App/Hardware/spi_oled/oled.c","projects/03-ymodem-iap/application/course/Hardware/spi_oled/oled.c","VERBATIM","f81d723978f1c969ee1c964d50af0e4c61ec3775ac70a1433509619f8ea0092d","f81d723978f1c969ee1c964d50af0e4c61ec3775ac70a1433509619f8ea0092d","MATCH",""
"day02/Code/02_GD32F407_IAP_App/Hardware/spi_oled/oled.h","projects/03-ymodem-iap/application/course/Hardware/spi_oled/oled.h","VERBATIM","d6644e05ccba3dbd2cec6ed02651892cfd5485bc0febdf20fd068c5ac2d1e962","d6644e05ccba3dbd2cec6ed02651892cfd5485bc0febdf20fd068c5ac2d1e962","MATCH",""
"day02/Code/02_GD32F407_IAP_App/Library/EXTI_config.h","projects/03-ymodem-iap/application/course/Library/EXTI_config.h","VERBATIM","0e1d8994d361a55d9837f7251d9fbe43d6c26f110b82382ff86941480f30a85b","0e1d8994d361a55d9837f7251d9fbe43d6c26f110b82382ff86941480f30a85b","MATCH",""
"day02/Code/02_GD32F407_IAP_App/Library/EXTI.c","projects/03-ymodem-iap/application/course/Library/EXTI.c","VERBATIM","f31ad6b5038d43f75066a667d0c1905ced684533c26c8dbd32d8bff6f822e28c","f31ad6b5038d43f75066a667d0c1905ced684533c26c8dbd32d8bff6f822e28c","MATCH",""
"day02/Code/02_GD32F407_IAP_App/Library/EXTI.h","projects/03-ymodem-iap/application/course/Library/EXTI.h","VERBATIM","836bc18a5497f7024b8a58223e66391071ebef1051bc8dddc9cf9a4537d430fb","836bc18a5497f7024b8a58223e66391071ebef1051bc8dddc9cf9a4537d430fb","MATCH",""
"day02/Code/02_GD32F407_IAP_App/Library/I2C/I2C_config.h","projects/03-ymodem-iap/application/course/Library/I2C/I2C_config.h","VERBATIM","c78e6ef8b19040f77c089e6c5da8a95e9ae1e5a890cecfd30731e8d831ef0fca","c78e6ef8b19040f77c089e6c5da8a95e9ae1e5a890cecfd30731e8d831ef0fca","MATCH",""
"day02/Code/02_GD32F407_IAP_App/Library/I2C/I2C.c","projects/03-ymodem-iap/application/course/Library/I2C/I2C.c","VERBATIM","e17605acea90ba6709874fba8efbacb31f105f013b10779679c71da5d3c988c2","e17605acea90ba6709874fba8efbacb31f105f013b10779679c71da5d3c988c2","MATCH",""
"day02/Code/02_GD32F407_IAP_App/Library/I2C/I2C.h","projects/03-ymodem-iap/application/course/Library/I2C/I2C.h","VERBATIM","b3c4ab98d7a9c01fe9fcefd7c8d7fdf3d97964b8efaa14cb057ebb2466ed5008","b3c4ab98d7a9c01fe9fcefd7c8d7fdf3d97964b8efaa14cb057ebb2466ed5008","MATCH",""
"day02/Code/02_GD32F407_IAP_App/Library/I2C/I2C0.c","projects/03-ymodem-iap/application/course/Library/I2C/I2C0.c","VERBATIM","09d1eb340eff2166230fc1727269ad8bdfdd9d69801ee72516fafd5a4ac09f4b","09d1eb340eff2166230fc1727269ad8bdfdd9d69801ee72516fafd5a4ac09f4b","MATCH",""
"day02/Code/02_GD32F407_IAP_App/Library/I2C/I2C0.h","projects/03-ymodem-iap/application/course/Library/I2C/I2C0.h","VERBATIM","5381921337295aaa5f855220ff496d62baca4002cd4bdc8a8cd389901b73b567","5381921337295aaa5f855220ff496d62baca4002cd4bdc8a8cd389901b73b567","MATCH",""
"day02/Code/02_GD32F407_IAP_App/Library/SPI/SPI_config.h","projects/03-ymodem-iap/application/course/Library/SPI/SPI_config.h","VERBATIM","6b4f4ed9a65f23ecc97f5b76e34de2340443cd32839f39c58dea84118106d8c4","6b4f4ed9a65f23ecc97f5b76e34de2340443cd32839f39c58dea84118106d8c4","MATCH",""
"day02/Code/02_GD32F407_IAP_App/Library/SPI/SPI.c","projects/03-ymodem-iap/application/course/Library/SPI/SPI.c","VERBATIM","d38d366d8c40053915116a8bc6fc4c4667341dfc87efdba5a68cc852a0d9b504","d38d366d8c40053915116a8bc6fc4c4667341dfc87efdba5a68cc852a0d9b504","MATCH",""
"day02/Code/02_GD32F407_IAP_App/Library/SPI/SPI.h","projects/03-ymodem-iap/application/course/Library/SPI/SPI.h","VERBATIM","228827808cd9e5fa9d40c5158c82258adb18cb347fbc9cc6ce45d4e7c15f5198","228827808cd9e5fa9d40c5158c82258adb18cb347fbc9cc6ce45d4e7c15f5198","MATCH",""
"day02/Code/02_GD32F407_IAP_App/Library/SPI/SPI0.c","projects/03-ymodem-iap/application/course/Library/SPI/SPI0.c","VERBATIM","6df75c41548208431df0eb0a3841c7c908ca0a62f863f941239d99af51c4d239","6df75c41548208431df0eb0a3841c7c908ca0a62f863f941239d99af51c4d239","MATCH",""
"day02/Code/02_GD32F407_IAP_App/Library/SPI/SPI0.h","projects/03-ymodem-iap/application/course/Library/SPI/SPI0.h","VERBATIM","6ac40fd0140c927fcec89fb8e544f668e9fef2565b3c59c80b7c178db0a0e5e5","6ac40fd0140c927fcec89fb8e544f668e9fef2565b3c59c80b7c178db0a0e5e5","MATCH",""
"day02/Code/02_GD32F407_IAP_App/Library/TIMER_config.h","projects/03-ymodem-iap/application/course/Library/TIMER_config.h","VERBATIM","fd153a4b76c23071b2c8f861a8ce001764d262c45cfea8dc65a447e42b716210","fd153a4b76c23071b2c8f861a8ce001764d262c45cfea8dc65a447e42b716210","MATCH",""
"day02/Code/02_GD32F407_IAP_App/Library/TIMER.c","projects/03-ymodem-iap/application/course/Library/TIMER.c","VERBATIM","e32690d22b9982482691676795f7ebf70e27ca01b1cf3ababa165c3e65c91a6a","e32690d22b9982482691676795f7ebf70e27ca01b1cf3ababa165c3e65c91a6a","MATCH",""
"day02/Code/02_GD32F407_IAP_App/Library/TIMER.h","projects/03-ymodem-iap/application/course/Library/TIMER.h","VERBATIM","589b5271d5c286801849960b11984b42ab88089f55d2e9393e8469ec6c42664f","589b5271d5c286801849960b11984b42ab88089f55d2e9393e8469ec6c42664f","MATCH",""
"day02/Code/02_GD32F407_IAP_App/Library/USART/USART_config.h","projects/03-ymodem-iap/application/course/Library/USART/USART_config.h","VERBATIM","98f2567c6474a0500773aff62b89c30e20a8c8700722b1db52232e05c641339d","98f2567c6474a0500773aff62b89c30e20a8c8700722b1db52232e05c641339d","MATCH",""
"day02/Code/02_GD32F407_IAP_App/Library/USART/USART.c","projects/03-ymodem-iap/application/course/Library/USART/USART.c","VERBATIM","2f9bb98e49eb21aa5a9813c1340e2ba5187ab29c7034d9d898827ca3a592a988","2f9bb98e49eb21aa5a9813c1340e2ba5187ab29c7034d9d898827ca3a592a988","MATCH",""
"day02/Code/02_GD32F407_IAP_App/Library/USART/USART.h","projects/03-ymodem-iap/application/course/Library/USART/USART.h","VERBATIM","c365a4143b5bca67299c41db548db6e4c7695d704b542c998e35f58bc9322d1a","c365a4143b5bca67299c41db548db6e4c7695d704b542c998e35f58bc9322d1a","MATCH",""
"day02/Code/02_GD32F407_IAP_App/Library/USART/USART0.c","projects/03-ymodem-iap/application/course/Library/USART/USART0.c","VERBATIM","d30ec7e30aea5afc0b64062eebea846c587f95f76bfed493475d370dc33b37ef","d30ec7e30aea5afc0b64062eebea846c587f95f76bfed493475d370dc33b37ef","MATCH",""
"day02/Code/02_GD32F407_IAP_App/Library/USART/USART0.h","projects/03-ymodem-iap/application/course/Library/USART/USART0.h","VERBATIM","58d96f267dbbc3582c0622526177c7d0eccef031019ef990796afccb44a908db","58d96f267dbbc3582c0622526177c7d0eccef031019ef990796afccb44a908db","MATCH",""
"day02/Code/02_GD32F407_IAP_App/Library/USART/USART1.c","projects/03-ymodem-iap/application/course/Library/USART/USART1.c","VERBATIM","9a6de68381da651969320719756e612b82da20c772aa3b7c9e6df4871247ee57","9a6de68381da651969320719756e612b82da20c772aa3b7c9e6df4871247ee57","MATCH",""
"day02/Code/02_GD32F407_IAP_App/Library/USART/USART1.h","projects/03-ymodem-iap/application/course/Library/USART/USART1.h","VERBATIM","613ec47204418fbbeb443a5c1567065bc07a487c386aec4f6756f84f46807866","613ec47204418fbbeb443a5c1567065bc07a487c386aec4f6756f84f46807866","MATCH",""
"day02/Code/02_GD32F407_IAP_App/Project/GD32F407.uvprojx","projects/03-ymodem-iap/application/course/Project/GD32F407.uvprojx","VERBATIM","f8789f8f27caef55148ec636fab7cfa1d283c1800a2cd4386a6f61dca85b9171","f8789f8f27caef55148ec636fab7cfa1d283c1800a2cd4386a6f61dca85b9171","MATCH",""
"day02/Code/02_GD32F407_IAP_App/User/delay.c","projects/03-ymodem-iap/application/course/User/delay.c","VERBATIM","9925ebb469b96f3a6959ece35a3f473d3cdf2b01b2bb6ceb2eef02a506d4bdb1","9925ebb469b96f3a6959ece35a3f473d3cdf2b01b2bb6ceb2eef02a506d4bdb1","MATCH",""
"day02/Code/02_GD32F407_IAP_App/User/delay.h","projects/03-ymodem-iap/application/course/User/delay.h","VERBATIM","f02fdf3663241e68dae0737394a6f99048394dc8a4e261537e933ab9bc179640","f02fdf3663241e68dae0737394a6f99048394dc8a4e261537e933ab9bc179640","MATCH",""
"day02/Code/02_GD32F407_IAP_App/User/gd32f4xx_it.c","projects/03-ymodem-iap/application/course/User/gd32f4xx_it.c","VERBATIM","5be8e65b392a41354e513056974d1869598af02739a7ce6419e611d6aa3979c6","5be8e65b392a41354e513056974d1869598af02739a7ce6419e611d6aa3979c6","MATCH",""
"day02/Code/02_GD32F407_IAP_App/User/gd32f4xx_it.h","projects/03-ymodem-iap/application/course/User/gd32f4xx_it.h","VERBATIM","b4995762ae5ceb7125cc9720cea7e2bad8640c23b87ed1856d9b8a380a5fc8c3","b4995762ae5ceb7125cc9720cea7e2bad8640c23b87ed1856d9b8a380a5fc8c3","MATCH",""
"day02/Code/02_GD32F407_IAP_App/User/gd32f4xx_libopt.h","projects/03-ymodem-iap/application/course/User/gd32f4xx_libopt.h","VERBATIM","702c6d85987bcdddd363a8412c5806255f6c746065da984eb21896c5ddd6bf09","702c6d85987bcdddd363a8412c5806255f6c746065da984eb21896c5ddd6bf09","MATCH",""
"day02/Code/02_GD32F407_IAP_App/User/main.c","projects/03-ymodem-iap/application/course/User/main.c","VERBATIM","30c3f2d4becfe9b5be7087fb700aa67fc71d940d1fd19d0cf35312ab108200e7","30c3f2d4becfe9b5be7087fb700aa67fc71d940d1fd19d0cf35312ab108200e7","MATCH",""
"day02/Code/02_GD32F407_IAP_App/User/main.h","projects/03-ymodem-iap/application/course/User/main.h","VERBATIM","724b8affcda9984a7b0f94ac7a7bb1005015ac3ca9e2cf59e5bff08b58ceafd1","724b8affcda9984a7b0f94ac7a7bb1005015ac3ca9e2cf59e5bff08b58ceafd1","MATCH",""
"day02/Code/02_GD32F407_IAP_App/User/readme.txt","projects/03-ymodem-iap/application/course/User/readme.txt","VERBATIM","a45bd1e14d470b46be2d57c9d35147e41204556cc4bb4e25ea3c7b6b424a0b7c","a45bd1e14d470b46be2d57c9d35147e41204556cc4bb4e25ea3c7b6b424a0b7c","MATCH",""
"day02/Code/02_GD32F407_IAP_App/User/systick.c","projects/03-ymodem-iap/application/course/User/systick.c","VERBATIM","bdcf5157ddd8870483ceb757646a3978ff836ac08737540d6f93a508127fdeeb","bdcf5157ddd8870483ceb757646a3978ff836ac08737540d6f93a508127fdeeb","MATCH",""
"day02/Code/02_GD32F407_IAP_App/User/systick.h","projects/03-ymodem-iap/application/course/User/systick.h","VERBATIM","8722c649ef06723501e93f5a071320e6a9e5dc57220b20f5b267a0096ea46e35","8722c649ef06723501e93f5a071320e6a9e5dc57220b20f5b267a0096ea46e35","MATCH",""
"day03/Code/02_GD32F407_OTA_App/App/App_Input.c","projects/04-ota-control/application/course/App/App_Input.c","VERBATIM","2b5449f5d3b307c86e324a1ca648f373651e972b7381d4fcc4c3a01ad94601c9","2b5449f5d3b307c86e324a1ca648f373651e972b7381d4fcc4c3a01ad94601c9","MATCH",""
"day03/Code/02_GD32F407_OTA_App/App/App_OTA.c","projects/04-ota-control/application/course/App/App_OTA.c","VERBATIM","4316c07edca57f426a1e0f5171e853acef27316f5e3d0eb562d28a509291333c","4316c07edca57f426a1e0f5171e853acef27316f5e3d0eb562d28a509291333c","MATCH",""
"day03/Code/02_GD32F407_OTA_App/App/App_Wifi.c","projects/04-ota-control/application/course/App/App_Wifi.c","VERBATIM","0c1beac893c871f5243b22a315cdc3b57476aa3c172a61edbc097c1ad6fdafa0","0c1beac893c871f5243b22a315cdc3b57476aa3c172a61edbc097c1ad6fdafa0","MATCH",""
"day03/Code/02_GD32F407_OTA_App/App/App.h","projects/04-ota-control/application/course/App/App.h","VERBATIM","53ae5fd7711566fd214793cd6b96e833e1f425955b3d1d5aaa0efb2fa7ee6273","53ae5fd7711566fd214793cd6b96e833e1f425955b3d1d5aaa0efb2fa7ee6273","MATCH",""
"day03/Code/02_GD32F407_OTA_App/App/tasks_app.c","projects/04-ota-control/application/course/App/tasks_app.c","VERBATIM","3fe9cbe826847af3bcd77ec124e1532e2b9affc2bce5d9f956eda7fdb728daf5","3fe9cbe826847af3bcd77ec124e1532e2b9affc2bce5d9f956eda7fdb728daf5","MATCH",""
"day03/Code/02_GD32F407_OTA_App/Common/flash_drv.c","projects/04-ota-control/application/course/Common/flash_drv.c","VERBATIM","d1ef57fcadeec305daed044553063a66503f50df5dc793312e5b356ec10178ac","d1ef57fcadeec305daed044553063a66503f50df5dc793312e5b356ec10178ac","MATCH",""
"day03/Code/02_GD32F407_OTA_App/Common/flash_drv.h","projects/04-ota-control/application/course/Common/flash_drv.h","VERBATIM","f836e745ed922e0c1850aa8814fbb267218cd496be5cd7acef62b2e4d0144df0","f836e745ed922e0c1850aa8814fbb267218cd496be5cd7acef62b2e4d0144df0","MATCH",""
"day03/Code/02_GD32F407_OTA_App/Common/fmc_operation.c","projects/04-ota-control/application/course/Common/fmc_operation.c","VERBATIM","996936d0d884172b36d96e9155f713489d099770f22b2f8d4ddbc7c9226c3c33","996936d0d884172b36d96e9155f713489d099770f22b2f8d4ddbc7c9226c3c33","MATCH",""
"day03/Code/02_GD32F407_OTA_App/Common/fmc_operation.h","projects/04-ota-control/application/course/Common/fmc_operation.h","VERBATIM","3fc83074fa0df26c416ed8f0485d7cc88d8973c837ab24089723a7938f9bd1ce","3fc83074fa0df26c416ed8f0485d7cc88d8973c837ab24089723a7938f9bd1ce","MATCH",""
"day03/Code/02_GD32F407_OTA_App/Common/iap_driver.c","projects/04-ota-control/application/course/Common/iap_driver.c","VERBATIM","08b89fc274bf2131d18e95ebbd8b50d93dfd0d56dc698e3e6dede1613ca73c92","08b89fc274bf2131d18e95ebbd8b50d93dfd0d56dc698e3e6dede1613ca73c92","MATCH",""
"day03/Code/02_GD32F407_OTA_App/Common/iap_driver.h","projects/04-ota-control/application/course/Common/iap_driver.h","VERBATIM","4273f301579da4a08b761839f4653812337d8514feb209e204c40396df39f1ab","4273f301579da4a08b761839f4653812337d8514feb209e204c40396df39f1ab","MATCH",""
"day03/Code/02_GD32F407_OTA_App/Firmware/CMSIS/core_cm4_simd.h","projects/04-ota-control/application/course/Firmware/CMSIS/core_cm4_simd.h","VERBATIM","0c2a0c2d66c7791b82ca19d10336c96518830ef359f6bfd9da7477bc2cbccbbb","0c2a0c2d66c7791b82ca19d10336c96518830ef359f6bfd9da7477bc2cbccbbb","MATCH",""
"day03/Code/02_GD32F407_OTA_App/Firmware/CMSIS/core_cm4.h","projects/04-ota-control/application/course/Firmware/CMSIS/core_cm4.h","VERBATIM","4756546e1449d17b1a7dee2f3307f2c92c9f1d669c3f5dfc3ee1dec8aee9a8f7","4756546e1449d17b1a7dee2f3307f2c92c9f1d669c3f5dfc3ee1dec8aee9a8f7","MATCH",""
"day03/Code/02_GD32F407_OTA_App/Firmware/CMSIS/core_cmFunc.h","projects/04-ota-control/application/course/Firmware/CMSIS/core_cmFunc.h","VERBATIM","5075ff67c8e264b83d9b391c07c6512e26abbc189e321de0d8b4375476980e5e","5075ff67c8e264b83d9b391c07c6512e26abbc189e321de0d8b4375476980e5e","MATCH",""
"day03/Code/02_GD32F407_OTA_App/Firmware/CMSIS/core_cmInstr.h","projects/04-ota-control/application/course/Firmware/CMSIS/core_cmInstr.h","VERBATIM","c35ddca16ca04646dc70acf2d592ad9eaeaaecd8125a32abb710069648266eb5","c35ddca16ca04646dc70acf2d592ad9eaeaaecd8125a32abb710069648266eb5","MATCH",""
"day03/Code/02_GD32F407_OTA_App/Firmware/CMSIS/GD/GD32F4xx/Include/gd32f4xx.h","projects/04-ota-control/application/course/Firmware/CMSIS/GD/GD32F4xx/Include/gd32f4xx.h","VERBATIM","96f1f6884c9885d32df760a385ca0b5e8e9b20c066f71b946771a00503623a62","96f1f6884c9885d32df760a385ca0b5e8e9b20c066f71b946771a00503623a62","MATCH",""
"day03/Code/02_GD32F407_OTA_App/Firmware/CMSIS/GD/GD32F4xx/Include/system_gd32f4xx.h","projects/04-ota-control/application/course/Firmware/CMSIS/GD/GD32F4xx/Include/system_gd32f4xx.h","VERBATIM","98ef2dd6dd7f6d2542c4d5ca83e9869be3630b43300cb9ab453703e4277913bd","98ef2dd6dd7f6d2542c4d5ca83e9869be3630b43300cb9ab453703e4277913bd","MATCH",""
"day03/Code/02_GD32F407_OTA_App/Firmware/CMSIS/GD/GD32F4xx/Source/ARM/startup_gd32f405_425.s","projects/04-ota-control/application/course/Firmware/CMSIS/GD/GD32F4xx/Source/ARM/startup_gd32f405_425.s","VERBATIM","aef6290f6950c0b7fb922fd12b91b3fc34ada707a6846aa5d7a1277fdd50fbd9","aef6290f6950c0b7fb922fd12b91b3fc34ada707a6846aa5d7a1277fdd50fbd9","MATCH",""
"day03/Code/02_GD32F407_OTA_App/Firmware/CMSIS/GD/GD32F4xx/Source/ARM/startup_gd32f407_427.s","projects/04-ota-control/application/course/Firmware/CMSIS/GD/GD32F4xx/Source/ARM/startup_gd32f407_427.s","VERBATIM","8bd565510812682bb78eabde21966437e355651d87969df804bb7a03f6a1966c","8bd565510812682bb78eabde21966437e355651d87969df804bb7a03f6a1966c","MATCH",""
"day03/Code/02_GD32F407_OTA_App/Firmware/CMSIS/GD/GD32F4xx/Source/ARM/startup_gd32f450_470.s","projects/04-ota-control/application/course/Firmware/CMSIS/GD/GD32F4xx/Source/ARM/startup_gd32f450_470.s","VERBATIM","a4e9852ba47aad025de9645d067fab33dda87b8e82dea6d77b3364f902345299","a4e9852ba47aad025de9645d067fab33dda87b8e82dea6d77b3364f902345299","MATCH",""
"day03/Code/02_GD32F407_OTA_App/Firmware/CMSIS/GD/GD32F4xx/Source/IAR/startup_gd32f405_425.s","projects/04-ota-control/application/course/Firmware/CMSIS/GD/GD32F4xx/Source/IAR/startup_gd32f405_425.s","VERBATIM","70e76c6ad0182a5682773261e308008bc1102c09839605a0e058851173026836","70e76c6ad0182a5682773261e308008bc1102c09839605a0e058851173026836","MATCH",""
"day03/Code/02_GD32F407_OTA_App/Firmware/CMSIS/GD/GD32F4xx/Source/IAR/startup_gd32f407_427.s","projects/04-ota-control/application/course/Firmware/CMSIS/GD/GD32F4xx/Source/IAR/startup_gd32f407_427.s","VERBATIM","550d6ca54de7f8fcb2791aaf9141666ba15978c55017fa6798bf0ca80a2864c6","550d6ca54de7f8fcb2791aaf9141666ba15978c55017fa6798bf0ca80a2864c6","MATCH",""
"day03/Code/02_GD32F407_OTA_App/Firmware/CMSIS/GD/GD32F4xx/Source/IAR/startup_gd32f450_470.s","projects/04-ota-control/application/course/Firmware/CMSIS/GD/GD32F4xx/Source/IAR/startup_gd32f450_470.s","VERBATIM","ee6654f1d551c6937d014fe943342b0395a32076e5ac8dd688c600eacb9bd343","ee6654f1d551c6937d014fe943342b0395a32076e5ac8dd688c600eacb9bd343","MATCH",""
"day03/Code/02_GD32F407_OTA_App/Firmware/CMSIS/GD/GD32F4xx/Source/system_gd32f4xx.c","projects/04-ota-control/application/course/Firmware/CMSIS/GD/GD32F4xx/Source/system_gd32f4xx.c","VERBATIM","8f66a123756716cf74297a7b54eec616f230cbbc37dfb60f21bf05d1bc070836","8f66a123756716cf74297a7b54eec616f230cbbc37dfb60f21bf05d1bc070836","MATCH",""
"day03/Code/02_GD32F407_OTA_App/Firmware/GD32F4xx_standard_peripheral/Include/gd32f4xx_adc.h","projects/04-ota-control/application/course/Firmware/GD32F4xx_standard_peripheral/Include/gd32f4xx_adc.h","VERBATIM","d6b41e007f1ee95e5fa1b495f94924f7e6166439fbf3e9234a26b5fa6c32f1de","d6b41e007f1ee95e5fa1b495f94924f7e6166439fbf3e9234a26b5fa6c32f1de","MATCH",""
"day03/Code/02_GD32F407_OTA_App/Firmware/GD32F4xx_standard_peripheral/Include/gd32f4xx_can.h","projects/04-ota-control/application/course/Firmware/GD32F4xx_standard_peripheral/Include/gd32f4xx_can.h","VERBATIM","62a96066d7b8a1cef45ab4092fce5058b962050eb1c9e4b3585f0e19b9f30578","62a96066d7b8a1cef45ab4092fce5058b962050eb1c9e4b3585f0e19b9f30578","MATCH",""
"day03/Code/02_GD32F407_OTA_App/Firmware/GD32F4xx_standard_peripheral/Include/gd32f4xx_crc.h","projects/04-ota-control/application/course/Firmware/GD32F4xx_standard_peripheral/Include/gd32f4xx_crc.h","VERBATIM","4870f145aeec968f3a7a0a5068105591e1adeb9a37a5e47fdcc9d27d7d3afbd6","4870f145aeec968f3a7a0a5068105591e1adeb9a37a5e47fdcc9d27d7d3afbd6","MATCH",""
"day03/Code/02_GD32F407_OTA_App/Firmware/GD32F4xx_standard_peripheral/Include/gd32f4xx_ctc.h","projects/04-ota-control/application/course/Firmware/GD32F4xx_standard_peripheral/Include/gd32f4xx_ctc.h","VERBATIM","900ab7d5f9c585834166a58966c8d523ff91d410066d00bbed3e6522c25782d7","900ab7d5f9c585834166a58966c8d523ff91d410066d00bbed3e6522c25782d7","MATCH",""
"day03/Code/02_GD32F407_OTA_App/Firmware/GD32F4xx_standard_peripheral/Include/gd32f4xx_dac.h","projects/04-ota-control/application/course/Firmware/GD32F4xx_standard_peripheral/Include/gd32f4xx_dac.h","VERBATIM","86057cc0c52a32f955a12f47aba1e4997ac2daba13b10a686d8777579f638afb","86057cc0c52a32f955a12f47aba1e4997ac2daba13b10a686d8777579f638afb","MATCH",""
"day03/Code/02_GD32F407_OTA_App/Firmware/GD32F4xx_standard_peripheral/Include/gd32f4xx_dbg.h","projects/04-ota-control/application/course/Firmware/GD32F4xx_standard_peripheral/Include/gd32f4xx_dbg.h","VERBATIM","21a089b5880f1d101116bd37eaac7a085a103901a40900e75941130d901b150e","21a089b5880f1d101116bd37eaac7a085a103901a40900e75941130d901b150e","MATCH",""
"day03/Code/02_GD32F407_OTA_App/Firmware/GD32F4xx_standard_peripheral/Include/gd32f4xx_dci.h","projects/04-ota-control/application/course/Firmware/GD32F4xx_standard_peripheral/Include/gd32f4xx_dci.h","VERBATIM","787f449f0b2eba5bbcc92b0d50899fa668cea6ed9ccab3960eba0b2253cc7748","787f449f0b2eba5bbcc92b0d50899fa668cea6ed9ccab3960eba0b2253cc7748","MATCH",""
"day03/Code/02_GD32F407_OTA_App/Firmware/GD32F4xx_standard_peripheral/Include/gd32f4xx_dma.h","projects/04-ota-control/application/course/Firmware/GD32F4xx_standard_peripheral/Include/gd32f4xx_dma.h","VERBATIM","f358957ebf98c4c449480a088e349cdac2716394c24fa4111de08b06fcdc5094","f358957ebf98c4c449480a088e349cdac2716394c24fa4111de08b06fcdc5094","MATCH",""
"day03/Code/02_GD32F407_OTA_App/Firmware/GD32F4xx_standard_peripheral/Include/gd32f4xx_enet.h","projects/04-ota-control/application/course/Firmware/GD32F4xx_standard_peripheral/Include/gd32f4xx_enet.h","VERBATIM","2bdbc2be9b0e3ba398deeab38021442a2cfeedff21fc353cf3b16c717a2cdf9b","2bdbc2be9b0e3ba398deeab38021442a2cfeedff21fc353cf3b16c717a2cdf9b","MATCH",""
"day03/Code/02_GD32F407_OTA_App/Firmware/GD32F4xx_standard_peripheral/Include/gd32f4xx_exmc.h","projects/04-ota-control/application/course/Firmware/GD32F4xx_standard_peripheral/Include/gd32f4xx_exmc.h","VERBATIM","68482b678dd868085a6be6317eec18873d43f895936e503487e843e561a0d55e","68482b678dd868085a6be6317eec18873d43f895936e503487e843e561a0d55e","MATCH",""
"day03/Code/02_GD32F407_OTA_App/Firmware/GD32F4xx_standard_peripheral/Include/gd32f4xx_exti.h","projects/04-ota-control/application/course/Firmware/GD32F4xx_standard_peripheral/Include/gd32f4xx_exti.h","VERBATIM","705948f029f63a5995d9849a60e417d6210ece34c8e942c76a2d4e7a2b927426","705948f029f63a5995d9849a60e417d6210ece34c8e942c76a2d4e7a2b927426","MATCH",""
"day03/Code/02_GD32F407_OTA_App/Firmware/GD32F4xx_standard_peripheral/Include/gd32f4xx_fmc.h","projects/04-ota-control/application/course/Firmware/GD32F4xx_standard_peripheral/Include/gd32f4xx_fmc.h","VERBATIM","5a5d9f0b1ce1e7486206130f80048f81a6d3e9e6337bf0a4c69d4a1d5edc9f7e","5a5d9f0b1ce1e7486206130f80048f81a6d3e9e6337bf0a4c69d4a1d5edc9f7e","MATCH",""
"day03/Code/02_GD32F407_OTA_App/Firmware/GD32F4xx_standard_peripheral/Include/gd32f4xx_fwdgt.h","projects/04-ota-control/application/course/Firmware/GD32F4xx_standard_peripheral/Include/gd32f4xx_fwdgt.h","VERBATIM","04cb4ee0d6526910cf9ca8befc437fc6df3fdfe09fb0bc418ab7ea5c19611a50","04cb4ee0d6526910cf9ca8befc437fc6df3fdfe09fb0bc418ab7ea5c19611a50","MATCH",""
"day03/Code/02_GD32F407_OTA_App/Firmware/GD32F4xx_standard_peripheral/Include/gd32f4xx_gpio.h","projects/04-ota-control/application/course/Firmware/GD32F4xx_standard_peripheral/Include/gd32f4xx_gpio.h","VERBATIM","a20501a28644bf45b8e3c4ab2a7237466805c1480b06e7d6c8585296d7f08787","a20501a28644bf45b8e3c4ab2a7237466805c1480b06e7d6c8585296d7f08787","MATCH",""
"day03/Code/02_GD32F407_OTA_App/Firmware/GD32F4xx_standard_peripheral/Include/gd32f4xx_i2c.h","projects/04-ota-control/application/course/Firmware/GD32F4xx_standard_peripheral/Include/gd32f4xx_i2c.h","VERBATIM","6cf4053e2452263cdfcb98da0832ce1f2f1b0380c1bea5d4284c1df0d5cbbb05","6cf4053e2452263cdfcb98da0832ce1f2f1b0380c1bea5d4284c1df0d5cbbb05","MATCH",""
"day03/Code/02_GD32F407_OTA_App/Firmware/GD32F4xx_standard_peripheral/Include/gd32f4xx_ipa.h","projects/04-ota-control/application/course/Firmware/GD32F4xx_standard_peripheral/Include/gd32f4xx_ipa.h","VERBATIM","1ad22068402e09bae4117e637ed972fcd7452751ccbe01c7829aea7df45ae8ae","1ad22068402e09bae4117e637ed972fcd7452751ccbe01c7829aea7df45ae8ae","MATCH",""
"day03/Code/02_GD32F407_OTA_App/Firmware/GD32F4xx_standard_peripheral/Include/gd32f4xx_iref.h","projects/04-ota-control/application/course/Firmware/GD32F4xx_standard_peripheral/Include/gd32f4xx_iref.h","VERBATIM","d9d1e67fd4473f44b2f7e22bb78c3dfa9b5109d083af1b0fdc63ec657b241c4a","d9d1e67fd4473f44b2f7e22bb78c3dfa9b5109d083af1b0fdc63ec657b241c4a","MATCH",""
"day03/Code/02_GD32F407_OTA_App/Firmware/GD32F4xx_standard_peripheral/Include/gd32f4xx_misc.h","projects/04-ota-control/application/course/Firmware/GD32F4xx_standard_peripheral/Include/gd32f4xx_misc.h","VERBATIM","0a918f830f0200c0e806dfb50594259783e69d8adbc27708705567f7193d35fb","0a918f830f0200c0e806dfb50594259783e69d8adbc27708705567f7193d35fb","MATCH",""
"day03/Code/02_GD32F407_OTA_App/Firmware/GD32F4xx_standard_peripheral/Include/gd32f4xx_pmu.h","projects/04-ota-control/application/course/Firmware/GD32F4xx_standard_peripheral/Include/gd32f4xx_pmu.h","VERBATIM","b9a72b6e42083efd170c0c5fbe579c5d6417f9bbf674db36041be96fcbd84636","b9a72b6e42083efd170c0c5fbe579c5d6417f9bbf674db36041be96fcbd84636","MATCH",""
"day03/Code/02_GD32F407_OTA_App/Firmware/GD32F4xx_standard_peripheral/Include/gd32f4xx_rcu.h","projects/04-ota-control/application/course/Firmware/GD32F4xx_standard_peripheral/Include/gd32f4xx_rcu.h","VERBATIM","ac2b2ae653edc89e674eda24e1cfe8b511b73984ae0cabed3df60ba61f8eef08","ac2b2ae653edc89e674eda24e1cfe8b511b73984ae0cabed3df60ba61f8eef08","MATCH",""
"day03/Code/02_GD32F407_OTA_App/Firmware/GD32F4xx_standard_peripheral/Include/gd32f4xx_rtc.h","projects/04-ota-control/application/course/Firmware/GD32F4xx_standard_peripheral/Include/gd32f4xx_rtc.h","VERBATIM","1798b1b495683096d4491cf0f854957d2ad60612f65a801ed0e7a4bee49fa549","1798b1b495683096d4491cf0f854957d2ad60612f65a801ed0e7a4bee49fa549","MATCH",""
"day03/Code/02_GD32F407_OTA_App/Firmware/GD32F4xx_standard_peripheral/Include/gd32f4xx_sdio.h","projects/04-ota-control/application/course/Firmware/GD32F4xx_standard_peripheral/Include/gd32f4xx_sdio.h","VERBATIM","8d6813efc565e3085611d767ea4e670e0c76a256c6f17fc93f313bcb11d0385a","8d6813efc565e3085611d767ea4e670e0c76a256c6f17fc93f313bcb11d0385a","MATCH",""
"day03/Code/02_GD32F407_OTA_App/Firmware/GD32F4xx_standard_peripheral/Include/gd32f4xx_spi.h","projects/04-ota-control/application/course/Firmware/GD32F4xx_standard_peripheral/Include/gd32f4xx_spi.h","VERBATIM","4c6360c8fe58d4a38e4870bcba17630857551d3ec7b4bd3ddeb5085c31240b1c","4c6360c8fe58d4a38e4870bcba17630857551d3ec7b4bd3ddeb5085c31240b1c","MATCH",""
"day03/Code/02_GD32F407_OTA_App/Firmware/GD32F4xx_standard_peripheral/Include/gd32f4xx_syscfg.h","projects/04-ota-control/application/course/Firmware/GD32F4xx_standard_peripheral/Include/gd32f4xx_syscfg.h","VERBATIM","5060fef0a07a3fc1396a31f09f95fe1d134f8a1fb1581e3dd98bb6078108c447","5060fef0a07a3fc1396a31f09f95fe1d134f8a1fb1581e3dd98bb6078108c447","MATCH",""
"day03/Code/02_GD32F407_OTA_App/Firmware/GD32F4xx_standard_peripheral/Include/gd32f4xx_timer.h","projects/04-ota-control/application/course/Firmware/GD32F4xx_standard_peripheral/Include/gd32f4xx_timer.h","VERBATIM","7a79f81f1d862a1b49f23bfe05b1ac751a71e761b6e63c2dffabe6c7bc69ac49","7a79f81f1d862a1b49f23bfe05b1ac751a71e761b6e63c2dffabe6c7bc69ac49","MATCH",""
"day03/Code/02_GD32F407_OTA_App/Firmware/GD32F4xx_standard_peripheral/Include/gd32f4xx_tli.h","projects/04-ota-control/application/course/Firmware/GD32F4xx_standard_peripheral/Include/gd32f4xx_tli.h","VERBATIM","1b94ea157ac8ce2fed962b0c4ff95b6702c6194300aa51b04c3aafe493768d2a","1b94ea157ac8ce2fed962b0c4ff95b6702c6194300aa51b04c3aafe493768d2a","MATCH",""
"day03/Code/02_GD32F407_OTA_App/Firmware/GD32F4xx_standard_peripheral/Include/gd32f4xx_trng.h","projects/04-ota-control/application/course/Firmware/GD32F4xx_standard_peripheral/Include/gd32f4xx_trng.h","VERBATIM","91e2bb5affefa65f90927fad795faa0f4204516284eca38e461506f0cd9ca924","91e2bb5affefa65f90927fad795faa0f4204516284eca38e461506f0cd9ca924","MATCH",""
"day03/Code/02_GD32F407_OTA_App/Firmware/GD32F4xx_standard_peripheral/Include/gd32f4xx_usart.h","projects/04-ota-control/application/course/Firmware/GD32F4xx_standard_peripheral/Include/gd32f4xx_usart.h","VERBATIM","6cf40e957a1216c99e3663d667de1944c42272897011834bf20adcd97e791074","6cf40e957a1216c99e3663d667de1944c42272897011834bf20adcd97e791074","MATCH",""
"day03/Code/02_GD32F407_OTA_App/Firmware/GD32F4xx_standard_peripheral/Include/gd32f4xx_wwdgt.h","projects/04-ota-control/application/course/Firmware/GD32F4xx_standard_peripheral/Include/gd32f4xx_wwdgt.h","VERBATIM","01eecfc98b4507aeb8f0afbe7d994ea0a617a79e5d4eb2d1d4a85979ba014efe","01eecfc98b4507aeb8f0afbe7d994ea0a617a79e5d4eb2d1d4a85979ba014efe","MATCH",""
"day03/Code/02_GD32F407_OTA_App/Firmware/GD32F4xx_standard_peripheral/Source/gd32f4xx_adc.c","projects/04-ota-control/application/course/Firmware/GD32F4xx_standard_peripheral/Source/gd32f4xx_adc.c","VERBATIM","8a5c91ec7a397b53efd086646674d273ece00f36c9610ab50715fe1521ba4112","8a5c91ec7a397b53efd086646674d273ece00f36c9610ab50715fe1521ba4112","MATCH",""
"day03/Code/02_GD32F407_OTA_App/Firmware/GD32F4xx_standard_peripheral/Source/gd32f4xx_can.c","projects/04-ota-control/application/course/Firmware/GD32F4xx_standard_peripheral/Source/gd32f4xx_can.c","VERBATIM","ce0e343b00856972eabaccc1f4d88c051796a8d1e30c4596312fc29a533db8ba","ce0e343b00856972eabaccc1f4d88c051796a8d1e30c4596312fc29a533db8ba","MATCH",""
"day03/Code/02_GD32F407_OTA_App/Firmware/GD32F4xx_standard_peripheral/Source/gd32f4xx_crc.c","projects/04-ota-control/application/course/Firmware/GD32F4xx_standard_peripheral/Source/gd32f4xx_crc.c","VERBATIM","c14034159e72e082aa70e2a8cba60ffcf950b63d75ae467706632f32ec00f315","c14034159e72e082aa70e2a8cba60ffcf950b63d75ae467706632f32ec00f315","MATCH",""
"day03/Code/02_GD32F407_OTA_App/Firmware/GD32F4xx_standard_peripheral/Source/gd32f4xx_ctc.c","projects/04-ota-control/application/course/Firmware/GD32F4xx_standard_peripheral/Source/gd32f4xx_ctc.c","VERBATIM","07f4a6385c6ffb2e18ecf95daae6a431fb91262fa988835a249a64f4002280a1","07f4a6385c6ffb2e18ecf95daae6a431fb91262fa988835a249a64f4002280a1","MATCH",""
"day03/Code/02_GD32F407_OTA_App/Firmware/GD32F4xx_standard_peripheral/Source/gd32f4xx_dac.c","projects/04-ota-control/application/course/Firmware/GD32F4xx_standard_peripheral/Source/gd32f4xx_dac.c","VERBATIM","ace5c99f1e2774d955ca4e4d5d6e81b2d831f718098487ea3e8c2c34c960e160","ace5c99f1e2774d955ca4e4d5d6e81b2d831f718098487ea3e8c2c34c960e160","MATCH",""
"day03/Code/02_GD32F407_OTA_App/Firmware/GD32F4xx_standard_peripheral/Source/gd32f4xx_dbg.c","projects/04-ota-control/application/course/Firmware/GD32F4xx_standard_peripheral/Source/gd32f4xx_dbg.c","VERBATIM","6eec659fd6b5c549226bae8e9c9c78785b064d557434189bb221287d550fe291","6eec659fd6b5c549226bae8e9c9c78785b064d557434189bb221287d550fe291","MATCH",""
"day03/Code/02_GD32F407_OTA_App/Firmware/GD32F4xx_standard_peripheral/Source/gd32f4xx_dci.c","projects/04-ota-control/application/course/Firmware/GD32F4xx_standard_peripheral/Source/gd32f4xx_dci.c","VERBATIM","b99613d9a21a02dd39117f30b9a488b859209ab3489dcfde7361d147cdf76516","b99613d9a21a02dd39117f30b9a488b859209ab3489dcfde7361d147cdf76516","MATCH",""
"day03/Code/02_GD32F407_OTA_App/Firmware/GD32F4xx_standard_peripheral/Source/gd32f4xx_dma.c","projects/04-ota-control/application/course/Firmware/GD32F4xx_standard_peripheral/Source/gd32f4xx_dma.c","VERBATIM","2d943a169ababcc22cbc6c41665f5ce375c30b63005954e1d34bb3218cb63faf","2d943a169ababcc22cbc6c41665f5ce375c30b63005954e1d34bb3218cb63faf","MATCH",""
"day03/Code/02_GD32F407_OTA_App/Firmware/GD32F4xx_standard_peripheral/Source/gd32f4xx_enet.c","projects/04-ota-control/application/course/Firmware/GD32F4xx_standard_peripheral/Source/gd32f4xx_enet.c","VERBATIM","3051e8737c463d23d07b9c9ad937bc7c488bb573738b2313982870daa670e87e","3051e8737c463d23d07b9c9ad937bc7c488bb573738b2313982870daa670e87e","MATCH",""
"day03/Code/02_GD32F407_OTA_App/Firmware/GD32F4xx_standard_peripheral/Source/gd32f4xx_exmc.c","projects/04-ota-control/application/course/Firmware/GD32F4xx_standard_peripheral/Source/gd32f4xx_exmc.c","VERBATIM","e4a79b377c89d9eb8bd5be101e273ad5efba0c2a24fb4621ab7bc124beeeaebf","e4a79b377c89d9eb8bd5be101e273ad5efba0c2a24fb4621ab7bc124beeeaebf","MATCH",""
"day03/Code/02_GD32F407_OTA_App/Firmware/GD32F4xx_standard_peripheral/Source/gd32f4xx_exti.c","projects/04-ota-control/application/course/Firmware/GD32F4xx_standard_peripheral/Source/gd32f4xx_exti.c","VERBATIM","fce4a7eca93486d71a9e5758642f2282ae7f8805dbb559312837a0b17577fe58","fce4a7eca93486d71a9e5758642f2282ae7f8805dbb559312837a0b17577fe58","MATCH",""
"day03/Code/02_GD32F407_OTA_App/Firmware/GD32F4xx_standard_peripheral/Source/gd32f4xx_fmc.c","projects/04-ota-control/application/course/Firmware/GD32F4xx_standard_peripheral/Source/gd32f4xx_fmc.c","VERBATIM","15408829d2405432fc8ed73d5d8c6bbb1e6c74540f1b817983babd62e22cab16","15408829d2405432fc8ed73d5d8c6bbb1e6c74540f1b817983babd62e22cab16","MATCH",""
"day03/Code/02_GD32F407_OTA_App/Firmware/GD32F4xx_standard_peripheral/Source/gd32f4xx_fwdgt.c","projects/04-ota-control/application/course/Firmware/GD32F4xx_standard_peripheral/Source/gd32f4xx_fwdgt.c","VERBATIM","05b67d15069ced6f0472e4115ecd16064402e0d6220561499000025a8cd189b7","05b67d15069ced6f0472e4115ecd16064402e0d6220561499000025a8cd189b7","MATCH",""
"day03/Code/02_GD32F407_OTA_App/Firmware/GD32F4xx_standard_peripheral/Source/gd32f4xx_gpio.c","projects/04-ota-control/application/course/Firmware/GD32F4xx_standard_peripheral/Source/gd32f4xx_gpio.c","VERBATIM","262befe864d5da3bada64d0b3dab29e5c2747e46b154ede8bcab0b788db614e0","262befe864d5da3bada64d0b3dab29e5c2747e46b154ede8bcab0b788db614e0","MATCH",""
"day03/Code/02_GD32F407_OTA_App/Firmware/GD32F4xx_standard_peripheral/Source/gd32f4xx_i2c.c","projects/04-ota-control/application/course/Firmware/GD32F4xx_standard_peripheral/Source/gd32f4xx_i2c.c","VERBATIM","8edfaf1a8f0bf2833923d0072fe1b9d0467382b3ec1d243e918d0de9711cccd2","8edfaf1a8f0bf2833923d0072fe1b9d0467382b3ec1d243e918d0de9711cccd2","MATCH",""
"day03/Code/02_GD32F407_OTA_App/Firmware/GD32F4xx_standard_peripheral/Source/gd32f4xx_ipa.c","projects/04-ota-control/application/course/Firmware/GD32F4xx_standard_peripheral/Source/gd32f4xx_ipa.c","VERBATIM","38a8350304763c1c83b4d2341f6782b090ca09abe541ac360089b5cb454bcf57","38a8350304763c1c83b4d2341f6782b090ca09abe541ac360089b5cb454bcf57","MATCH",""
"day03/Code/02_GD32F407_OTA_App/Firmware/GD32F4xx_standard_peripheral/Source/gd32f4xx_iref.c","projects/04-ota-control/application/course/Firmware/GD32F4xx_standard_peripheral/Source/gd32f4xx_iref.c","VERBATIM","24f2fcfcd20882fd3e65773a281a827bf5391a0a8054324eef7c98bb3f2b9b80","24f2fcfcd20882fd3e65773a281a827bf5391a0a8054324eef7c98bb3f2b9b80","MATCH",""
"day03/Code/02_GD32F407_OTA_App/Firmware/GD32F4xx_standard_peripheral/Source/gd32f4xx_misc.c","projects/04-ota-control/application/course/Firmware/GD32F4xx_standard_peripheral/Source/gd32f4xx_misc.c","VERBATIM","1cd262f295155428c25dedc69bfbab99f7a99de09e0b602eca1f2c6017cfe2da","1cd262f295155428c25dedc69bfbab99f7a99de09e0b602eca1f2c6017cfe2da","MATCH",""
"day03/Code/02_GD32F407_OTA_App/Firmware/GD32F4xx_standard_peripheral/Source/gd32f4xx_pmu.c","projects/04-ota-control/application/course/Firmware/GD32F4xx_standard_peripheral/Source/gd32f4xx_pmu.c","VERBATIM","dafa94838a55132e3313234c5ac2be6172116dc26574347363d554effb186d79","dafa94838a55132e3313234c5ac2be6172116dc26574347363d554effb186d79","MATCH",""
"day03/Code/02_GD32F407_OTA_App/Firmware/GD32F4xx_standard_peripheral/Source/gd32f4xx_rcu.c","projects/04-ota-control/application/course/Firmware/GD32F4xx_standard_peripheral/Source/gd32f4xx_rcu.c","VERBATIM","6c1030eb58ec7cb9c41e2a1ff31ddef87f70dd083222327978234004c4e95b98","6c1030eb58ec7cb9c41e2a1ff31ddef87f70dd083222327978234004c4e95b98","MATCH",""
"day03/Code/02_GD32F407_OTA_App/Firmware/GD32F4xx_standard_peripheral/Source/gd32f4xx_rtc.c","projects/04-ota-control/application/course/Firmware/GD32F4xx_standard_peripheral/Source/gd32f4xx_rtc.c","VERBATIM","eea5bcb92c88a7bab9f3740f8e9408236412a546b03a5467f21b0f94a01183e7","eea5bcb92c88a7bab9f3740f8e9408236412a546b03a5467f21b0f94a01183e7","MATCH",""
"day03/Code/02_GD32F407_OTA_App/Firmware/GD32F4xx_standard_peripheral/Source/gd32f4xx_sdio.c","projects/04-ota-control/application/course/Firmware/GD32F4xx_standard_peripheral/Source/gd32f4xx_sdio.c","VERBATIM","9d8f3e488c74c44a30c4d0bbb9cd8d86555d898ca9c36f259ce57609959b9854","9d8f3e488c74c44a30c4d0bbb9cd8d86555d898ca9c36f259ce57609959b9854","MATCH",""
"day03/Code/02_GD32F407_OTA_App/Firmware/GD32F4xx_standard_peripheral/Source/gd32f4xx_spi.c","projects/04-ota-control/application/course/Firmware/GD32F4xx_standard_peripheral/Source/gd32f4xx_spi.c","VERBATIM","ce06438e9ad5882a0fca88dfe658dd925ed3320ba574c2797e2f93acf6142459","ce06438e9ad5882a0fca88dfe658dd925ed3320ba574c2797e2f93acf6142459","MATCH",""
"day03/Code/02_GD32F407_OTA_App/Firmware/GD32F4xx_standard_peripheral/Source/gd32f4xx_syscfg.c","projects/04-ota-control/application/course/Firmware/GD32F4xx_standard_peripheral/Source/gd32f4xx_syscfg.c","VERBATIM","51a7a5e70f3064424cc6e2f6a06942b47adaac8c36a6612ee08b1643557b3ca3","51a7a5e70f3064424cc6e2f6a06942b47adaac8c36a6612ee08b1643557b3ca3","MATCH",""
"day03/Code/02_GD32F407_OTA_App/Firmware/GD32F4xx_standard_peripheral/Source/gd32f4xx_timer.c","projects/04-ota-control/application/course/Firmware/GD32F4xx_standard_peripheral/Source/gd32f4xx_timer.c","VERBATIM","3961465cf6ba39554e34c02183c50676a4ab9b3991a6aad32d271754b2506b14","3961465cf6ba39554e34c02183c50676a4ab9b3991a6aad32d271754b2506b14","MATCH",""
"day03/Code/02_GD32F407_OTA_App/Firmware/GD32F4xx_standard_peripheral/Source/gd32f4xx_tli.c","projects/04-ota-control/application/course/Firmware/GD32F4xx_standard_peripheral/Source/gd32f4xx_tli.c","VERBATIM","881a02e692afd4a0b6848a929b0b8c79148911ad7543cf611287c45e82372541","881a02e692afd4a0b6848a929b0b8c79148911ad7543cf611287c45e82372541","MATCH",""
"day03/Code/02_GD32F407_OTA_App/Firmware/GD32F4xx_standard_peripheral/Source/gd32f4xx_trng.c","projects/04-ota-control/application/course/Firmware/GD32F4xx_standard_peripheral/Source/gd32f4xx_trng.c","VERBATIM","ba9093d046a01c997aa54d2de9f663e8af32fb9e53c950cfc640f1033fcd6c53","ba9093d046a01c997aa54d2de9f663e8af32fb9e53c950cfc640f1033fcd6c53","MATCH",""
"day03/Code/02_GD32F407_OTA_App/Firmware/GD32F4xx_standard_peripheral/Source/gd32f4xx_usart.c","projects/04-ota-control/application/course/Firmware/GD32F4xx_standard_peripheral/Source/gd32f4xx_usart.c","VERBATIM","f67fa54d9c9537317be92d95fd880a394d9abe98df708e5aa821fbfa392ae9b0","f67fa54d9c9537317be92d95fd880a394d9abe98df708e5aa821fbfa392ae9b0","MATCH",""
"day03/Code/02_GD32F407_OTA_App/Firmware/GD32F4xx_standard_peripheral/Source/gd32f4xx_wwdgt.c","projects/04-ota-control/application/course/Firmware/GD32F4xx_standard_peripheral/Source/gd32f4xx_wwdgt.c","VERBATIM","0ed39de6f0101e10ddcb476e6ef21c44d2282d4f689d0d0d70f9e04940e6f0fe","0ed39de6f0101e10ddcb476e6ef21c44d2282d4f689d0d0d70f9e04940e6f0fe","MATCH",""
"day03/Code/02_GD32F407_OTA_App/Firmware/GD32F4xx_usb_library/device/class/audio/Include/audio_core.h","projects/04-ota-control/application/course/Firmware/GD32F4xx_usb_library/device/class/audio/Include/audio_core.h","VERBATIM","d4550583ad93fb3eed7d288fb84ca5e1b57269e088fb073e541a666b636fec00","d4550583ad93fb3eed7d288fb84ca5e1b57269e088fb073e541a666b636fec00","MATCH",""
"day03/Code/02_GD32F407_OTA_App/Firmware/GD32F4xx_usb_library/device/class/audio/Include/audio_out_itf.h","projects/04-ota-control/application/course/Firmware/GD32F4xx_usb_library/device/class/audio/Include/audio_out_itf.h","VERBATIM","77fb54dea6431af26c1de2b1ccfb8186fac92519d817556fe6b31fde7947310b","77fb54dea6431af26c1de2b1ccfb8186fac92519d817556fe6b31fde7947310b","MATCH",""
"day03/Code/02_GD32F407_OTA_App/Firmware/GD32F4xx_usb_library/device/class/audio/Source/audio_core.c","projects/04-ota-control/application/course/Firmware/GD32F4xx_usb_library/device/class/audio/Source/audio_core.c","VERBATIM","e134abab42ada7e2d9c6bad56032f4358fbd37b82e3861496bfe8dc7b4263d32","e134abab42ada7e2d9c6bad56032f4358fbd37b82e3861496bfe8dc7b4263d32","MATCH",""
"day03/Code/02_GD32F407_OTA_App/Firmware/GD32F4xx_usb_library/device/class/audio/Source/audio_out_itf.c","projects/04-ota-control/application/course/Firmware/GD32F4xx_usb_library/device/class/audio/Source/audio_out_itf.c","VERBATIM","33f0490e4b3ce2315d51257bb877a233ba7293bf83f1272113382989476b887b","33f0490e4b3ce2315d51257bb877a233ba7293bf83f1272113382989476b887b","MATCH",""
"day03/Code/02_GD32F407_OTA_App/Firmware/GD32F4xx_usb_library/device/class/cdc/Include/cdc_acm_core.h","projects/04-ota-control/application/course/Firmware/GD32F4xx_usb_library/device/class/cdc/Include/cdc_acm_core.h","VERBATIM","58a53b46a222a4ca1b4f35901a48555a22ff6c8ef95dcb23e651a64512a0b8ec","58a53b46a222a4ca1b4f35901a48555a22ff6c8ef95dcb23e651a64512a0b8ec","MATCH",""
"day03/Code/02_GD32F407_OTA_App/Firmware/GD32F4xx_usb_library/device/class/cdc/Source/cdc_acm_core.c","projects/04-ota-control/application/course/Firmware/GD32F4xx_usb_library/device/class/cdc/Source/cdc_acm_core.c","VERBATIM","92f6d272cb501a2e0e8020a5c7c3fdbf3f6267044a5f00c248a53bdc23867e71","92f6d272cb501a2e0e8020a5c7c3fdbf3f6267044a5f00c248a53bdc23867e71","MATCH",""
"day03/Code/02_GD32F407_OTA_App/Firmware/GD32F4xx_usb_library/device/class/dfu/Include/dfu_core.h","projects/04-ota-control/application/course/Firmware/GD32F4xx_usb_library/device/class/dfu/Include/dfu_core.h","VERBATIM","b074e46c11dfc3d6f057e7c91263a7894a8598f5ad27062a8f0c737739f0ac4b","b074e46c11dfc3d6f057e7c91263a7894a8598f5ad27062a8f0c737739f0ac4b","MATCH",""
"day03/Code/02_GD32F407_OTA_App/Firmware/GD32F4xx_usb_library/device/class/dfu/Include/dfu_mem.h","projects/04-ota-control/application/course/Firmware/GD32F4xx_usb_library/device/class/dfu/Include/dfu_mem.h","VERBATIM","ee0fa900e1595041db2524e57a7684a911afec27bd737544cb8acc1a419b54f3","ee0fa900e1595041db2524e57a7684a911afec27bd737544cb8acc1a419b54f3","MATCH",""
"day03/Code/02_GD32F407_OTA_App/Firmware/GD32F4xx_usb_library/device/class/dfu/Source/dfu_core.c","projects/04-ota-control/application/course/Firmware/GD32F4xx_usb_library/device/class/dfu/Source/dfu_core.c","VERBATIM","ee0b61f48e523f816e1977ab5667701d4a30c9d7994809daec56a6c22b6b23f2","ee0b61f48e523f816e1977ab5667701d4a30c9d7994809daec56a6c22b6b23f2","MATCH",""
"day03/Code/02_GD32F407_OTA_App/Firmware/GD32F4xx_usb_library/device/class/dfu/Source/dfu_mem.c","projects/04-ota-control/application/course/Firmware/GD32F4xx_usb_library/device/class/dfu/Source/dfu_mem.c","VERBATIM","1740852fd0411642aad47bf10951d51de5338ca02239c634c4a28211cc0b6bd5","1740852fd0411642aad47bf10951d51de5338ca02239c634c4a28211cc0b6bd5","MATCH",""
"day03/Code/02_GD32F407_OTA_App/Firmware/GD32F4xx_usb_library/device/class/hid/Include/custom_hid_core.h","projects/04-ota-control/application/course/Firmware/GD32F4xx_usb_library/device/class/hid/Include/custom_hid_core.h","VERBATIM","3d8630539b539b75241b088ba5cb2bd6a6377ebe6a0c026e14e4d9f618149f3c","3d8630539b539b75241b088ba5cb2bd6a6377ebe6a0c026e14e4d9f618149f3c","MATCH",""
"day03/Code/02_GD32F407_OTA_App/Firmware/GD32F4xx_usb_library/device/class/hid/Include/standard_hid_core.h","projects/04-ota-control/application/course/Firmware/GD32F4xx_usb_library/device/class/hid/Include/standard_hid_core.h","VERBATIM","b43958e8ef0bb4e5939d1b1279f2b4d25791abd357c51504fb08c6bf5cde5a55","b43958e8ef0bb4e5939d1b1279f2b4d25791abd357c51504fb08c6bf5cde5a55","MATCH",""
"day03/Code/02_GD32F407_OTA_App/Firmware/GD32F4xx_usb_library/device/class/hid/Source/custom_hid_core.c","projects/04-ota-control/application/course/Firmware/GD32F4xx_usb_library/device/class/hid/Source/custom_hid_core.c","VERBATIM","e31d924422097b600884693e2cfb38c20e4215861dfc8bbdff3058c9a9133668","e31d924422097b600884693e2cfb38c20e4215861dfc8bbdff3058c9a9133668","MATCH",""
"day03/Code/02_GD32F407_OTA_App/Firmware/GD32F4xx_usb_library/device/class/hid/Source/standard_hid_core.c","projects/04-ota-control/application/course/Firmware/GD32F4xx_usb_library/device/class/hid/Source/standard_hid_core.c","VERBATIM","976542c7fc8c038846c71e4c5e6755b3c9364c8c09425f671fa694f1f14889a1","976542c7fc8c038846c71e4c5e6755b3c9364c8c09425f671fa694f1f14889a1","MATCH",""
"day03/Code/02_GD32F407_OTA_App/Firmware/GD32F4xx_usb_library/device/class/iap/Include/usb_iap_core.h","projects/04-ota-control/application/course/Firmware/GD32F4xx_usb_library/device/class/iap/Include/usb_iap_core.h","VERBATIM","0c5491567e7452be4cdc0099bc8f6e5b6aca7b9c273fdb95647264938337c163","0c5491567e7452be4cdc0099bc8f6e5b6aca7b9c273fdb95647264938337c163","MATCH",""
"day03/Code/02_GD32F407_OTA_App/Firmware/GD32F4xx_usb_library/device/class/iap/Source/usb_iap_core.c","projects/04-ota-control/application/course/Firmware/GD32F4xx_usb_library/device/class/iap/Source/usb_iap_core.c","VERBATIM","b48d8edb4882f57e2ee0b7cd17d94a4ea574bbfdb3ef72f35355fb7b8cbf374d","b48d8edb4882f57e2ee0b7cd17d94a4ea574bbfdb3ef72f35355fb7b8cbf374d","MATCH",""
"day03/Code/02_GD32F407_OTA_App/Firmware/GD32F4xx_usb_library/device/class/msc/Include/usbd_msc_bbb.h","projects/04-ota-control/application/course/Firmware/GD32F4xx_usb_library/device/class/msc/Include/usbd_msc_bbb.h","VERBATIM","fce4e4a9e17e3c7ad6ef23bf6284354b3c1e0bc79e2e3d8c51c00c7cba88598f","fce4e4a9e17e3c7ad6ef23bf6284354b3c1e0bc79e2e3d8c51c00c7cba88598f","MATCH",""
"day03/Code/02_GD32F407_OTA_App/Firmware/GD32F4xx_usb_library/device/class/msc/Include/usbd_msc_core.h","projects/04-ota-control/application/course/Firmware/GD32F4xx_usb_library/device/class/msc/Include/usbd_msc_core.h","VERBATIM","1b56e50c7f78bd46cc86e131565da5a3ca050901171a99d33526283996d0062c","1b56e50c7f78bd46cc86e131565da5a3ca050901171a99d33526283996d0062c","MATCH",""
"day03/Code/02_GD32F407_OTA_App/Firmware/GD32F4xx_usb_library/device/class/msc/Include/usbd_msc_mem.h","projects/04-ota-control/application/course/Firmware/GD32F4xx_usb_library/device/class/msc/Include/usbd_msc_mem.h","VERBATIM","4219910f0d5565cbf2cb7de2191fffad41f01f9903ec160827c6f441fc9fe241","4219910f0d5565cbf2cb7de2191fffad41f01f9903ec160827c6f441fc9fe241","MATCH",""
"day03/Code/02_GD32F407_OTA_App/Firmware/GD32F4xx_usb_library/device/class/msc/Include/usbd_msc_scsi.h","projects/04-ota-control/application/course/Firmware/GD32F4xx_usb_library/device/class/msc/Include/usbd_msc_scsi.h","VERBATIM","8a843a759a5d1013db6524b1547453013da00c202f03a7011b604c8e79f96a2d","8a843a759a5d1013db6524b1547453013da00c202f03a7011b604c8e79f96a2d","MATCH",""
"day03/Code/02_GD32F407_OTA_App/Firmware/GD32F4xx_usb_library/device/class/msc/Source/usbd_msc_bbb.c","projects/04-ota-control/application/course/Firmware/GD32F4xx_usb_library/device/class/msc/Source/usbd_msc_bbb.c","VERBATIM","d613ecddab72a03de672e4669f2549f5ce93259c09819fcbd78db49dbbefa4a5","d613ecddab72a03de672e4669f2549f5ce93259c09819fcbd78db49dbbefa4a5","MATCH",""
"day03/Code/02_GD32F407_OTA_App/Firmware/GD32F4xx_usb_library/device/class/msc/Source/usbd_msc_core.c","projects/04-ota-control/application/course/Firmware/GD32F4xx_usb_library/device/class/msc/Source/usbd_msc_core.c","VERBATIM","5c5983c2884b08aa4a480b29929e20a502741c56cefd717e48a6fe5c807bbb5c","5c5983c2884b08aa4a480b29929e20a502741c56cefd717e48a6fe5c807bbb5c","MATCH",""
"day03/Code/02_GD32F407_OTA_App/Firmware/GD32F4xx_usb_library/device/class/msc/Source/usbd_msc_scsi.c","projects/04-ota-control/application/course/Firmware/GD32F4xx_usb_library/device/class/msc/Source/usbd_msc_scsi.c","VERBATIM","062e1df310c0feed9372585e09d4a317f65b8e0e03bd70c14aa7418a99c5effd","062e1df310c0feed9372585e09d4a317f65b8e0e03bd70c14aa7418a99c5effd","MATCH",""
"day03/Code/02_GD32F407_OTA_App/Firmware/GD32F4xx_usb_library/device/class/printer/Include/printer_core.h","projects/04-ota-control/application/course/Firmware/GD32F4xx_usb_library/device/class/printer/Include/printer_core.h","VERBATIM","4231dae7349cc3643150ec1e90a5cefb4adf23adc0314e82ef001bdfcd7d7e8c","4231dae7349cc3643150ec1e90a5cefb4adf23adc0314e82ef001bdfcd7d7e8c","MATCH",""
"day03/Code/02_GD32F407_OTA_App/Firmware/GD32F4xx_usb_library/device/class/printer/Source/printer_core.c","projects/04-ota-control/application/course/Firmware/GD32F4xx_usb_library/device/class/printer/Source/printer_core.c","VERBATIM","93eb77ff7a45da1424244e1ffa25755a259e43b815d00b14c319bec17a079831","93eb77ff7a45da1424244e1ffa25755a259e43b815d00b14c319bec17a079831","MATCH",""
"day03/Code/02_GD32F407_OTA_App/Firmware/GD32F4xx_usb_library/device/core/Include/usbd_core.h","projects/04-ota-control/application/course/Firmware/GD32F4xx_usb_library/device/core/Include/usbd_core.h","VERBATIM","a205d78d7c4299519538d5057744916bcb5459ec963bfbd6aa42101197b15041","a205d78d7c4299519538d5057744916bcb5459ec963bfbd6aa42101197b15041","MATCH",""
"day03/Code/02_GD32F407_OTA_App/Firmware/GD32F4xx_usb_library/device/core/Include/usbd_enum.h","projects/04-ota-control/application/course/Firmware/GD32F4xx_usb_library/device/core/Include/usbd_enum.h","VERBATIM","9de97ed85ba71120379bf876faf752fa7900784d1614c18d1e9ecea6c7e2c897","9de97ed85ba71120379bf876faf752fa7900784d1614c18d1e9ecea6c7e2c897","MATCH",""
"day03/Code/02_GD32F407_OTA_App/Firmware/GD32F4xx_usb_library/device/core/Include/usbd_transc.h","projects/04-ota-control/application/course/Firmware/GD32F4xx_usb_library/device/core/Include/usbd_transc.h","VERBATIM","7598a18b6aa5696b7d15c3f8da6f0f04c37bca44d48c86fd5a7bd92850a17681","7598a18b6aa5696b7d15c3f8da6f0f04c37bca44d48c86fd5a7bd92850a17681","MATCH",""
"day03/Code/02_GD32F407_OTA_App/Firmware/GD32F4xx_usb_library/device/core/Source/usbd_core.c","projects/04-ota-control/application/course/Firmware/GD32F4xx_usb_library/device/core/Source/usbd_core.c","VERBATIM","74a04240e3912ef2d959396250678ff65e41a6d65e4c92cddb7babebc646a12f","74a04240e3912ef2d959396250678ff65e41a6d65e4c92cddb7babebc646a12f","MATCH",""
"day03/Code/02_GD32F407_OTA_App/Firmware/GD32F4xx_usb_library/device/core/Source/usbd_enum.c","projects/04-ota-control/application/course/Firmware/GD32F4xx_usb_library/device/core/Source/usbd_enum.c","VERBATIM","07c9d4af518d9659d3696a574638d2238413c849345915f347b1ce91c02a81ee","07c9d4af518d9659d3696a574638d2238413c849345915f347b1ce91c02a81ee","MATCH",""
"day03/Code/02_GD32F407_OTA_App/Firmware/GD32F4xx_usb_library/device/core/Source/usbd_transc.c","projects/04-ota-control/application/course/Firmware/GD32F4xx_usb_library/device/core/Source/usbd_transc.c","VERBATIM","ce5e569f4cbb0918250c03000276fd987e116e69f489eec7b049b790a5a87f37","ce5e569f4cbb0918250c03000276fd987e116e69f489eec7b049b790a5a87f37","MATCH",""
"day03/Code/02_GD32F407_OTA_App/Firmware/GD32F4xx_usb_library/driver/Include/drv_usb_core.h","projects/04-ota-control/application/course/Firmware/GD32F4xx_usb_library/driver/Include/drv_usb_core.h","VERBATIM","d7957d291f199b35772ce89782b17558bcc73b935f66f80c5b7fbe16ddba5875","d7957d291f199b35772ce89782b17558bcc73b935f66f80c5b7fbe16ddba5875","MATCH",""
"day03/Code/02_GD32F407_OTA_App/Firmware/GD32F4xx_usb_library/driver/Include/drv_usb_dev.h","projects/04-ota-control/application/course/Firmware/GD32F4xx_usb_library/driver/Include/drv_usb_dev.h","VERBATIM","caf5d56ebafdba9fc9f167418a1616e4291b112edbf47a8654bd9a98f8c17b9a","caf5d56ebafdba9fc9f167418a1616e4291b112edbf47a8654bd9a98f8c17b9a","MATCH",""
"day03/Code/02_GD32F407_OTA_App/Firmware/GD32F4xx_usb_library/driver/Include/drv_usb_host.h","projects/04-ota-control/application/course/Firmware/GD32F4xx_usb_library/driver/Include/drv_usb_host.h","VERBATIM","fb4056a260f60fda977ab1139ebfcf00e53b5c3e697fdda573b902a413bfff14","fb4056a260f60fda977ab1139ebfcf00e53b5c3e697fdda573b902a413bfff14","MATCH",""
"day03/Code/02_GD32F407_OTA_App/Firmware/GD32F4xx_usb_library/driver/Include/drv_usb_hw.h","projects/04-ota-control/application/course/Firmware/GD32F4xx_usb_library/driver/Include/drv_usb_hw.h","VERBATIM","81dbb2d76cd496106998eaa694da78184988c9618e06cfe573e5d6b5fa1c1f20","81dbb2d76cd496106998eaa694da78184988c9618e06cfe573e5d6b5fa1c1f20","MATCH",""
"day03/Code/02_GD32F407_OTA_App/Firmware/GD32F4xx_usb_library/driver/Include/drv_usb_regs.h","projects/04-ota-control/application/course/Firmware/GD32F4xx_usb_library/driver/Include/drv_usb_regs.h","VERBATIM","048a97f0ff66f557ee6a5e829f8aa0336d69e13e63151cf4d64092d0ff9606ba","048a97f0ff66f557ee6a5e829f8aa0336d69e13e63151cf4d64092d0ff9606ba","MATCH",""
"day03/Code/02_GD32F407_OTA_App/Firmware/GD32F4xx_usb_library/driver/Include/drv_usbd_int.h","projects/04-ota-control/application/course/Firmware/GD32F4xx_usb_library/driver/Include/drv_usbd_int.h","VERBATIM","3b71749a04450bbec4838039bc3c6482ee1d7ecb509b97da5151f362f918a8f4","3b71749a04450bbec4838039bc3c6482ee1d7ecb509b97da5151f362f918a8f4","MATCH",""
"day03/Code/02_GD32F407_OTA_App/Firmware/GD32F4xx_usb_library/driver/Include/drv_usbh_int.h","projects/04-ota-control/application/course/Firmware/GD32F4xx_usb_library/driver/Include/drv_usbh_int.h","VERBATIM","5268ee8f0accee9c9e848ae421f3f1b83b8efa72b8854f08a5756c16c3873997","5268ee8f0accee9c9e848ae421f3f1b83b8efa72b8854f08a5756c16c3873997","MATCH",""
"day03/Code/02_GD32F407_OTA_App/Firmware/GD32F4xx_usb_library/driver/Source/drv_usb_core.c","projects/04-ota-control/application/course/Firmware/GD32F4xx_usb_library/driver/Source/drv_usb_core.c","VERBATIM","b90492a8404bcbdcbba9d31d38ad75d2d85b6014ccacf6eea77b23f69cf5f623","b90492a8404bcbdcbba9d31d38ad75d2d85b6014ccacf6eea77b23f69cf5f623","MATCH",""
"day03/Code/02_GD32F407_OTA_App/Firmware/GD32F4xx_usb_library/driver/Source/drv_usb_dev.c","projects/04-ota-control/application/course/Firmware/GD32F4xx_usb_library/driver/Source/drv_usb_dev.c","VERBATIM","93ca6cd491c5e0fea197d5ac7f10ba23e6973543da7aeed38bfc1ae3a0dc474b","93ca6cd491c5e0fea197d5ac7f10ba23e6973543da7aeed38bfc1ae3a0dc474b","MATCH",""
"day03/Code/02_GD32F407_OTA_App/Firmware/GD32F4xx_usb_library/driver/Source/drv_usb_host.c","projects/04-ota-control/application/course/Firmware/GD32F4xx_usb_library/driver/Source/drv_usb_host.c","VERBATIM","d9f6de1a16c13351c6947a1d8c735a2fa2ef6495159ef75e8c84a903003853ea","d9f6de1a16c13351c6947a1d8c735a2fa2ef6495159ef75e8c84a903003853ea","MATCH",""
"day03/Code/02_GD32F407_OTA_App/Firmware/GD32F4xx_usb_library/driver/Source/drv_usbd_int.c","projects/04-ota-control/application/course/Firmware/GD32F4xx_usb_library/driver/Source/drv_usbd_int.c","VERBATIM","6d629c1b2ee8a05bd9c1b8e20f2664410afc9608e9489ccac5be881d10d0a715","6d629c1b2ee8a05bd9c1b8e20f2664410afc9608e9489ccac5be881d10d0a715","MATCH",""
"day03/Code/02_GD32F407_OTA_App/Firmware/GD32F4xx_usb_library/driver/Source/drv_usbh_int.c","projects/04-ota-control/application/course/Firmware/GD32F4xx_usb_library/driver/Source/drv_usbh_int.c","VERBATIM","4d390034615df35fb792026bd76844c922f387580e291039f1bc5f6b6c982486","4d390034615df35fb792026bd76844c922f387580e291039f1bc5f6b6c982486","MATCH",""
"day03/Code/02_GD32F407_OTA_App/Firmware/GD32F4xx_usb_library/host/class/hid/Include/usbh_hid_core.h","projects/04-ota-control/application/course/Firmware/GD32F4xx_usb_library/host/class/hid/Include/usbh_hid_core.h","VERBATIM","0dec84719141c68389ec4f957111fb6dc21a5be55159a808a9d4d20759e447aa","0dec84719141c68389ec4f957111fb6dc21a5be55159a808a9d4d20759e447aa","MATCH",""
"day03/Code/02_GD32F407_OTA_App/Firmware/GD32F4xx_usb_library/host/class/hid/Include/usbh_standard_hid.h","projects/04-ota-control/application/course/Firmware/GD32F4xx_usb_library/host/class/hid/Include/usbh_standard_hid.h","VERBATIM","9dff3d162d5690f986145fc6a50e8be49ee6ea57b0df5de92708173ece1231a8","9dff3d162d5690f986145fc6a50e8be49ee6ea57b0df5de92708173ece1231a8","MATCH",""
"day03/Code/02_GD32F407_OTA_App/Firmware/GD32F4xx_usb_library/host/class/hid/Source/usbh_hid_core.c","projects/04-ota-control/application/course/Firmware/GD32F4xx_usb_library/host/class/hid/Source/usbh_hid_core.c","VERBATIM","2cdafdf63ebb98a454a09acc070b9c2e925c7eec29af318f1a8ce5f913c5d200","2cdafdf63ebb98a454a09acc070b9c2e925c7eec29af318f1a8ce5f913c5d200","MATCH",""
"day03/Code/02_GD32F407_OTA_App/Firmware/GD32F4xx_usb_library/host/class/hid/Source/usbh_standard_hid.c","projects/04-ota-control/application/course/Firmware/GD32F4xx_usb_library/host/class/hid/Source/usbh_standard_hid.c","VERBATIM","324f535d3213364159ef30d0ab69cb69472d94ee6a25f07d1c624d1b4bb315c3","324f535d3213364159ef30d0ab69cb69472d94ee6a25f07d1c624d1b4bb315c3","MATCH",""
"day03/Code/02_GD32F407_OTA_App/Firmware/GD32F4xx_usb_library/host/class/msc/Include/usbh_msc_bbb.h","projects/04-ota-control/application/course/Firmware/GD32F4xx_usb_library/host/class/msc/Include/usbh_msc_bbb.h","VERBATIM","fe164e019db850549fa0edb8a4b2f0c38ff1c7540a834b935c91268d0e275ff8","fe164e019db850549fa0edb8a4b2f0c38ff1c7540a834b935c91268d0e275ff8","MATCH",""
"day03/Code/02_GD32F407_OTA_App/Firmware/GD32F4xx_usb_library/host/class/msc/Include/usbh_msc_core.h","projects/04-ota-control/application/course/Firmware/GD32F4xx_usb_library/host/class/msc/Include/usbh_msc_core.h","VERBATIM","34b4b4aed85f332b815096ee4c39fba67c77fef1f9eb79fc470603568cbe2dc9","34b4b4aed85f332b815096ee4c39fba67c77fef1f9eb79fc470603568cbe2dc9","MATCH",""
"day03/Code/02_GD32F407_OTA_App/Firmware/GD32F4xx_usb_library/host/class/msc/Include/usbh_msc_scsi.h","projects/04-ota-control/application/course/Firmware/GD32F4xx_usb_library/host/class/msc/Include/usbh_msc_scsi.h","VERBATIM","e6e8ca26d9a2abffe14a21af356cb07c4058d9052dfd22b46205ec11884a867a","e6e8ca26d9a2abffe14a21af356cb07c4058d9052dfd22b46205ec11884a867a","MATCH",""
"day03/Code/02_GD32F407_OTA_App/Firmware/GD32F4xx_usb_library/host/class/msc/Source/usbh_msc_bbb.c","projects/04-ota-control/application/course/Firmware/GD32F4xx_usb_library/host/class/msc/Source/usbh_msc_bbb.c","VERBATIM","2a82ad623d78ccc1802d851ab7fb124d6abb5dbea980aa8c6517e26ff906e049","2a82ad623d78ccc1802d851ab7fb124d6abb5dbea980aa8c6517e26ff906e049","MATCH",""
"day03/Code/02_GD32F407_OTA_App/Firmware/GD32F4xx_usb_library/host/class/msc/Source/usbh_msc_core.c","projects/04-ota-control/application/course/Firmware/GD32F4xx_usb_library/host/class/msc/Source/usbh_msc_core.c","VERBATIM","5df338c15161e6c7a6424179245e0e373973b22e81dea91111ad5613ae0c8690","5df338c15161e6c7a6424179245e0e373973b22e81dea91111ad5613ae0c8690","MATCH",""
"day03/Code/02_GD32F407_OTA_App/Firmware/GD32F4xx_usb_library/host/class/msc/Source/usbh_msc_fatfs.c","projects/04-ota-control/application/course/Firmware/GD32F4xx_usb_library/host/class/msc/Source/usbh_msc_fatfs.c","VERBATIM","8fd0c5b44f9ac0e35427803f9761e40a5297caa2acc078cb9fde3c25ba4036b1","8fd0c5b44f9ac0e35427803f9761e40a5297caa2acc078cb9fde3c25ba4036b1","MATCH",""
"day03/Code/02_GD32F407_OTA_App/Firmware/GD32F4xx_usb_library/host/class/msc/Source/usbh_msc_scsi.c","projects/04-ota-control/application/course/Firmware/GD32F4xx_usb_library/host/class/msc/Source/usbh_msc_scsi.c","VERBATIM","45e6ad746800250c90834ac684d207da486f3f0fda8503284def2c537f952a85","45e6ad746800250c90834ac684d207da486f3f0fda8503284def2c537f952a85","MATCH",""
"day03/Code/02_GD32F407_OTA_App/Firmware/GD32F4xx_usb_library/host/core/Include/usbh_core.h","projects/04-ota-control/application/course/Firmware/GD32F4xx_usb_library/host/core/Include/usbh_core.h","VERBATIM","8919b0da3bc89862ac89da53bd34cc4f8af2f7ecebf23493d3bc0980570ec67d","8919b0da3bc89862ac89da53bd34cc4f8af2f7ecebf23493d3bc0980570ec67d","MATCH",""
"day03/Code/02_GD32F407_OTA_App/Firmware/GD32F4xx_usb_library/host/core/Include/usbh_enum.h","projects/04-ota-control/application/course/Firmware/GD32F4xx_usb_library/host/core/Include/usbh_enum.h","VERBATIM","a08d6a471be77a6bfdf916e166e4a95b49358f209e0708080e4a441d7d454897","a08d6a471be77a6bfdf916e166e4a95b49358f209e0708080e4a441d7d454897","MATCH",""
"day03/Code/02_GD32F407_OTA_App/Firmware/GD32F4xx_usb_library/host/core/Include/usbh_pipe.h","projects/04-ota-control/application/course/Firmware/GD32F4xx_usb_library/host/core/Include/usbh_pipe.h","VERBATIM","d1aa31749db419f147e34bf1608f3c79d8846fc9067b138ce90dcc6d68a724b2","d1aa31749db419f147e34bf1608f3c79d8846fc9067b138ce90dcc6d68a724b2","MATCH",""
"day03/Code/02_GD32F407_OTA_App/Firmware/GD32F4xx_usb_library/host/core/Include/usbh_transc.h","projects/04-ota-control/application/course/Firmware/GD32F4xx_usb_library/host/core/Include/usbh_transc.h","VERBATIM","b0a9300c836592e16782062a0d898645adc64efd21ad96f46b8ef6ebd876499c","b0a9300c836592e16782062a0d898645adc64efd21ad96f46b8ef6ebd876499c","MATCH",""
"day03/Code/02_GD32F407_OTA_App/Firmware/GD32F4xx_usb_library/host/core/Source/usbh_core.c","projects/04-ota-control/application/course/Firmware/GD32F4xx_usb_library/host/core/Source/usbh_core.c","VERBATIM","2e61c1493a0f04d944a9b1e01924a57908552c5c5920f357df984f098988df08","2e61c1493a0f04d944a9b1e01924a57908552c5c5920f357df984f098988df08","MATCH",""
"day03/Code/02_GD32F407_OTA_App/Firmware/GD32F4xx_usb_library/host/core/Source/usbh_enum.c","projects/04-ota-control/application/course/Firmware/GD32F4xx_usb_library/host/core/Source/usbh_enum.c","VERBATIM","273217f6826c6d57a1d210d2a58974ae97a27e15951b98be25bbccdea8133871","273217f6826c6d57a1d210d2a58974ae97a27e15951b98be25bbccdea8133871","MATCH",""
"day03/Code/02_GD32F407_OTA_App/Firmware/GD32F4xx_usb_library/host/core/Source/usbh_pipe.c","projects/04-ota-control/application/course/Firmware/GD32F4xx_usb_library/host/core/Source/usbh_pipe.c","VERBATIM","e8a4253e2a4224333c4343ee0ffd5f280c9875ef57702f44c1973cbd42edd2e0","e8a4253e2a4224333c4343ee0ffd5f280c9875ef57702f44c1973cbd42edd2e0","MATCH",""
"day03/Code/02_GD32F407_OTA_App/Firmware/GD32F4xx_usb_library/host/core/Source/usbh_transc.c","projects/04-ota-control/application/course/Firmware/GD32F4xx_usb_library/host/core/Source/usbh_transc.c","VERBATIM","cf1ae1fcf884275e82634538e997d8d24c31fbe959140909f5bb4e34bca0bbef","cf1ae1fcf884275e82634538e997d8d24c31fbe959140909f5bb4e34bca0bbef","MATCH",""
"day03/Code/02_GD32F407_OTA_App/Firmware/GD32F4xx_usb_library/ustd/class/cdc/usb_cdc.h","projects/04-ota-control/application/course/Firmware/GD32F4xx_usb_library/ustd/class/cdc/usb_cdc.h","VERBATIM","fcd43c4f51573d30f01573e2d2856e0be969c8ffd02d415aadfb69a595decf4e","fcd43c4f51573d30f01573e2d2856e0be969c8ffd02d415aadfb69a595decf4e","MATCH",""
"day03/Code/02_GD32F407_OTA_App/Firmware/GD32F4xx_usb_library/ustd/class/hid/usb_hid.h","projects/04-ota-control/application/course/Firmware/GD32F4xx_usb_library/ustd/class/hid/usb_hid.h","VERBATIM","f3c6a02d4fc46f9512465b6eb2951c8cddb956af73422aab9d2a1bafc69f2e7b","f3c6a02d4fc46f9512465b6eb2951c8cddb956af73422aab9d2a1bafc69f2e7b","MATCH",""
"day03/Code/02_GD32F407_OTA_App/Firmware/GD32F4xx_usb_library/ustd/class/msc/msc_bbb.h","projects/04-ota-control/application/course/Firmware/GD32F4xx_usb_library/ustd/class/msc/msc_bbb.h","VERBATIM","b884b8f8f7cfaf22512ede7ae709b5f3591e126d2919aecf4e2b4d7efea1f5d6","b884b8f8f7cfaf22512ede7ae709b5f3591e126d2919aecf4e2b4d7efea1f5d6","MATCH",""
"day03/Code/02_GD32F407_OTA_App/Firmware/GD32F4xx_usb_library/ustd/class/msc/msc_scsi.h","projects/04-ota-control/application/course/Firmware/GD32F4xx_usb_library/ustd/class/msc/msc_scsi.h","VERBATIM","8842cf305e996369687fa89568c9aee3d46f745e1aef6eb58b1a3f519f863631","8842cf305e996369687fa89568c9aee3d46f745e1aef6eb58b1a3f519f863631","MATCH",""
"day03/Code/02_GD32F407_OTA_App/Firmware/GD32F4xx_usb_library/ustd/class/msc/usb_msc.h","projects/04-ota-control/application/course/Firmware/GD32F4xx_usb_library/ustd/class/msc/usb_msc.h","VERBATIM","e3c2a096085131687f121de426ef9154f23ccc26e877129243a648fb8c90b216","e3c2a096085131687f121de426ef9154f23ccc26e877129243a648fb8c90b216","MATCH",""
"day03/Code/02_GD32F407_OTA_App/Firmware/GD32F4xx_usb_library/ustd/common/usb_ch9_std.h","projects/04-ota-control/application/course/Firmware/GD32F4xx_usb_library/ustd/common/usb_ch9_std.h","VERBATIM","b5249865f377709e456f76ca76ca5499ace39bad6a452832dbe535f1989c6d22","b5249865f377709e456f76ca76ca5499ace39bad6a452832dbe535f1989c6d22","MATCH",""
"day03/Code/02_GD32F407_OTA_App/Hardware/bsp_battery_leds.c","projects/04-ota-control/application/course/Hardware/bsp_battery_leds.c","VERBATIM","3355ee67df90741c1311332c6cfb0053385a7ffd03c3de8ea06fcbd57563a61d","3355ee67df90741c1311332c6cfb0053385a7ffd03c3de8ea06fcbd57563a61d","MATCH",""
"day03/Code/02_GD32F407_OTA_App/Hardware/bsp_battery_leds.h","projects/04-ota-control/application/course/Hardware/bsp_battery_leds.h","VERBATIM","f7585067c016c3b5077e05028c10af52a247a608de67c34047073418c430d4bf","f7585067c016c3b5077e05028c10af52a247a608de67c34047073418c430d4bf","MATCH",""
"day03/Code/02_GD32F407_OTA_App/Hardware/bsp_buzzer.c","projects/04-ota-control/application/course/Hardware/bsp_buzzer.c","VERBATIM","2585fd1908edf73c203dbbcf159b75f73d605cdf35ee33bbeaa33dd42d6a341f","2585fd1908edf73c203dbbcf159b75f73d605cdf35ee33bbeaa33dd42d6a341f","MATCH",""
"day03/Code/02_GD32F407_OTA_App/Hardware/bsp_buzzer.h","projects/04-ota-control/application/course/Hardware/bsp_buzzer.h","VERBATIM","6f5fdca736b26835cda0c10dd1f5a020894e48716151d63e5ab8b6911b9c8831","6f5fdca736b26835cda0c10dd1f5a020894e48716151d63e5ab8b6911b9c8831","MATCH",""
"day03/Code/02_GD32F407_OTA_App/Hardware/bsp_keys_adv.c","projects/04-ota-control/application/course/Hardware/bsp_keys_adv.c","VERBATIM","018a1246d6a4624c4ce02d7205984e201deb520654f7d2c121bfee69aa769866","018a1246d6a4624c4ce02d7205984e201deb520654f7d2c121bfee69aa769866","MATCH",""
"day03/Code/02_GD32F407_OTA_App/Hardware/bsp_keys_adv.h","projects/04-ota-control/application/course/Hardware/bsp_keys_adv.h","VERBATIM","49a5ce532a4dde8d36f1ca94e94478439035497e60fec094d139f6a18bca9ec6","49a5ce532a4dde8d36f1ca94e94478439035497e60fec094d139f6a18bca9ec6","MATCH",""
"day03/Code/02_GD32F407_OTA_App/Hardware/bsp_keys.c","projects/04-ota-control/application/course/Hardware/bsp_keys.c","VERBATIM","06352592ceeb62d72bce1d2b408e7031a34e1a76010681e3d5e8d53a471cc1f4","06352592ceeb62d72bce1d2b408e7031a34e1a76010681e3d5e8d53a471cc1f4","MATCH",""
"day03/Code/02_GD32F407_OTA_App/Hardware/bsp_keys.h","projects/04-ota-control/application/course/Hardware/bsp_keys.h","VERBATIM","0ef66b8ce08877d228b8b505af37aa727b0d6a383bbc78619de51579c5b984d7","0ef66b8ce08877d228b8b505af37aa727b0d6a383bbc78619de51579c5b984d7","MATCH",""
"day03/Code/02_GD32F407_OTA_App/Hardware/bsp_pca9685.c","projects/04-ota-control/application/course/Hardware/bsp_pca9685.c","VERBATIM","8ad0523c80a951f1b6825ad0800f550876f4e8a47954aef21a89d538042ddf85","8ad0523c80a951f1b6825ad0800f550876f4e8a47954aef21a89d538042ddf85","MATCH",""
"day03/Code/02_GD32F407_OTA_App/Hardware/bsp_pca9685.h","projects/04-ota-control/application/course/Hardware/bsp_pca9685.h","VERBATIM","ea3f4d3874828b2dfe2932791ee00899154a3a182e99993ccbd9b9029deaa92e","ea3f4d3874828b2dfe2932791ee00899154a3a182e99993ccbd9b9029deaa92e","MATCH",""
"day03/Code/02_GD32F407_OTA_App/Hardware/bsp_servo.c","projects/04-ota-control/application/course/Hardware/bsp_servo.c","VERBATIM","a5179bee263075e44786e8e52cd5d6c0c3ec659e98906b560f691573ddc579a1","a5179bee263075e44786e8e52cd5d6c0c3ec659e98906b560f691573ddc579a1","MATCH",""
"day03/Code/02_GD32F407_OTA_App/Hardware/bsp_servo.h","projects/04-ota-control/application/course/Hardware/bsp_servo.h","VERBATIM","53bdaa6180cf37aa9adc025902600fac610b25477d81f8702bd614b98f305184","53bdaa6180cf37aa9adc025902600fac610b25477d81f8702bd614b98f305184","MATCH",""
"day03/Code/02_GD32F407_OTA_App/Hardware/bsp_w25qxx.c","projects/04-ota-control/application/course/Hardware/bsp_w25qxx.c","VERBATIM","a0ea74791e8ca1f55121f1b62463cba6faf593722e91a5118470a9b75cc4332d","a0ea74791e8ca1f55121f1b62463cba6faf593722e91a5118470a9b75cc4332d","MATCH",""
"day03/Code/02_GD32F407_OTA_App/Hardware/bsp_w25qxx.h","projects/04-ota-control/application/course/Hardware/bsp_w25qxx.h","VERBATIM","d8058d7878d27b6fc8e840fcc7aa677bda0f4b1d9f449fafc080af4767a5208f","d8058d7878d27b6fc8e840fcc7aa677bda0f4b1d9f449fafc080af4767a5208f","MATCH",""
"day03/Code/02_GD32F407_OTA_App/Hardware/i2c_oled/bmp.h","projects/04-ota-control/application/course/Hardware/i2c_oled/bmp.h","VERBATIM","49a086e5ab31da021f77579e99b5a71059ee57533aa0c1faf4e23a9d0fbf1cc4","49a086e5ab31da021f77579e99b5a71059ee57533aa0c1faf4e23a9d0fbf1cc4","MATCH",""
"day03/Code/02_GD32F407_OTA_App/Hardware/i2c_oled/oled.c","projects/04-ota-control/application/course/Hardware/i2c_oled/oled.c","VERBATIM","23d06db1f81c4000dbd1abe1527fb74ea8fd6d0855de47482b6c7e7e73f0f0c0","23d06db1f81c4000dbd1abe1527fb74ea8fd6d0855de47482b6c7e7e73f0f0c0","MATCH",""
"day03/Code/02_GD32F407_OTA_App/Hardware/i2c_oled/oled.h","projects/04-ota-control/application/course/Hardware/i2c_oled/oled.h","VERBATIM","acbd19c728fc0ac4f74f9a86ff5d5d5d021bd0925941eb26809ddb14baa9fc08","acbd19c728fc0ac4f74f9a86ff5d5d5d021bd0925941eb26809ddb14baa9fc08","MATCH",""
"day03/Code/02_GD32F407_OTA_App/Hardware/i2c_oled/oledfont.h","projects/04-ota-control/application/course/Hardware/i2c_oled/oledfont.h","VERBATIM","9bfd741a3dfc91f1d3309b67ac59ac4a9d367a1d7a616bcb444ccc8d09d29f4d","9bfd741a3dfc91f1d3309b67ac59ac4a9d367a1d7a616bcb444ccc8d09d29f4d","MATCH",""
"day03/Code/02_GD32F407_OTA_App/Hardware/PCF8563.c","projects/04-ota-control/application/course/Hardware/PCF8563.c","VERBATIM","175399ba450f8e636bb2fa95e138e6b9a3bddc84ff2f9d12cca17c0827488e9d","175399ba450f8e636bb2fa95e138e6b9a3bddc84ff2f9d12cca17c0827488e9d","MATCH",""
"day03/Code/02_GD32F407_OTA_App/Hardware/PCF8563.h","projects/04-ota-control/application/course/Hardware/PCF8563.h","VERBATIM","18cedb9ffa72107f8618f14884e3466570cbf6e72b04ad720e18ab8da0583a3a","18cedb9ffa72107f8618f14884e3466570cbf6e72b04ad720e18ab8da0583a3a","MATCH",""
"day03/Code/02_GD32F407_OTA_App/Hardware/spi_oled/bmp.h","projects/04-ota-control/application/course/Hardware/spi_oled/bmp.h","VERBATIM","b118e7d338a0517ba350906c3fb4433803937da878bb55588561b1de2e104f3d","b118e7d338a0517ba350906c3fb4433803937da878bb55588561b1de2e104f3d","MATCH",""
"day03/Code/02_GD32F407_OTA_App/Hardware/spi_oled/oled.c","projects/04-ota-control/application/course/Hardware/spi_oled/oled.c","VERBATIM","f81d723978f1c969ee1c964d50af0e4c61ec3775ac70a1433509619f8ea0092d","f81d723978f1c969ee1c964d50af0e4c61ec3775ac70a1433509619f8ea0092d","MATCH",""
"day03/Code/02_GD32F407_OTA_App/Hardware/spi_oled/oled.h","projects/04-ota-control/application/course/Hardware/spi_oled/oled.h","VERBATIM","d6644e05ccba3dbd2cec6ed02651892cfd5485bc0febdf20fd068c5ac2d1e962","d6644e05ccba3dbd2cec6ed02651892cfd5485bc0febdf20fd068c5ac2d1e962","MATCH",""
"day03/Code/02_GD32F407_OTA_App/Library/EXTI_config.h","projects/04-ota-control/application/course/Library/EXTI_config.h","VERBATIM","0e1d8994d361a55d9837f7251d9fbe43d6c26f110b82382ff86941480f30a85b","0e1d8994d361a55d9837f7251d9fbe43d6c26f110b82382ff86941480f30a85b","MATCH",""
"day03/Code/02_GD32F407_OTA_App/Library/EXTI.c","projects/04-ota-control/application/course/Library/EXTI.c","VERBATIM","f31ad6b5038d43f75066a667d0c1905ced684533c26c8dbd32d8bff6f822e28c","f31ad6b5038d43f75066a667d0c1905ced684533c26c8dbd32d8bff6f822e28c","MATCH",""
"day03/Code/02_GD32F407_OTA_App/Library/EXTI.h","projects/04-ota-control/application/course/Library/EXTI.h","VERBATIM","836bc18a5497f7024b8a58223e66391071ebef1051bc8dddc9cf9a4537d430fb","836bc18a5497f7024b8a58223e66391071ebef1051bc8dddc9cf9a4537d430fb","MATCH",""
"day03/Code/02_GD32F407_OTA_App/Library/I2C/I2C_config.h","projects/04-ota-control/application/course/Library/I2C/I2C_config.h","VERBATIM","c78e6ef8b19040f77c089e6c5da8a95e9ae1e5a890cecfd30731e8d831ef0fca","c78e6ef8b19040f77c089e6c5da8a95e9ae1e5a890cecfd30731e8d831ef0fca","MATCH",""
"day03/Code/02_GD32F407_OTA_App/Library/I2C/I2C.c","projects/04-ota-control/application/course/Library/I2C/I2C.c","VERBATIM","e17605acea90ba6709874fba8efbacb31f105f013b10779679c71da5d3c988c2","e17605acea90ba6709874fba8efbacb31f105f013b10779679c71da5d3c988c2","MATCH",""
"day03/Code/02_GD32F407_OTA_App/Library/I2C/I2C.h","projects/04-ota-control/application/course/Library/I2C/I2C.h","VERBATIM","b3c4ab98d7a9c01fe9fcefd7c8d7fdf3d97964b8efaa14cb057ebb2466ed5008","b3c4ab98d7a9c01fe9fcefd7c8d7fdf3d97964b8efaa14cb057ebb2466ed5008","MATCH",""
"day03/Code/02_GD32F407_OTA_App/Library/I2C/I2C0.c","projects/04-ota-control/application/course/Library/I2C/I2C0.c","VERBATIM","09d1eb340eff2166230fc1727269ad8bdfdd9d69801ee72516fafd5a4ac09f4b","09d1eb340eff2166230fc1727269ad8bdfdd9d69801ee72516fafd5a4ac09f4b","MATCH",""
"day03/Code/02_GD32F407_OTA_App/Library/I2C/I2C0.h","projects/04-ota-control/application/course/Library/I2C/I2C0.h","VERBATIM","5381921337295aaa5f855220ff496d62baca4002cd4bdc8a8cd389901b73b567","5381921337295aaa5f855220ff496d62baca4002cd4bdc8a8cd389901b73b567","MATCH",""
"day03/Code/02_GD32F407_OTA_App/Library/SPI/SPI_config.h","projects/04-ota-control/application/course/Library/SPI/SPI_config.h","VERBATIM","6b4f4ed9a65f23ecc97f5b76e34de2340443cd32839f39c58dea84118106d8c4","6b4f4ed9a65f23ecc97f5b76e34de2340443cd32839f39c58dea84118106d8c4","MATCH",""
"day03/Code/02_GD32F407_OTA_App/Library/SPI/SPI.c","projects/04-ota-control/application/course/Library/SPI/SPI.c","VERBATIM","d38d366d8c40053915116a8bc6fc4c4667341dfc87efdba5a68cc852a0d9b504","d38d366d8c40053915116a8bc6fc4c4667341dfc87efdba5a68cc852a0d9b504","MATCH",""
"day03/Code/02_GD32F407_OTA_App/Library/SPI/SPI.h","projects/04-ota-control/application/course/Library/SPI/SPI.h","VERBATIM","228827808cd9e5fa9d40c5158c82258adb18cb347fbc9cc6ce45d4e7c15f5198","228827808cd9e5fa9d40c5158c82258adb18cb347fbc9cc6ce45d4e7c15f5198","MATCH",""
"day03/Code/02_GD32F407_OTA_App/Library/SPI/SPI0.c","projects/04-ota-control/application/course/Library/SPI/SPI0.c","VERBATIM","6df75c41548208431df0eb0a3841c7c908ca0a62f863f941239d99af51c4d239","6df75c41548208431df0eb0a3841c7c908ca0a62f863f941239d99af51c4d239","MATCH",""
"day03/Code/02_GD32F407_OTA_App/Library/SPI/SPI0.h","projects/04-ota-control/application/course/Library/SPI/SPI0.h","VERBATIM","6ac40fd0140c927fcec89fb8e544f668e9fef2565b3c59c80b7c178db0a0e5e5","6ac40fd0140c927fcec89fb8e544f668e9fef2565b3c59c80b7c178db0a0e5e5","MATCH",""
"day03/Code/02_GD32F407_OTA_App/Library/TIMER_config.h","projects/04-ota-control/application/course/Library/TIMER_config.h","VERBATIM","fd153a4b76c23071b2c8f861a8ce001764d262c45cfea8dc65a447e42b716210","fd153a4b76c23071b2c8f861a8ce001764d262c45cfea8dc65a447e42b716210","MATCH",""
"day03/Code/02_GD32F407_OTA_App/Library/TIMER.c","projects/04-ota-control/application/course/Library/TIMER.c","VERBATIM","e32690d22b9982482691676795f7ebf70e27ca01b1cf3ababa165c3e65c91a6a","e32690d22b9982482691676795f7ebf70e27ca01b1cf3ababa165c3e65c91a6a","MATCH",""
"day03/Code/02_GD32F407_OTA_App/Library/TIMER.h","projects/04-ota-control/application/course/Library/TIMER.h","VERBATIM","589b5271d5c286801849960b11984b42ab88089f55d2e9393e8469ec6c42664f","589b5271d5c286801849960b11984b42ab88089f55d2e9393e8469ec6c42664f","MATCH",""
"day03/Code/02_GD32F407_OTA_App/Library/USART/USART_config.h","projects/04-ota-control/application/course/Library/USART/USART_config.h","VERBATIM","30f96e44b1ff25337d8591f9db152aed2fccbde9b18de801e129e7ca3f675a1c","30f96e44b1ff25337d8591f9db152aed2fccbde9b18de801e129e7ca3f675a1c","MATCH",""
"day03/Code/02_GD32F407_OTA_App/Library/USART/USART.c","projects/04-ota-control/application/course/Library/USART/USART.c","VERBATIM","aa584fadbc19286ac5492e068dca7a93efa402c5652cccb0e563003b79a3b96b","aa584fadbc19286ac5492e068dca7a93efa402c5652cccb0e563003b79a3b96b","MATCH",""
"day03/Code/02_GD32F407_OTA_App/Library/USART/USART.h","projects/04-ota-control/application/course/Library/USART/USART.h","VERBATIM","4242ade6a29cc3dc938ca6ddb89905ee525fb8d0a9837323c7cd0f17d2d6dbfa","4242ade6a29cc3dc938ca6ddb89905ee525fb8d0a9837323c7cd0f17d2d6dbfa","MATCH",""
"day03/Code/02_GD32F407_OTA_App/Library/USART/USART0.c","projects/04-ota-control/application/course/Library/USART/USART0.c","VERBATIM","d30ec7e30aea5afc0b64062eebea846c587f95f76bfed493475d370dc33b37ef","d30ec7e30aea5afc0b64062eebea846c587f95f76bfed493475d370dc33b37ef","MATCH",""
"day03/Code/02_GD32F407_OTA_App/Library/USART/USART0.h","projects/04-ota-control/application/course/Library/USART/USART0.h","VERBATIM","58d96f267dbbc3582c0622526177c7d0eccef031019ef990796afccb44a908db","58d96f267dbbc3582c0622526177c7d0eccef031019ef990796afccb44a908db","MATCH",""
"day03/Code/02_GD32F407_OTA_App/Library/USART/USART1.c","projects/04-ota-control/application/course/Library/USART/USART1.c","VERBATIM","9a6de68381da651969320719756e612b82da20c772aa3b7c9e6df4871247ee57","9a6de68381da651969320719756e612b82da20c772aa3b7c9e6df4871247ee57","MATCH",""
"day03/Code/02_GD32F407_OTA_App/Library/USART/USART1.h","projects/04-ota-control/application/course/Library/USART/USART1.h","VERBATIM","613ec47204418fbbeb443a5c1567065bc07a487c386aec4f6756f84f46807866","613ec47204418fbbeb443a5c1567065bc07a487c386aec4f6756f84f46807866","MATCH",""
"day03/Code/02_GD32F407_OTA_App/Library/USART/USART2.c","projects/04-ota-control/application/course/Library/USART/USART2.c","VERBATIM","15980b5d2490768e6e53670f0772b0f41edd22173e0a032e13337ed10c7b29fd","15980b5d2490768e6e53670f0772b0f41edd22173e0a032e13337ed10c7b29fd","MATCH",""
"day03/Code/02_GD32F407_OTA_App/Library/USART/USART2.h","projects/04-ota-control/application/course/Library/USART/USART2.h","VERBATIM","942a178070b4ffc824c3ac3a5b41afd1451245f5b62ce5a22854bd5894c733bc","942a178070b4ffc824c3ac3a5b41afd1451245f5b62ce5a22854bd5894c733bc","MATCH",""
"day03/Code/02_GD32F407_OTA_App/Project/GD32F407.uvprojx","projects/04-ota-control/application/course/Project/GD32F407.uvprojx","VERBATIM","e236994f90ae2bfdd3380b5c571a1879ca017372b396c328158c0df28b86edcf","e236994f90ae2bfdd3380b5c571a1879ca017372b396c328158c0df28b86edcf","MATCH",""
"day03/Code/02_GD32F407_OTA_App/User/delay.c","projects/04-ota-control/application/course/User/delay.c","VERBATIM","9925ebb469b96f3a6959ece35a3f473d3cdf2b01b2bb6ceb2eef02a506d4bdb1","9925ebb469b96f3a6959ece35a3f473d3cdf2b01b2bb6ceb2eef02a506d4bdb1","MATCH",""
"day03/Code/02_GD32F407_OTA_App/User/delay.h","projects/04-ota-control/application/course/User/delay.h","VERBATIM","f02fdf3663241e68dae0737394a6f99048394dc8a4e261537e933ab9bc179640","f02fdf3663241e68dae0737394a6f99048394dc8a4e261537e933ab9bc179640","MATCH",""
"day03/Code/02_GD32F407_OTA_App/User/gd32f4xx_it.c","projects/04-ota-control/application/course/User/gd32f4xx_it.c","VERBATIM","5be8e65b392a41354e513056974d1869598af02739a7ce6419e611d6aa3979c6","5be8e65b392a41354e513056974d1869598af02739a7ce6419e611d6aa3979c6","MATCH",""
"day03/Code/02_GD32F407_OTA_App/User/gd32f4xx_it.h","projects/04-ota-control/application/course/User/gd32f4xx_it.h","VERBATIM","b4995762ae5ceb7125cc9720cea7e2bad8640c23b87ed1856d9b8a380a5fc8c3","b4995762ae5ceb7125cc9720cea7e2bad8640c23b87ed1856d9b8a380a5fc8c3","MATCH",""
"day03/Code/02_GD32F407_OTA_App/User/gd32f4xx_libopt.h","projects/04-ota-control/application/course/User/gd32f4xx_libopt.h","VERBATIM","702c6d85987bcdddd363a8412c5806255f6c746065da984eb21896c5ddd6bf09","702c6d85987bcdddd363a8412c5806255f6c746065da984eb21896c5ddd6bf09","MATCH",""
"day03/Code/02_GD32F407_OTA_App/User/main.c","projects/04-ota-control/application/course/User/main.c","VERBATIM","5513d040989bd876f012a15758463c51fed02b2810c119aa9ce6060fdd3b4079","5513d040989bd876f012a15758463c51fed02b2810c119aa9ce6060fdd3b4079","MATCH",""
"day03/Code/02_GD32F407_OTA_App/User/main.h","projects/04-ota-control/application/course/User/main.h","VERBATIM","724b8affcda9984a7b0f94ac7a7bb1005015ac3ca9e2cf59e5bff08b58ceafd1","724b8affcda9984a7b0f94ac7a7bb1005015ac3ca9e2cf59e5bff08b58ceafd1","MATCH",""
"day03/Code/02_GD32F407_OTA_App/User/readme.txt","projects/04-ota-control/application/course/User/readme.txt","VERBATIM","a45bd1e14d470b46be2d57c9d35147e41204556cc4bb4e25ea3c7b6b424a0b7c","a45bd1e14d470b46be2d57c9d35147e41204556cc4bb4e25ea3c7b6b424a0b7c","MATCH",""
"day03/Code/02_GD32F407_OTA_App/User/systick.c","projects/04-ota-control/application/course/User/systick.c","VERBATIM","b7a57d03574f32f406f1fc6f8550f307bf375aba0c55a3de7d60b64b9386fdc4","b7a57d03574f32f406f1fc6f8550f307bf375aba0c55a3de7d60b64b9386fdc4","MATCH",""
"day03/Code/02_GD32F407_OTA_App/User/systick.h","projects/04-ota-control/application/course/User/systick.h","VERBATIM","5580528d247975a5db2bacc5391df3847eece7656869232342269eba054eabab","5580528d247975a5db2bacc5391df3847eece7656869232342269eba054eabab","MATCH",""
"day03/Code/02_GD32F407_OTA_App/User/tasks_timer.c","projects/04-ota-control/application/course/User/tasks_timer.c","VERBATIM","20cd7c8fe774a010f6602f4c5b452b70968b28441b6a77a22c14a4ce5b0db716","20cd7c8fe774a010f6602f4c5b452b70968b28441b6a77a22c14a4ce5b0db716","MATCH",""
"day03/Code/02_GD32F407_OTA_App/User/tasks_timer.h","projects/04-ota-control/application/course/User/tasks_timer.h","VERBATIM","0a2c8613335ff4f98ea42a36582ae288e03df75c445cfeae105995e1325757b9","0a2c8613335ff4f98ea42a36582ae288e03df75c445cfeae105995e1325757b9","MATCH",""
"day03/Code/02_GD32F407_OTA_App/User/tasks.c","projects/04-ota-control/application/course/User/tasks.c","VERBATIM","1612fcdee5c7fe244dc948dc02a07e8caf6f9bdf3966e9f1a0440e499b02cae0","1612fcdee5c7fe244dc948dc02a07e8caf6f9bdf3966e9f1a0440e499b02cae0","MATCH",""
"day03/Code/02_GD32F407_OTA_App/User/tasks.h","projects/04-ota-control/application/course/User/tasks.h","VERBATIM","79e5a9d6f8ba5ac1619e6795b645839801b438b83c738810ba4a7078b156d975","79e5a9d6f8ba5ac1619e6795b645839801b438b83c738810ba4a7078b156d975","MATCH",""
"day05/Code/Code/01_GD32F407_OTA_App/App/App_Input.c","projects/05-mqtt-ota-system/application/course/App/App_Input.c","VERBATIM","fdeff892e0f949c4b436731587dbeaa664729725992d096cb7916f63afb4feef","fdeff892e0f949c4b436731587dbeaa664729725992d096cb7916f63afb4feef","MATCH",""
"day05/Code/Code/01_GD32F407_OTA_App/App/App_OTA.c","projects/05-mqtt-ota-system/application/course/App/App_OTA.c","VERBATIM","cb57b786aae6b0a0209bcb8a2978a2e9c0e3ad4c1d9db0556a0ad28bb18de7bd","cb57b786aae6b0a0209bcb8a2978a2e9c0e3ad4c1d9db0556a0ad28bb18de7bd","MATCH",""
"day05/Code/Code/01_GD32F407_OTA_App/App/App_Wifi.c","projects/05-mqtt-ota-system/application/course/App/App_Wifi.c","SANITIZED_DERIVATIVE","df339b18fbb6a1760a29308a981a73c0a171185733983916d610eaea6d213594","43832bb6b8a1fefd0a3de6e3762cafb58f5be0a5ab94a12623b263a039a79cf9","EXPECTED_DIFFERENCE","CREDENTIAL_REDACTION"
"day05/Code/Code/01_GD32F407_OTA_App/App/App.h","projects/05-mqtt-ota-system/application/course/App/App.h","VERBATIM","5e3c44950101a040e3ba5572b6dad455e782e70216d506909b430ba18ffde298","5e3c44950101a040e3ba5572b6dad455e782e70216d506909b430ba18ffde298","MATCH",""
"day05/Code/Code/01_GD32F407_OTA_App/App/tasks_app.c","projects/05-mqtt-ota-system/application/course/App/tasks_app.c","VERBATIM","3fe9cbe826847af3bcd77ec124e1532e2b9affc2bce5d9f956eda7fdb728daf5","3fe9cbe826847af3bcd77ec124e1532e2b9affc2bce5d9f956eda7fdb728daf5","MATCH",""
"day05/Code/Code/01_GD32F407_OTA_App/Common/flash_drv.c","projects/05-mqtt-ota-system/application/course/Common/flash_drv.c","VERBATIM","d1ef57fcadeec305daed044553063a66503f50df5dc793312e5b356ec10178ac","d1ef57fcadeec305daed044553063a66503f50df5dc793312e5b356ec10178ac","MATCH",""
"day05/Code/Code/01_GD32F407_OTA_App/Common/flash_drv.h","projects/05-mqtt-ota-system/application/course/Common/flash_drv.h","VERBATIM","f836e745ed922e0c1850aa8814fbb267218cd496be5cd7acef62b2e4d0144df0","f836e745ed922e0c1850aa8814fbb267218cd496be5cd7acef62b2e4d0144df0","MATCH",""
"day05/Code/Code/01_GD32F407_OTA_App/Common/fmc_operation.c","projects/05-mqtt-ota-system/application/course/Common/fmc_operation.c","VERBATIM","996936d0d884172b36d96e9155f713489d099770f22b2f8d4ddbc7c9226c3c33","996936d0d884172b36d96e9155f713489d099770f22b2f8d4ddbc7c9226c3c33","MATCH",""
"day05/Code/Code/01_GD32F407_OTA_App/Common/fmc_operation.h","projects/05-mqtt-ota-system/application/course/Common/fmc_operation.h","VERBATIM","3fc83074fa0df26c416ed8f0485d7cc88d8973c837ab24089723a7938f9bd1ce","3fc83074fa0df26c416ed8f0485d7cc88d8973c837ab24089723a7938f9bd1ce","MATCH",""
"day05/Code/Code/01_GD32F407_OTA_App/Common/iap_driver.c","projects/05-mqtt-ota-system/application/course/Common/iap_driver.c","VERBATIM","b05c3081daace61a8ac10e64aa7549b650073dea73f52b41f694c1eaf2d922c5","b05c3081daace61a8ac10e64aa7549b650073dea73f52b41f694c1eaf2d922c5","MATCH",""
"day05/Code/Code/01_GD32F407_OTA_App/Common/iap_driver.h","projects/05-mqtt-ota-system/application/course/Common/iap_driver.h","VERBATIM","4273f301579da4a08b761839f4653812337d8514feb209e204c40396df39f1ab","4273f301579da4a08b761839f4653812337d8514feb209e204c40396df39f1ab","MATCH",""
"day05/Code/Code/01_GD32F407_OTA_App/Common/store_app.c","projects/05-mqtt-ota-system/application/course/Common/store_app.c","VERBATIM","7806ff295caba02fe715c7954a9259d9dace9304651b6147f05a5ec8b0ecda17","7806ff295caba02fe715c7954a9259d9dace9304651b6147f05a5ec8b0ecda17","MATCH",""
"day05/Code/Code/01_GD32F407_OTA_App/Common/store_app.h","projects/05-mqtt-ota-system/application/course/Common/store_app.h","VERBATIM","99d35dae12b9bbb8b2fc9747fb32fd020a444b794c63ad4f87e51b5908000115","99d35dae12b9bbb8b2fc9747fb32fd020a444b794c63ad4f87e51b5908000115","MATCH",""
"day05/Code/Code/01_GD32F407_OTA_App/Common/wifi_drv.c","projects/05-mqtt-ota-system/application/course/Common/wifi_drv.c","VERBATIM","4f562d6ac0a0bd4533b1b92845bd5a5e5a0f9a2fa2aa4204f9e3b2f947172337","4f562d6ac0a0bd4533b1b92845bd5a5e5a0f9a2fa2aa4204f9e3b2f947172337","MATCH",""
"day05/Code/Code/01_GD32F407_OTA_App/Common/wifi_drv.h","projects/05-mqtt-ota-system/application/course/Common/wifi_drv.h","VERBATIM","288ea96c2335bad7193c95456cb6be152506b9f6df2a33a4c5c3e2f5ba832c92","288ea96c2335bad7193c95456cb6be152506b9f6df2a33a4c5c3e2f5ba832c92","MATCH",""
"day05/Code/Code/01_GD32F407_OTA_App/Firmware/CMSIS/core_cm4_simd.h","projects/05-mqtt-ota-system/application/course/Firmware/CMSIS/core_cm4_simd.h","VERBATIM","0c2a0c2d66c7791b82ca19d10336c96518830ef359f6bfd9da7477bc2cbccbbb","0c2a0c2d66c7791b82ca19d10336c96518830ef359f6bfd9da7477bc2cbccbbb","MATCH",""
"day05/Code/Code/01_GD32F407_OTA_App/Firmware/CMSIS/core_cm4.h","projects/05-mqtt-ota-system/application/course/Firmware/CMSIS/core_cm4.h","VERBATIM","4756546e1449d17b1a7dee2f3307f2c92c9f1d669c3f5dfc3ee1dec8aee9a8f7","4756546e1449d17b1a7dee2f3307f2c92c9f1d669c3f5dfc3ee1dec8aee9a8f7","MATCH",""
"day05/Code/Code/01_GD32F407_OTA_App/Firmware/CMSIS/core_cmFunc.h","projects/05-mqtt-ota-system/application/course/Firmware/CMSIS/core_cmFunc.h","VERBATIM","5075ff67c8e264b83d9b391c07c6512e26abbc189e321de0d8b4375476980e5e","5075ff67c8e264b83d9b391c07c6512e26abbc189e321de0d8b4375476980e5e","MATCH",""
"day05/Code/Code/01_GD32F407_OTA_App/Firmware/CMSIS/core_cmInstr.h","projects/05-mqtt-ota-system/application/course/Firmware/CMSIS/core_cmInstr.h","VERBATIM","c35ddca16ca04646dc70acf2d592ad9eaeaaecd8125a32abb710069648266eb5","c35ddca16ca04646dc70acf2d592ad9eaeaaecd8125a32abb710069648266eb5","MATCH",""
"day05/Code/Code/01_GD32F407_OTA_App/Firmware/CMSIS/GD/GD32F4xx/Include/gd32f4xx.h","projects/05-mqtt-ota-system/application/course/Firmware/CMSIS/GD/GD32F4xx/Include/gd32f4xx.h","VERBATIM","96f1f6884c9885d32df760a385ca0b5e8e9b20c066f71b946771a00503623a62","96f1f6884c9885d32df760a385ca0b5e8e9b20c066f71b946771a00503623a62","MATCH",""
"day05/Code/Code/01_GD32F407_OTA_App/Firmware/CMSIS/GD/GD32F4xx/Include/system_gd32f4xx.h","projects/05-mqtt-ota-system/application/course/Firmware/CMSIS/GD/GD32F4xx/Include/system_gd32f4xx.h","VERBATIM","98ef2dd6dd7f6d2542c4d5ca83e9869be3630b43300cb9ab453703e4277913bd","98ef2dd6dd7f6d2542c4d5ca83e9869be3630b43300cb9ab453703e4277913bd","MATCH",""
"day05/Code/Code/01_GD32F407_OTA_App/Firmware/CMSIS/GD/GD32F4xx/Source/ARM/startup_gd32f405_425.s","projects/05-mqtt-ota-system/application/course/Firmware/CMSIS/GD/GD32F4xx/Source/ARM/startup_gd32f405_425.s","VERBATIM","aef6290f6950c0b7fb922fd12b91b3fc34ada707a6846aa5d7a1277fdd50fbd9","aef6290f6950c0b7fb922fd12b91b3fc34ada707a6846aa5d7a1277fdd50fbd9","MATCH",""
"day05/Code/Code/01_GD32F407_OTA_App/Firmware/CMSIS/GD/GD32F4xx/Source/ARM/startup_gd32f407_427.s","projects/05-mqtt-ota-system/application/course/Firmware/CMSIS/GD/GD32F4xx/Source/ARM/startup_gd32f407_427.s","VERBATIM","8bd565510812682bb78eabde21966437e355651d87969df804bb7a03f6a1966c","8bd565510812682bb78eabde21966437e355651d87969df804bb7a03f6a1966c","MATCH",""
"day05/Code/Code/01_GD32F407_OTA_App/Firmware/CMSIS/GD/GD32F4xx/Source/ARM/startup_gd32f450_470.s","projects/05-mqtt-ota-system/application/course/Firmware/CMSIS/GD/GD32F4xx/Source/ARM/startup_gd32f450_470.s","VERBATIM","a4e9852ba47aad025de9645d067fab33dda87b8e82dea6d77b3364f902345299","a4e9852ba47aad025de9645d067fab33dda87b8e82dea6d77b3364f902345299","MATCH",""
"day05/Code/Code/01_GD32F407_OTA_App/Firmware/CMSIS/GD/GD32F4xx/Source/IAR/startup_gd32f405_425.s","projects/05-mqtt-ota-system/application/course/Firmware/CMSIS/GD/GD32F4xx/Source/IAR/startup_gd32f405_425.s","VERBATIM","70e76c6ad0182a5682773261e308008bc1102c09839605a0e058851173026836","70e76c6ad0182a5682773261e308008bc1102c09839605a0e058851173026836","MATCH",""
"day05/Code/Code/01_GD32F407_OTA_App/Firmware/CMSIS/GD/GD32F4xx/Source/IAR/startup_gd32f407_427.s","projects/05-mqtt-ota-system/application/course/Firmware/CMSIS/GD/GD32F4xx/Source/IAR/startup_gd32f407_427.s","VERBATIM","550d6ca54de7f8fcb2791aaf9141666ba15978c55017fa6798bf0ca80a2864c6","550d6ca54de7f8fcb2791aaf9141666ba15978c55017fa6798bf0ca80a2864c6","MATCH",""
"day05/Code/Code/01_GD32F407_OTA_App/Firmware/CMSIS/GD/GD32F4xx/Source/IAR/startup_gd32f450_470.s","projects/05-mqtt-ota-system/application/course/Firmware/CMSIS/GD/GD32F4xx/Source/IAR/startup_gd32f450_470.s","VERBATIM","ee6654f1d551c6937d014fe943342b0395a32076e5ac8dd688c600eacb9bd343","ee6654f1d551c6937d014fe943342b0395a32076e5ac8dd688c600eacb9bd343","MATCH",""
"day05/Code/Code/01_GD32F407_OTA_App/Firmware/CMSIS/GD/GD32F4xx/Source/system_gd32f4xx.c","projects/05-mqtt-ota-system/application/course/Firmware/CMSIS/GD/GD32F4xx/Source/system_gd32f4xx.c","VERBATIM","8f66a123756716cf74297a7b54eec616f230cbbc37dfb60f21bf05d1bc070836","8f66a123756716cf74297a7b54eec616f230cbbc37dfb60f21bf05d1bc070836","MATCH",""
"day05/Code/Code/01_GD32F407_OTA_App/Firmware/GD32F4xx_standard_peripheral/Include/gd32f4xx_adc.h","projects/05-mqtt-ota-system/application/course/Firmware/GD32F4xx_standard_peripheral/Include/gd32f4xx_adc.h","VERBATIM","d6b41e007f1ee95e5fa1b495f94924f7e6166439fbf3e9234a26b5fa6c32f1de","d6b41e007f1ee95e5fa1b495f94924f7e6166439fbf3e9234a26b5fa6c32f1de","MATCH",""
"day05/Code/Code/01_GD32F407_OTA_App/Firmware/GD32F4xx_standard_peripheral/Include/gd32f4xx_can.h","projects/05-mqtt-ota-system/application/course/Firmware/GD32F4xx_standard_peripheral/Include/gd32f4xx_can.h","VERBATIM","62a96066d7b8a1cef45ab4092fce5058b962050eb1c9e4b3585f0e19b9f30578","62a96066d7b8a1cef45ab4092fce5058b962050eb1c9e4b3585f0e19b9f30578","MATCH",""
"day05/Code/Code/01_GD32F407_OTA_App/Firmware/GD32F4xx_standard_peripheral/Include/gd32f4xx_crc.h","projects/05-mqtt-ota-system/application/course/Firmware/GD32F4xx_standard_peripheral/Include/gd32f4xx_crc.h","VERBATIM","4870f145aeec968f3a7a0a5068105591e1adeb9a37a5e47fdcc9d27d7d3afbd6","4870f145aeec968f3a7a0a5068105591e1adeb9a37a5e47fdcc9d27d7d3afbd6","MATCH",""
"day05/Code/Code/01_GD32F407_OTA_App/Firmware/GD32F4xx_standard_peripheral/Include/gd32f4xx_ctc.h","projects/05-mqtt-ota-system/application/course/Firmware/GD32F4xx_standard_peripheral/Include/gd32f4xx_ctc.h","VERBATIM","900ab7d5f9c585834166a58966c8d523ff91d410066d00bbed3e6522c25782d7","900ab7d5f9c585834166a58966c8d523ff91d410066d00bbed3e6522c25782d7","MATCH",""
"day05/Code/Code/01_GD32F407_OTA_App/Firmware/GD32F4xx_standard_peripheral/Include/gd32f4xx_dac.h","projects/05-mqtt-ota-system/application/course/Firmware/GD32F4xx_standard_peripheral/Include/gd32f4xx_dac.h","VERBATIM","86057cc0c52a32f955a12f47aba1e4997ac2daba13b10a686d8777579f638afb","86057cc0c52a32f955a12f47aba1e4997ac2daba13b10a686d8777579f638afb","MATCH",""
"day05/Code/Code/01_GD32F407_OTA_App/Firmware/GD32F4xx_standard_peripheral/Include/gd32f4xx_dbg.h","projects/05-mqtt-ota-system/application/course/Firmware/GD32F4xx_standard_peripheral/Include/gd32f4xx_dbg.h","VERBATIM","21a089b5880f1d101116bd37eaac7a085a103901a40900e75941130d901b150e","21a089b5880f1d101116bd37eaac7a085a103901a40900e75941130d901b150e","MATCH",""
"day05/Code/Code/01_GD32F407_OTA_App/Firmware/GD32F4xx_standard_peripheral/Include/gd32f4xx_dci.h","projects/05-mqtt-ota-system/application/course/Firmware/GD32F4xx_standard_peripheral/Include/gd32f4xx_dci.h","VERBATIM","787f449f0b2eba5bbcc92b0d50899fa668cea6ed9ccab3960eba0b2253cc7748","787f449f0b2eba5bbcc92b0d50899fa668cea6ed9ccab3960eba0b2253cc7748","MATCH",""
"day05/Code/Code/01_GD32F407_OTA_App/Firmware/GD32F4xx_standard_peripheral/Include/gd32f4xx_dma.h","projects/05-mqtt-ota-system/application/course/Firmware/GD32F4xx_standard_peripheral/Include/gd32f4xx_dma.h","VERBATIM","f358957ebf98c4c449480a088e349cdac2716394c24fa4111de08b06fcdc5094","f358957ebf98c4c449480a088e349cdac2716394c24fa4111de08b06fcdc5094","MATCH",""
"day05/Code/Code/01_GD32F407_OTA_App/Firmware/GD32F4xx_standard_peripheral/Include/gd32f4xx_enet.h","projects/05-mqtt-ota-system/application/course/Firmware/GD32F4xx_standard_peripheral/Include/gd32f4xx_enet.h","VERBATIM","2bdbc2be9b0e3ba398deeab38021442a2cfeedff21fc353cf3b16c717a2cdf9b","2bdbc2be9b0e3ba398deeab38021442a2cfeedff21fc353cf3b16c717a2cdf9b","MATCH",""
"day05/Code/Code/01_GD32F407_OTA_App/Firmware/GD32F4xx_standard_peripheral/Include/gd32f4xx_exmc.h","projects/05-mqtt-ota-system/application/course/Firmware/GD32F4xx_standard_peripheral/Include/gd32f4xx_exmc.h","VERBATIM","68482b678dd868085a6be6317eec18873d43f895936e503487e843e561a0d55e","68482b678dd868085a6be6317eec18873d43f895936e503487e843e561a0d55e","MATCH",""
"day05/Code/Code/01_GD32F407_OTA_App/Firmware/GD32F4xx_standard_peripheral/Include/gd32f4xx_exti.h","projects/05-mqtt-ota-system/application/course/Firmware/GD32F4xx_standard_peripheral/Include/gd32f4xx_exti.h","VERBATIM","705948f029f63a5995d9849a60e417d6210ece34c8e942c76a2d4e7a2b927426","705948f029f63a5995d9849a60e417d6210ece34c8e942c76a2d4e7a2b927426","MATCH",""
"day05/Code/Code/01_GD32F407_OTA_App/Firmware/GD32F4xx_standard_peripheral/Include/gd32f4xx_fmc.h","projects/05-mqtt-ota-system/application/course/Firmware/GD32F4xx_standard_peripheral/Include/gd32f4xx_fmc.h","VERBATIM","5a5d9f0b1ce1e7486206130f80048f81a6d3e9e6337bf0a4c69d4a1d5edc9f7e","5a5d9f0b1ce1e7486206130f80048f81a6d3e9e6337bf0a4c69d4a1d5edc9f7e","MATCH",""
"day05/Code/Code/01_GD32F407_OTA_App/Firmware/GD32F4xx_standard_peripheral/Include/gd32f4xx_fwdgt.h","projects/05-mqtt-ota-system/application/course/Firmware/GD32F4xx_standard_peripheral/Include/gd32f4xx_fwdgt.h","VERBATIM","04cb4ee0d6526910cf9ca8befc437fc6df3fdfe09fb0bc418ab7ea5c19611a50","04cb4ee0d6526910cf9ca8befc437fc6df3fdfe09fb0bc418ab7ea5c19611a50","MATCH",""
"day05/Code/Code/01_GD32F407_OTA_App/Firmware/GD32F4xx_standard_peripheral/Include/gd32f4xx_gpio.h","projects/05-mqtt-ota-system/application/course/Firmware/GD32F4xx_standard_peripheral/Include/gd32f4xx_gpio.h","VERBATIM","a20501a28644bf45b8e3c4ab2a7237466805c1480b06e7d6c8585296d7f08787","a20501a28644bf45b8e3c4ab2a7237466805c1480b06e7d6c8585296d7f08787","MATCH",""
"day05/Code/Code/01_GD32F407_OTA_App/Firmware/GD32F4xx_standard_peripheral/Include/gd32f4xx_i2c.h","projects/05-mqtt-ota-system/application/course/Firmware/GD32F4xx_standard_peripheral/Include/gd32f4xx_i2c.h","VERBATIM","6cf4053e2452263cdfcb98da0832ce1f2f1b0380c1bea5d4284c1df0d5cbbb05","6cf4053e2452263cdfcb98da0832ce1f2f1b0380c1bea5d4284c1df0d5cbbb05","MATCH",""
"day05/Code/Code/01_GD32F407_OTA_App/Firmware/GD32F4xx_standard_peripheral/Include/gd32f4xx_ipa.h","projects/05-mqtt-ota-system/application/course/Firmware/GD32F4xx_standard_peripheral/Include/gd32f4xx_ipa.h","VERBATIM","1ad22068402e09bae4117e637ed972fcd7452751ccbe01c7829aea7df45ae8ae","1ad22068402e09bae4117e637ed972fcd7452751ccbe01c7829aea7df45ae8ae","MATCH",""
"day05/Code/Code/01_GD32F407_OTA_App/Firmware/GD32F4xx_standard_peripheral/Include/gd32f4xx_iref.h","projects/05-mqtt-ota-system/application/course/Firmware/GD32F4xx_standard_peripheral/Include/gd32f4xx_iref.h","VERBATIM","d9d1e67fd4473f44b2f7e22bb78c3dfa9b5109d083af1b0fdc63ec657b241c4a","d9d1e67fd4473f44b2f7e22bb78c3dfa9b5109d083af1b0fdc63ec657b241c4a","MATCH",""
"day05/Code/Code/01_GD32F407_OTA_App/Firmware/GD32F4xx_standard_peripheral/Include/gd32f4xx_misc.h","projects/05-mqtt-ota-system/application/course/Firmware/GD32F4xx_standard_peripheral/Include/gd32f4xx_misc.h","VERBATIM","0a918f830f0200c0e806dfb50594259783e69d8adbc27708705567f7193d35fb","0a918f830f0200c0e806dfb50594259783e69d8adbc27708705567f7193d35fb","MATCH",""
"day05/Code/Code/01_GD32F407_OTA_App/Firmware/GD32F4xx_standard_peripheral/Include/gd32f4xx_pmu.h","projects/05-mqtt-ota-system/application/course/Firmware/GD32F4xx_standard_peripheral/Include/gd32f4xx_pmu.h","VERBATIM","b9a72b6e42083efd170c0c5fbe579c5d6417f9bbf674db36041be96fcbd84636","b9a72b6e42083efd170c0c5fbe579c5d6417f9bbf674db36041be96fcbd84636","MATCH",""
"day05/Code/Code/01_GD32F407_OTA_App/Firmware/GD32F4xx_standard_peripheral/Include/gd32f4xx_rcu.h","projects/05-mqtt-ota-system/application/course/Firmware/GD32F4xx_standard_peripheral/Include/gd32f4xx_rcu.h","VERBATIM","ac2b2ae653edc89e674eda24e1cfe8b511b73984ae0cabed3df60ba61f8eef08","ac2b2ae653edc89e674eda24e1cfe8b511b73984ae0cabed3df60ba61f8eef08","MATCH",""
"day05/Code/Code/01_GD32F407_OTA_App/Firmware/GD32F4xx_standard_peripheral/Include/gd32f4xx_rtc.h","projects/05-mqtt-ota-system/application/course/Firmware/GD32F4xx_standard_peripheral/Include/gd32f4xx_rtc.h","VERBATIM","1798b1b495683096d4491cf0f854957d2ad60612f65a801ed0e7a4bee49fa549","1798b1b495683096d4491cf0f854957d2ad60612f65a801ed0e7a4bee49fa549","MATCH",""
"day05/Code/Code/01_GD32F407_OTA_App/Firmware/GD32F4xx_standard_peripheral/Include/gd32f4xx_sdio.h","projects/05-mqtt-ota-system/application/course/Firmware/GD32F4xx_standard_peripheral/Include/gd32f4xx_sdio.h","VERBATIM","8d6813efc565e3085611d767ea4e670e0c76a256c6f17fc93f313bcb11d0385a","8d6813efc565e3085611d767ea4e670e0c76a256c6f17fc93f313bcb11d0385a","MATCH",""
"day05/Code/Code/01_GD32F407_OTA_App/Firmware/GD32F4xx_standard_peripheral/Include/gd32f4xx_spi.h","projects/05-mqtt-ota-system/application/course/Firmware/GD32F4xx_standard_peripheral/Include/gd32f4xx_spi.h","VERBATIM","4c6360c8fe58d4a38e4870bcba17630857551d3ec7b4bd3ddeb5085c31240b1c","4c6360c8fe58d4a38e4870bcba17630857551d3ec7b4bd3ddeb5085c31240b1c","MATCH",""
"day05/Code/Code/01_GD32F407_OTA_App/Firmware/GD32F4xx_standard_peripheral/Include/gd32f4xx_syscfg.h","projects/05-mqtt-ota-system/application/course/Firmware/GD32F4xx_standard_peripheral/Include/gd32f4xx_syscfg.h","VERBATIM","5060fef0a07a3fc1396a31f09f95fe1d134f8a1fb1581e3dd98bb6078108c447","5060fef0a07a3fc1396a31f09f95fe1d134f8a1fb1581e3dd98bb6078108c447","MATCH",""
"day05/Code/Code/01_GD32F407_OTA_App/Firmware/GD32F4xx_standard_peripheral/Include/gd32f4xx_timer.h","projects/05-mqtt-ota-system/application/course/Firmware/GD32F4xx_standard_peripheral/Include/gd32f4xx_timer.h","VERBATIM","7a79f81f1d862a1b49f23bfe05b1ac751a71e761b6e63c2dffabe6c7bc69ac49","7a79f81f1d862a1b49f23bfe05b1ac751a71e761b6e63c2dffabe6c7bc69ac49","MATCH",""
"day05/Code/Code/01_GD32F407_OTA_App/Firmware/GD32F4xx_standard_peripheral/Include/gd32f4xx_tli.h","projects/05-mqtt-ota-system/application/course/Firmware/GD32F4xx_standard_peripheral/Include/gd32f4xx_tli.h","VERBATIM","1b94ea157ac8ce2fed962b0c4ff95b6702c6194300aa51b04c3aafe493768d2a","1b94ea157ac8ce2fed962b0c4ff95b6702c6194300aa51b04c3aafe493768d2a","MATCH",""
"day05/Code/Code/01_GD32F407_OTA_App/Firmware/GD32F4xx_standard_peripheral/Include/gd32f4xx_trng.h","projects/05-mqtt-ota-system/application/course/Firmware/GD32F4xx_standard_peripheral/Include/gd32f4xx_trng.h","VERBATIM","91e2bb5affefa65f90927fad795faa0f4204516284eca38e461506f0cd9ca924","91e2bb5affefa65f90927fad795faa0f4204516284eca38e461506f0cd9ca924","MATCH",""
"day05/Code/Code/01_GD32F407_OTA_App/Firmware/GD32F4xx_standard_peripheral/Include/gd32f4xx_usart.h","projects/05-mqtt-ota-system/application/course/Firmware/GD32F4xx_standard_peripheral/Include/gd32f4xx_usart.h","VERBATIM","6cf40e957a1216c99e3663d667de1944c42272897011834bf20adcd97e791074","6cf40e957a1216c99e3663d667de1944c42272897011834bf20adcd97e791074","MATCH",""
"day05/Code/Code/01_GD32F407_OTA_App/Firmware/GD32F4xx_standard_peripheral/Include/gd32f4xx_wwdgt.h","projects/05-mqtt-ota-system/application/course/Firmware/GD32F4xx_standard_peripheral/Include/gd32f4xx_wwdgt.h","VERBATIM","01eecfc98b4507aeb8f0afbe7d994ea0a617a79e5d4eb2d1d4a85979ba014efe","01eecfc98b4507aeb8f0afbe7d994ea0a617a79e5d4eb2d1d4a85979ba014efe","MATCH",""
"day05/Code/Code/01_GD32F407_OTA_App/Firmware/GD32F4xx_standard_peripheral/Source/gd32f4xx_adc.c","projects/05-mqtt-ota-system/application/course/Firmware/GD32F4xx_standard_peripheral/Source/gd32f4xx_adc.c","VERBATIM","8a5c91ec7a397b53efd086646674d273ece00f36c9610ab50715fe1521ba4112","8a5c91ec7a397b53efd086646674d273ece00f36c9610ab50715fe1521ba4112","MATCH",""
"day05/Code/Code/01_GD32F407_OTA_App/Firmware/GD32F4xx_standard_peripheral/Source/gd32f4xx_can.c","projects/05-mqtt-ota-system/application/course/Firmware/GD32F4xx_standard_peripheral/Source/gd32f4xx_can.c","VERBATIM","ce0e343b00856972eabaccc1f4d88c051796a8d1e30c4596312fc29a533db8ba","ce0e343b00856972eabaccc1f4d88c051796a8d1e30c4596312fc29a533db8ba","MATCH",""
"day05/Code/Code/01_GD32F407_OTA_App/Firmware/GD32F4xx_standard_peripheral/Source/gd32f4xx_crc.c","projects/05-mqtt-ota-system/application/course/Firmware/GD32F4xx_standard_peripheral/Source/gd32f4xx_crc.c","VERBATIM","c14034159e72e082aa70e2a8cba60ffcf950b63d75ae467706632f32ec00f315","c14034159e72e082aa70e2a8cba60ffcf950b63d75ae467706632f32ec00f315","MATCH",""
"day05/Code/Code/01_GD32F407_OTA_App/Firmware/GD32F4xx_standard_peripheral/Source/gd32f4xx_ctc.c","projects/05-mqtt-ota-system/application/course/Firmware/GD32F4xx_standard_peripheral/Source/gd32f4xx_ctc.c","VERBATIM","07f4a6385c6ffb2e18ecf95daae6a431fb91262fa988835a249a64f4002280a1","07f4a6385c6ffb2e18ecf95daae6a431fb91262fa988835a249a64f4002280a1","MATCH",""
"day05/Code/Code/01_GD32F407_OTA_App/Firmware/GD32F4xx_standard_peripheral/Source/gd32f4xx_dac.c","projects/05-mqtt-ota-system/application/course/Firmware/GD32F4xx_standard_peripheral/Source/gd32f4xx_dac.c","VERBATIM","ace5c99f1e2774d955ca4e4d5d6e81b2d831f718098487ea3e8c2c34c960e160","ace5c99f1e2774d955ca4e4d5d6e81b2d831f718098487ea3e8c2c34c960e160","MATCH",""
"day05/Code/Code/01_GD32F407_OTA_App/Firmware/GD32F4xx_standard_peripheral/Source/gd32f4xx_dbg.c","projects/05-mqtt-ota-system/application/course/Firmware/GD32F4xx_standard_peripheral/Source/gd32f4xx_dbg.c","VERBATIM","6eec659fd6b5c549226bae8e9c9c78785b064d557434189bb221287d550fe291","6eec659fd6b5c549226bae8e9c9c78785b064d557434189bb221287d550fe291","MATCH",""
"day05/Code/Code/01_GD32F407_OTA_App/Firmware/GD32F4xx_standard_peripheral/Source/gd32f4xx_dci.c","projects/05-mqtt-ota-system/application/course/Firmware/GD32F4xx_standard_peripheral/Source/gd32f4xx_dci.c","VERBATIM","b99613d9a21a02dd39117f30b9a488b859209ab3489dcfde7361d147cdf76516","b99613d9a21a02dd39117f30b9a488b859209ab3489dcfde7361d147cdf76516","MATCH",""
"day05/Code/Code/01_GD32F407_OTA_App/Firmware/GD32F4xx_standard_peripheral/Source/gd32f4xx_dma.c","projects/05-mqtt-ota-system/application/course/Firmware/GD32F4xx_standard_peripheral/Source/gd32f4xx_dma.c","VERBATIM","2d943a169ababcc22cbc6c41665f5ce375c30b63005954e1d34bb3218cb63faf","2d943a169ababcc22cbc6c41665f5ce375c30b63005954e1d34bb3218cb63faf","MATCH",""
"day05/Code/Code/01_GD32F407_OTA_App/Firmware/GD32F4xx_standard_peripheral/Source/gd32f4xx_enet.c","projects/05-mqtt-ota-system/application/course/Firmware/GD32F4xx_standard_peripheral/Source/gd32f4xx_enet.c","VERBATIM","3051e8737c463d23d07b9c9ad937bc7c488bb573738b2313982870daa670e87e","3051e8737c463d23d07b9c9ad937bc7c488bb573738b2313982870daa670e87e","MATCH",""
"day05/Code/Code/01_GD32F407_OTA_App/Firmware/GD32F4xx_standard_peripheral/Source/gd32f4xx_exmc.c","projects/05-mqtt-ota-system/application/course/Firmware/GD32F4xx_standard_peripheral/Source/gd32f4xx_exmc.c","VERBATIM","e4a79b377c89d9eb8bd5be101e273ad5efba0c2a24fb4621ab7bc124beeeaebf","e4a79b377c89d9eb8bd5be101e273ad5efba0c2a24fb4621ab7bc124beeeaebf","MATCH",""
"day05/Code/Code/01_GD32F407_OTA_App/Firmware/GD32F4xx_standard_peripheral/Source/gd32f4xx_exti.c","projects/05-mqtt-ota-system/application/course/Firmware/GD32F4xx_standard_peripheral/Source/gd32f4xx_exti.c","VERBATIM","fce4a7eca93486d71a9e5758642f2282ae7f8805dbb559312837a0b17577fe58","fce4a7eca93486d71a9e5758642f2282ae7f8805dbb559312837a0b17577fe58","MATCH",""
"day05/Code/Code/01_GD32F407_OTA_App/Firmware/GD32F4xx_standard_peripheral/Source/gd32f4xx_fmc.c","projects/05-mqtt-ota-system/application/course/Firmware/GD32F4xx_standard_peripheral/Source/gd32f4xx_fmc.c","VERBATIM","15408829d2405432fc8ed73d5d8c6bbb1e6c74540f1b817983babd62e22cab16","15408829d2405432fc8ed73d5d8c6bbb1e6c74540f1b817983babd62e22cab16","MATCH",""
"day05/Code/Code/01_GD32F407_OTA_App/Firmware/GD32F4xx_standard_peripheral/Source/gd32f4xx_fwdgt.c","projects/05-mqtt-ota-system/application/course/Firmware/GD32F4xx_standard_peripheral/Source/gd32f4xx_fwdgt.c","VERBATIM","05b67d15069ced6f0472e4115ecd16064402e0d6220561499000025a8cd189b7","05b67d15069ced6f0472e4115ecd16064402e0d6220561499000025a8cd189b7","MATCH",""
"day05/Code/Code/01_GD32F407_OTA_App/Firmware/GD32F4xx_standard_peripheral/Source/gd32f4xx_gpio.c","projects/05-mqtt-ota-system/application/course/Firmware/GD32F4xx_standard_peripheral/Source/gd32f4xx_gpio.c","VERBATIM","262befe864d5da3bada64d0b3dab29e5c2747e46b154ede8bcab0b788db614e0","262befe864d5da3bada64d0b3dab29e5c2747e46b154ede8bcab0b788db614e0","MATCH",""
"day05/Code/Code/01_GD32F407_OTA_App/Firmware/GD32F4xx_standard_peripheral/Source/gd32f4xx_i2c.c","projects/05-mqtt-ota-system/application/course/Firmware/GD32F4xx_standard_peripheral/Source/gd32f4xx_i2c.c","VERBATIM","8edfaf1a8f0bf2833923d0072fe1b9d0467382b3ec1d243e918d0de9711cccd2","8edfaf1a8f0bf2833923d0072fe1b9d0467382b3ec1d243e918d0de9711cccd2","MATCH",""
"day05/Code/Code/01_GD32F407_OTA_App/Firmware/GD32F4xx_standard_peripheral/Source/gd32f4xx_ipa.c","projects/05-mqtt-ota-system/application/course/Firmware/GD32F4xx_standard_peripheral/Source/gd32f4xx_ipa.c","VERBATIM","38a8350304763c1c83b4d2341f6782b090ca09abe541ac360089b5cb454bcf57","38a8350304763c1c83b4d2341f6782b090ca09abe541ac360089b5cb454bcf57","MATCH",""
"day05/Code/Code/01_GD32F407_OTA_App/Firmware/GD32F4xx_standard_peripheral/Source/gd32f4xx_iref.c","projects/05-mqtt-ota-system/application/course/Firmware/GD32F4xx_standard_peripheral/Source/gd32f4xx_iref.c","VERBATIM","24f2fcfcd20882fd3e65773a281a827bf5391a0a8054324eef7c98bb3f2b9b80","24f2fcfcd20882fd3e65773a281a827bf5391a0a8054324eef7c98bb3f2b9b80","MATCH",""
"day05/Code/Code/01_GD32F407_OTA_App/Firmware/GD32F4xx_standard_peripheral/Source/gd32f4xx_misc.c","projects/05-mqtt-ota-system/application/course/Firmware/GD32F4xx_standard_peripheral/Source/gd32f4xx_misc.c","VERBATIM","1cd262f295155428c25dedc69bfbab99f7a99de09e0b602eca1f2c6017cfe2da","1cd262f295155428c25dedc69bfbab99f7a99de09e0b602eca1f2c6017cfe2da","MATCH",""
"day05/Code/Code/01_GD32F407_OTA_App/Firmware/GD32F4xx_standard_peripheral/Source/gd32f4xx_pmu.c","projects/05-mqtt-ota-system/application/course/Firmware/GD32F4xx_standard_peripheral/Source/gd32f4xx_pmu.c","VERBATIM","dafa94838a55132e3313234c5ac2be6172116dc26574347363d554effb186d79","dafa94838a55132e3313234c5ac2be6172116dc26574347363d554effb186d79","MATCH",""
"day05/Code/Code/01_GD32F407_OTA_App/Firmware/GD32F4xx_standard_peripheral/Source/gd32f4xx_rcu.c","projects/05-mqtt-ota-system/application/course/Firmware/GD32F4xx_standard_peripheral/Source/gd32f4xx_rcu.c","VERBATIM","6c1030eb58ec7cb9c41e2a1ff31ddef87f70dd083222327978234004c4e95b98","6c1030eb58ec7cb9c41e2a1ff31ddef87f70dd083222327978234004c4e95b98","MATCH",""
"day05/Code/Code/01_GD32F407_OTA_App/Firmware/GD32F4xx_standard_peripheral/Source/gd32f4xx_rtc.c","projects/05-mqtt-ota-system/application/course/Firmware/GD32F4xx_standard_peripheral/Source/gd32f4xx_rtc.c","VERBATIM","eea5bcb92c88a7bab9f3740f8e9408236412a546b03a5467f21b0f94a01183e7","eea5bcb92c88a7bab9f3740f8e9408236412a546b03a5467f21b0f94a01183e7","MATCH",""
"day05/Code/Code/01_GD32F407_OTA_App/Firmware/GD32F4xx_standard_peripheral/Source/gd32f4xx_sdio.c","projects/05-mqtt-ota-system/application/course/Firmware/GD32F4xx_standard_peripheral/Source/gd32f4xx_sdio.c","VERBATIM","9d8f3e488c74c44a30c4d0bbb9cd8d86555d898ca9c36f259ce57609959b9854","9d8f3e488c74c44a30c4d0bbb9cd8d86555d898ca9c36f259ce57609959b9854","MATCH",""
"day05/Code/Code/01_GD32F407_OTA_App/Firmware/GD32F4xx_standard_peripheral/Source/gd32f4xx_spi.c","projects/05-mqtt-ota-system/application/course/Firmware/GD32F4xx_standard_peripheral/Source/gd32f4xx_spi.c","VERBATIM","ce06438e9ad5882a0fca88dfe658dd925ed3320ba574c2797e2f93acf6142459","ce06438e9ad5882a0fca88dfe658dd925ed3320ba574c2797e2f93acf6142459","MATCH",""
"day05/Code/Code/01_GD32F407_OTA_App/Firmware/GD32F4xx_standard_peripheral/Source/gd32f4xx_syscfg.c","projects/05-mqtt-ota-system/application/course/Firmware/GD32F4xx_standard_peripheral/Source/gd32f4xx_syscfg.c","VERBATIM","51a7a5e70f3064424cc6e2f6a06942b47adaac8c36a6612ee08b1643557b3ca3","51a7a5e70f3064424cc6e2f6a06942b47adaac8c36a6612ee08b1643557b3ca3","MATCH",""
"day05/Code/Code/01_GD32F407_OTA_App/Firmware/GD32F4xx_standard_peripheral/Source/gd32f4xx_timer.c","projects/05-mqtt-ota-system/application/course/Firmware/GD32F4xx_standard_peripheral/Source/gd32f4xx_timer.c","VERBATIM","3961465cf6ba39554e34c02183c50676a4ab9b3991a6aad32d271754b2506b14","3961465cf6ba39554e34c02183c50676a4ab9b3991a6aad32d271754b2506b14","MATCH",""
"day05/Code/Code/01_GD32F407_OTA_App/Firmware/GD32F4xx_standard_peripheral/Source/gd32f4xx_tli.c","projects/05-mqtt-ota-system/application/course/Firmware/GD32F4xx_standard_peripheral/Source/gd32f4xx_tli.c","VERBATIM","881a02e692afd4a0b6848a929b0b8c79148911ad7543cf611287c45e82372541","881a02e692afd4a0b6848a929b0b8c79148911ad7543cf611287c45e82372541","MATCH",""
"day05/Code/Code/01_GD32F407_OTA_App/Firmware/GD32F4xx_standard_peripheral/Source/gd32f4xx_trng.c","projects/05-mqtt-ota-system/application/course/Firmware/GD32F4xx_standard_peripheral/Source/gd32f4xx_trng.c","VERBATIM","ba9093d046a01c997aa54d2de9f663e8af32fb9e53c950cfc640f1033fcd6c53","ba9093d046a01c997aa54d2de9f663e8af32fb9e53c950cfc640f1033fcd6c53","MATCH",""
"day05/Code/Code/01_GD32F407_OTA_App/Firmware/GD32F4xx_standard_peripheral/Source/gd32f4xx_usart.c","projects/05-mqtt-ota-system/application/course/Firmware/GD32F4xx_standard_peripheral/Source/gd32f4xx_usart.c","VERBATIM","f67fa54d9c9537317be92d95fd880a394d9abe98df708e5aa821fbfa392ae9b0","f67fa54d9c9537317be92d95fd880a394d9abe98df708e5aa821fbfa392ae9b0","MATCH",""
"day05/Code/Code/01_GD32F407_OTA_App/Firmware/GD32F4xx_standard_peripheral/Source/gd32f4xx_wwdgt.c","projects/05-mqtt-ota-system/application/course/Firmware/GD32F4xx_standard_peripheral/Source/gd32f4xx_wwdgt.c","VERBATIM","0ed39de6f0101e10ddcb476e6ef21c44d2282d4f689d0d0d70f9e04940e6f0fe","0ed39de6f0101e10ddcb476e6ef21c44d2282d4f689d0d0d70f9e04940e6f0fe","MATCH",""
"day05/Code/Code/01_GD32F407_OTA_App/Firmware/GD32F4xx_usb_library/device/class/audio/Include/audio_core.h","projects/05-mqtt-ota-system/application/course/Firmware/GD32F4xx_usb_library/device/class/audio/Include/audio_core.h","VERBATIM","d4550583ad93fb3eed7d288fb84ca5e1b57269e088fb073e541a666b636fec00","d4550583ad93fb3eed7d288fb84ca5e1b57269e088fb073e541a666b636fec00","MATCH",""
"day05/Code/Code/01_GD32F407_OTA_App/Firmware/GD32F4xx_usb_library/device/class/audio/Include/audio_out_itf.h","projects/05-mqtt-ota-system/application/course/Firmware/GD32F4xx_usb_library/device/class/audio/Include/audio_out_itf.h","VERBATIM","77fb54dea6431af26c1de2b1ccfb8186fac92519d817556fe6b31fde7947310b","77fb54dea6431af26c1de2b1ccfb8186fac92519d817556fe6b31fde7947310b","MATCH",""
"day05/Code/Code/01_GD32F407_OTA_App/Firmware/GD32F4xx_usb_library/device/class/audio/Source/audio_core.c","projects/05-mqtt-ota-system/application/course/Firmware/GD32F4xx_usb_library/device/class/audio/Source/audio_core.c","VERBATIM","e134abab42ada7e2d9c6bad56032f4358fbd37b82e3861496bfe8dc7b4263d32","e134abab42ada7e2d9c6bad56032f4358fbd37b82e3861496bfe8dc7b4263d32","MATCH",""
"day05/Code/Code/01_GD32F407_OTA_App/Firmware/GD32F4xx_usb_library/device/class/audio/Source/audio_out_itf.c","projects/05-mqtt-ota-system/application/course/Firmware/GD32F4xx_usb_library/device/class/audio/Source/audio_out_itf.c","VERBATIM","33f0490e4b3ce2315d51257bb877a233ba7293bf83f1272113382989476b887b","33f0490e4b3ce2315d51257bb877a233ba7293bf83f1272113382989476b887b","MATCH",""
"day05/Code/Code/01_GD32F407_OTA_App/Firmware/GD32F4xx_usb_library/device/class/cdc/Include/cdc_acm_core.h","projects/05-mqtt-ota-system/application/course/Firmware/GD32F4xx_usb_library/device/class/cdc/Include/cdc_acm_core.h","VERBATIM","58a53b46a222a4ca1b4f35901a48555a22ff6c8ef95dcb23e651a64512a0b8ec","58a53b46a222a4ca1b4f35901a48555a22ff6c8ef95dcb23e651a64512a0b8ec","MATCH",""
"day05/Code/Code/01_GD32F407_OTA_App/Firmware/GD32F4xx_usb_library/device/class/cdc/Source/cdc_acm_core.c","projects/05-mqtt-ota-system/application/course/Firmware/GD32F4xx_usb_library/device/class/cdc/Source/cdc_acm_core.c","VERBATIM","92f6d272cb501a2e0e8020a5c7c3fdbf3f6267044a5f00c248a53bdc23867e71","92f6d272cb501a2e0e8020a5c7c3fdbf3f6267044a5f00c248a53bdc23867e71","MATCH",""
"day05/Code/Code/01_GD32F407_OTA_App/Firmware/GD32F4xx_usb_library/device/class/dfu/Include/dfu_core.h","projects/05-mqtt-ota-system/application/course/Firmware/GD32F4xx_usb_library/device/class/dfu/Include/dfu_core.h","VERBATIM","b074e46c11dfc3d6f057e7c91263a7894a8598f5ad27062a8f0c737739f0ac4b","b074e46c11dfc3d6f057e7c91263a7894a8598f5ad27062a8f0c737739f0ac4b","MATCH",""
"day05/Code/Code/01_GD32F407_OTA_App/Firmware/GD32F4xx_usb_library/device/class/dfu/Include/dfu_mem.h","projects/05-mqtt-ota-system/application/course/Firmware/GD32F4xx_usb_library/device/class/dfu/Include/dfu_mem.h","VERBATIM","ee0fa900e1595041db2524e57a7684a911afec27bd737544cb8acc1a419b54f3","ee0fa900e1595041db2524e57a7684a911afec27bd737544cb8acc1a419b54f3","MATCH",""
"day05/Code/Code/01_GD32F407_OTA_App/Firmware/GD32F4xx_usb_library/device/class/dfu/Source/dfu_core.c","projects/05-mqtt-ota-system/application/course/Firmware/GD32F4xx_usb_library/device/class/dfu/Source/dfu_core.c","VERBATIM","ee0b61f48e523f816e1977ab5667701d4a30c9d7994809daec56a6c22b6b23f2","ee0b61f48e523f816e1977ab5667701d4a30c9d7994809daec56a6c22b6b23f2","MATCH",""
"day05/Code/Code/01_GD32F407_OTA_App/Firmware/GD32F4xx_usb_library/device/class/dfu/Source/dfu_mem.c","projects/05-mqtt-ota-system/application/course/Firmware/GD32F4xx_usb_library/device/class/dfu/Source/dfu_mem.c","VERBATIM","1740852fd0411642aad47bf10951d51de5338ca02239c634c4a28211cc0b6bd5","1740852fd0411642aad47bf10951d51de5338ca02239c634c4a28211cc0b6bd5","MATCH",""
"day05/Code/Code/01_GD32F407_OTA_App/Firmware/GD32F4xx_usb_library/device/class/hid/Include/custom_hid_core.h","projects/05-mqtt-ota-system/application/course/Firmware/GD32F4xx_usb_library/device/class/hid/Include/custom_hid_core.h","VERBATIM","3d8630539b539b75241b088ba5cb2bd6a6377ebe6a0c026e14e4d9f618149f3c","3d8630539b539b75241b088ba5cb2bd6a6377ebe6a0c026e14e4d9f618149f3c","MATCH",""
"day05/Code/Code/01_GD32F407_OTA_App/Firmware/GD32F4xx_usb_library/device/class/hid/Include/standard_hid_core.h","projects/05-mqtt-ota-system/application/course/Firmware/GD32F4xx_usb_library/device/class/hid/Include/standard_hid_core.h","VERBATIM","b43958e8ef0bb4e5939d1b1279f2b4d25791abd357c51504fb08c6bf5cde5a55","b43958e8ef0bb4e5939d1b1279f2b4d25791abd357c51504fb08c6bf5cde5a55","MATCH",""
"day05/Code/Code/01_GD32F407_OTA_App/Firmware/GD32F4xx_usb_library/device/class/hid/Source/custom_hid_core.c","projects/05-mqtt-ota-system/application/course/Firmware/GD32F4xx_usb_library/device/class/hid/Source/custom_hid_core.c","VERBATIM","e31d924422097b600884693e2cfb38c20e4215861dfc8bbdff3058c9a9133668","e31d924422097b600884693e2cfb38c20e4215861dfc8bbdff3058c9a9133668","MATCH",""
"day05/Code/Code/01_GD32F407_OTA_App/Firmware/GD32F4xx_usb_library/device/class/hid/Source/standard_hid_core.c","projects/05-mqtt-ota-system/application/course/Firmware/GD32F4xx_usb_library/device/class/hid/Source/standard_hid_core.c","VERBATIM","976542c7fc8c038846c71e4c5e6755b3c9364c8c09425f671fa694f1f14889a1","976542c7fc8c038846c71e4c5e6755b3c9364c8c09425f671fa694f1f14889a1","MATCH",""
"day05/Code/Code/01_GD32F407_OTA_App/Firmware/GD32F4xx_usb_library/device/class/iap/Include/usb_iap_core.h","projects/05-mqtt-ota-system/application/course/Firmware/GD32F4xx_usb_library/device/class/iap/Include/usb_iap_core.h","VERBATIM","0c5491567e7452be4cdc0099bc8f6e5b6aca7b9c273fdb95647264938337c163","0c5491567e7452be4cdc0099bc8f6e5b6aca7b9c273fdb95647264938337c163","MATCH",""
"day05/Code/Code/01_GD32F407_OTA_App/Firmware/GD32F4xx_usb_library/device/class/iap/Source/usb_iap_core.c","projects/05-mqtt-ota-system/application/course/Firmware/GD32F4xx_usb_library/device/class/iap/Source/usb_iap_core.c","VERBATIM","b48d8edb4882f57e2ee0b7cd17d94a4ea574bbfdb3ef72f35355fb7b8cbf374d","b48d8edb4882f57e2ee0b7cd17d94a4ea574bbfdb3ef72f35355fb7b8cbf374d","MATCH",""
"day05/Code/Code/01_GD32F407_OTA_App/Firmware/GD32F4xx_usb_library/device/class/msc/Include/usbd_msc_bbb.h","projects/05-mqtt-ota-system/application/course/Firmware/GD32F4xx_usb_library/device/class/msc/Include/usbd_msc_bbb.h","VERBATIM","fce4e4a9e17e3c7ad6ef23bf6284354b3c1e0bc79e2e3d8c51c00c7cba88598f","fce4e4a9e17e3c7ad6ef23bf6284354b3c1e0bc79e2e3d8c51c00c7cba88598f","MATCH",""
"day05/Code/Code/01_GD32F407_OTA_App/Firmware/GD32F4xx_usb_library/device/class/msc/Include/usbd_msc_core.h","projects/05-mqtt-ota-system/application/course/Firmware/GD32F4xx_usb_library/device/class/msc/Include/usbd_msc_core.h","VERBATIM","1b56e50c7f78bd46cc86e131565da5a3ca050901171a99d33526283996d0062c","1b56e50c7f78bd46cc86e131565da5a3ca050901171a99d33526283996d0062c","MATCH",""
"day05/Code/Code/01_GD32F407_OTA_App/Firmware/GD32F4xx_usb_library/device/class/msc/Include/usbd_msc_mem.h","projects/05-mqtt-ota-system/application/course/Firmware/GD32F4xx_usb_library/device/class/msc/Include/usbd_msc_mem.h","VERBATIM","4219910f0d5565cbf2cb7de2191fffad41f01f9903ec160827c6f441fc9fe241","4219910f0d5565cbf2cb7de2191fffad41f01f9903ec160827c6f441fc9fe241","MATCH",""
"day05/Code/Code/01_GD32F407_OTA_App/Firmware/GD32F4xx_usb_library/device/class/msc/Include/usbd_msc_scsi.h","projects/05-mqtt-ota-system/application/course/Firmware/GD32F4xx_usb_library/device/class/msc/Include/usbd_msc_scsi.h","VERBATIM","8a843a759a5d1013db6524b1547453013da00c202f03a7011b604c8e79f96a2d","8a843a759a5d1013db6524b1547453013da00c202f03a7011b604c8e79f96a2d","MATCH",""
"day05/Code/Code/01_GD32F407_OTA_App/Firmware/GD32F4xx_usb_library/device/class/msc/Source/usbd_msc_bbb.c","projects/05-mqtt-ota-system/application/course/Firmware/GD32F4xx_usb_library/device/class/msc/Source/usbd_msc_bbb.c","VERBATIM","d613ecddab72a03de672e4669f2549f5ce93259c09819fcbd78db49dbbefa4a5","d613ecddab72a03de672e4669f2549f5ce93259c09819fcbd78db49dbbefa4a5","MATCH",""
"day05/Code/Code/01_GD32F407_OTA_App/Firmware/GD32F4xx_usb_library/device/class/msc/Source/usbd_msc_core.c","projects/05-mqtt-ota-system/application/course/Firmware/GD32F4xx_usb_library/device/class/msc/Source/usbd_msc_core.c","VERBATIM","5c5983c2884b08aa4a480b29929e20a502741c56cefd717e48a6fe5c807bbb5c","5c5983c2884b08aa4a480b29929e20a502741c56cefd717e48a6fe5c807bbb5c","MATCH",""
"day05/Code/Code/01_GD32F407_OTA_App/Firmware/GD32F4xx_usb_library/device/class/msc/Source/usbd_msc_scsi.c","projects/05-mqtt-ota-system/application/course/Firmware/GD32F4xx_usb_library/device/class/msc/Source/usbd_msc_scsi.c","VERBATIM","062e1df310c0feed9372585e09d4a317f65b8e0e03bd70c14aa7418a99c5effd","062e1df310c0feed9372585e09d4a317f65b8e0e03bd70c14aa7418a99c5effd","MATCH",""
"day05/Code/Code/01_GD32F407_OTA_App/Firmware/GD32F4xx_usb_library/device/class/printer/Include/printer_core.h","projects/05-mqtt-ota-system/application/course/Firmware/GD32F4xx_usb_library/device/class/printer/Include/printer_core.h","VERBATIM","4231dae7349cc3643150ec1e90a5cefb4adf23adc0314e82ef001bdfcd7d7e8c","4231dae7349cc3643150ec1e90a5cefb4adf23adc0314e82ef001bdfcd7d7e8c","MATCH",""
"day05/Code/Code/01_GD32F407_OTA_App/Firmware/GD32F4xx_usb_library/device/class/printer/Source/printer_core.c","projects/05-mqtt-ota-system/application/course/Firmware/GD32F4xx_usb_library/device/class/printer/Source/printer_core.c","VERBATIM","93eb77ff7a45da1424244e1ffa25755a259e43b815d00b14c319bec17a079831","93eb77ff7a45da1424244e1ffa25755a259e43b815d00b14c319bec17a079831","MATCH",""
"day05/Code/Code/01_GD32F407_OTA_App/Firmware/GD32F4xx_usb_library/device/core/Include/usbd_core.h","projects/05-mqtt-ota-system/application/course/Firmware/GD32F4xx_usb_library/device/core/Include/usbd_core.h","VERBATIM","a205d78d7c4299519538d5057744916bcb5459ec963bfbd6aa42101197b15041","a205d78d7c4299519538d5057744916bcb5459ec963bfbd6aa42101197b15041","MATCH",""
"day05/Code/Code/01_GD32F407_OTA_App/Firmware/GD32F4xx_usb_library/device/core/Include/usbd_enum.h","projects/05-mqtt-ota-system/application/course/Firmware/GD32F4xx_usb_library/device/core/Include/usbd_enum.h","VERBATIM","9de97ed85ba71120379bf876faf752fa7900784d1614c18d1e9ecea6c7e2c897","9de97ed85ba71120379bf876faf752fa7900784d1614c18d1e9ecea6c7e2c897","MATCH",""
"day05/Code/Code/01_GD32F407_OTA_App/Firmware/GD32F4xx_usb_library/device/core/Include/usbd_transc.h","projects/05-mqtt-ota-system/application/course/Firmware/GD32F4xx_usb_library/device/core/Include/usbd_transc.h","VERBATIM","7598a18b6aa5696b7d15c3f8da6f0f04c37bca44d48c86fd5a7bd92850a17681","7598a18b6aa5696b7d15c3f8da6f0f04c37bca44d48c86fd5a7bd92850a17681","MATCH",""
"day05/Code/Code/01_GD32F407_OTA_App/Firmware/GD32F4xx_usb_library/device/core/Source/usbd_core.c","projects/05-mqtt-ota-system/application/course/Firmware/GD32F4xx_usb_library/device/core/Source/usbd_core.c","VERBATIM","74a04240e3912ef2d959396250678ff65e41a6d65e4c92cddb7babebc646a12f","74a04240e3912ef2d959396250678ff65e41a6d65e4c92cddb7babebc646a12f","MATCH",""
"day05/Code/Code/01_GD32F407_OTA_App/Firmware/GD32F4xx_usb_library/device/core/Source/usbd_enum.c","projects/05-mqtt-ota-system/application/course/Firmware/GD32F4xx_usb_library/device/core/Source/usbd_enum.c","VERBATIM","07c9d4af518d9659d3696a574638d2238413c849345915f347b1ce91c02a81ee","07c9d4af518d9659d3696a574638d2238413c849345915f347b1ce91c02a81ee","MATCH",""
"day05/Code/Code/01_GD32F407_OTA_App/Firmware/GD32F4xx_usb_library/device/core/Source/usbd_transc.c","projects/05-mqtt-ota-system/application/course/Firmware/GD32F4xx_usb_library/device/core/Source/usbd_transc.c","VERBATIM","ce5e569f4cbb0918250c03000276fd987e116e69f489eec7b049b790a5a87f37","ce5e569f4cbb0918250c03000276fd987e116e69f489eec7b049b790a5a87f37","MATCH",""
"day05/Code/Code/01_GD32F407_OTA_App/Firmware/GD32F4xx_usb_library/driver/Include/drv_usb_core.h","projects/05-mqtt-ota-system/application/course/Firmware/GD32F4xx_usb_library/driver/Include/drv_usb_core.h","VERBATIM","d7957d291f199b35772ce89782b17558bcc73b935f66f80c5b7fbe16ddba5875","d7957d291f199b35772ce89782b17558bcc73b935f66f80c5b7fbe16ddba5875","MATCH",""
"day05/Code/Code/01_GD32F407_OTA_App/Firmware/GD32F4xx_usb_library/driver/Include/drv_usb_dev.h","projects/05-mqtt-ota-system/application/course/Firmware/GD32F4xx_usb_library/driver/Include/drv_usb_dev.h","VERBATIM","caf5d56ebafdba9fc9f167418a1616e4291b112edbf47a8654bd9a98f8c17b9a","caf5d56ebafdba9fc9f167418a1616e4291b112edbf47a8654bd9a98f8c17b9a","MATCH",""
"day05/Code/Code/01_GD32F407_OTA_App/Firmware/GD32F4xx_usb_library/driver/Include/drv_usb_host.h","projects/05-mqtt-ota-system/application/course/Firmware/GD32F4xx_usb_library/driver/Include/drv_usb_host.h","VERBATIM","fb4056a260f60fda977ab1139ebfcf00e53b5c3e697fdda573b902a413bfff14","fb4056a260f60fda977ab1139ebfcf00e53b5c3e697fdda573b902a413bfff14","MATCH",""
"day05/Code/Code/01_GD32F407_OTA_App/Firmware/GD32F4xx_usb_library/driver/Include/drv_usb_hw.h","projects/05-mqtt-ota-system/application/course/Firmware/GD32F4xx_usb_library/driver/Include/drv_usb_hw.h","VERBATIM","81dbb2d76cd496106998eaa694da78184988c9618e06cfe573e5d6b5fa1c1f20","81dbb2d76cd496106998eaa694da78184988c9618e06cfe573e5d6b5fa1c1f20","MATCH",""
"day05/Code/Code/01_GD32F407_OTA_App/Firmware/GD32F4xx_usb_library/driver/Include/drv_usb_regs.h","projects/05-mqtt-ota-system/application/course/Firmware/GD32F4xx_usb_library/driver/Include/drv_usb_regs.h","VERBATIM","048a97f0ff66f557ee6a5e829f8aa0336d69e13e63151cf4d64092d0ff9606ba","048a97f0ff66f557ee6a5e829f8aa0336d69e13e63151cf4d64092d0ff9606ba","MATCH",""
"day05/Code/Code/01_GD32F407_OTA_App/Firmware/GD32F4xx_usb_library/driver/Include/drv_usbd_int.h","projects/05-mqtt-ota-system/application/course/Firmware/GD32F4xx_usb_library/driver/Include/drv_usbd_int.h","VERBATIM","3b71749a04450bbec4838039bc3c6482ee1d7ecb509b97da5151f362f918a8f4","3b71749a04450bbec4838039bc3c6482ee1d7ecb509b97da5151f362f918a8f4","MATCH",""
"day05/Code/Code/01_GD32F407_OTA_App/Firmware/GD32F4xx_usb_library/driver/Include/drv_usbh_int.h","projects/05-mqtt-ota-system/application/course/Firmware/GD32F4xx_usb_library/driver/Include/drv_usbh_int.h","VERBATIM","5268ee8f0accee9c9e848ae421f3f1b83b8efa72b8854f08a5756c16c3873997","5268ee8f0accee9c9e848ae421f3f1b83b8efa72b8854f08a5756c16c3873997","MATCH",""
"day05/Code/Code/01_GD32F407_OTA_App/Firmware/GD32F4xx_usb_library/driver/Source/drv_usb_core.c","projects/05-mqtt-ota-system/application/course/Firmware/GD32F4xx_usb_library/driver/Source/drv_usb_core.c","VERBATIM","b90492a8404bcbdcbba9d31d38ad75d2d85b6014ccacf6eea77b23f69cf5f623","b90492a8404bcbdcbba9d31d38ad75d2d85b6014ccacf6eea77b23f69cf5f623","MATCH",""
"day05/Code/Code/01_GD32F407_OTA_App/Firmware/GD32F4xx_usb_library/driver/Source/drv_usb_dev.c","projects/05-mqtt-ota-system/application/course/Firmware/GD32F4xx_usb_library/driver/Source/drv_usb_dev.c","VERBATIM","93ca6cd491c5e0fea197d5ac7f10ba23e6973543da7aeed38bfc1ae3a0dc474b","93ca6cd491c5e0fea197d5ac7f10ba23e6973543da7aeed38bfc1ae3a0dc474b","MATCH",""
"day05/Code/Code/01_GD32F407_OTA_App/Firmware/GD32F4xx_usb_library/driver/Source/drv_usb_host.c","projects/05-mqtt-ota-system/application/course/Firmware/GD32F4xx_usb_library/driver/Source/drv_usb_host.c","VERBATIM","d9f6de1a16c13351c6947a1d8c735a2fa2ef6495159ef75e8c84a903003853ea","d9f6de1a16c13351c6947a1d8c735a2fa2ef6495159ef75e8c84a903003853ea","MATCH",""
"day05/Code/Code/01_GD32F407_OTA_App/Firmware/GD32F4xx_usb_library/driver/Source/drv_usbd_int.c","projects/05-mqtt-ota-system/application/course/Firmware/GD32F4xx_usb_library/driver/Source/drv_usbd_int.c","VERBATIM","6d629c1b2ee8a05bd9c1b8e20f2664410afc9608e9489ccac5be881d10d0a715","6d629c1b2ee8a05bd9c1b8e20f2664410afc9608e9489ccac5be881d10d0a715","MATCH",""
"day05/Code/Code/01_GD32F407_OTA_App/Firmware/GD32F4xx_usb_library/driver/Source/drv_usbh_int.c","projects/05-mqtt-ota-system/application/course/Firmware/GD32F4xx_usb_library/driver/Source/drv_usbh_int.c","VERBATIM","4d390034615df35fb792026bd76844c922f387580e291039f1bc5f6b6c982486","4d390034615df35fb792026bd76844c922f387580e291039f1bc5f6b6c982486","MATCH",""
"day05/Code/Code/01_GD32F407_OTA_App/Firmware/GD32F4xx_usb_library/host/class/hid/Include/usbh_hid_core.h","projects/05-mqtt-ota-system/application/course/Firmware/GD32F4xx_usb_library/host/class/hid/Include/usbh_hid_core.h","VERBATIM","0dec84719141c68389ec4f957111fb6dc21a5be55159a808a9d4d20759e447aa","0dec84719141c68389ec4f957111fb6dc21a5be55159a808a9d4d20759e447aa","MATCH",""
"day05/Code/Code/01_GD32F407_OTA_App/Firmware/GD32F4xx_usb_library/host/class/hid/Include/usbh_standard_hid.h","projects/05-mqtt-ota-system/application/course/Firmware/GD32F4xx_usb_library/host/class/hid/Include/usbh_standard_hid.h","VERBATIM","9dff3d162d5690f986145fc6a50e8be49ee6ea57b0df5de92708173ece1231a8","9dff3d162d5690f986145fc6a50e8be49ee6ea57b0df5de92708173ece1231a8","MATCH",""
"day05/Code/Code/01_GD32F407_OTA_App/Firmware/GD32F4xx_usb_library/host/class/hid/Source/usbh_hid_core.c","projects/05-mqtt-ota-system/application/course/Firmware/GD32F4xx_usb_library/host/class/hid/Source/usbh_hid_core.c","VERBATIM","2cdafdf63ebb98a454a09acc070b9c2e925c7eec29af318f1a8ce5f913c5d200","2cdafdf63ebb98a454a09acc070b9c2e925c7eec29af318f1a8ce5f913c5d200","MATCH",""
"day05/Code/Code/01_GD32F407_OTA_App/Firmware/GD32F4xx_usb_library/host/class/hid/Source/usbh_standard_hid.c","projects/05-mqtt-ota-system/application/course/Firmware/GD32F4xx_usb_library/host/class/hid/Source/usbh_standard_hid.c","VERBATIM","324f535d3213364159ef30d0ab69cb69472d94ee6a25f07d1c624d1b4bb315c3","324f535d3213364159ef30d0ab69cb69472d94ee6a25f07d1c624d1b4bb315c3","MATCH",""
"day05/Code/Code/01_GD32F407_OTA_App/Firmware/GD32F4xx_usb_library/host/class/msc/Include/usbh_msc_bbb.h","projects/05-mqtt-ota-system/application/course/Firmware/GD32F4xx_usb_library/host/class/msc/Include/usbh_msc_bbb.h","VERBATIM","fe164e019db850549fa0edb8a4b2f0c38ff1c7540a834b935c91268d0e275ff8","fe164e019db850549fa0edb8a4b2f0c38ff1c7540a834b935c91268d0e275ff8","MATCH",""
"day05/Code/Code/01_GD32F407_OTA_App/Firmware/GD32F4xx_usb_library/host/class/msc/Include/usbh_msc_core.h","projects/05-mqtt-ota-system/application/course/Firmware/GD32F4xx_usb_library/host/class/msc/Include/usbh_msc_core.h","VERBATIM","34b4b4aed85f332b815096ee4c39fba67c77fef1f9eb79fc470603568cbe2dc9","34b4b4aed85f332b815096ee4c39fba67c77fef1f9eb79fc470603568cbe2dc9","MATCH",""
"day05/Code/Code/01_GD32F407_OTA_App/Firmware/GD32F4xx_usb_library/host/class/msc/Include/usbh_msc_scsi.h","projects/05-mqtt-ota-system/application/course/Firmware/GD32F4xx_usb_library/host/class/msc/Include/usbh_msc_scsi.h","VERBATIM","e6e8ca26d9a2abffe14a21af356cb07c4058d9052dfd22b46205ec11884a867a","e6e8ca26d9a2abffe14a21af356cb07c4058d9052dfd22b46205ec11884a867a","MATCH",""
"day05/Code/Code/01_GD32F407_OTA_App/Firmware/GD32F4xx_usb_library/host/class/msc/Source/usbh_msc_bbb.c","projects/05-mqtt-ota-system/application/course/Firmware/GD32F4xx_usb_library/host/class/msc/Source/usbh_msc_bbb.c","VERBATIM","2a82ad623d78ccc1802d851ab7fb124d6abb5dbea980aa8c6517e26ff906e049","2a82ad623d78ccc1802d851ab7fb124d6abb5dbea980aa8c6517e26ff906e049","MATCH",""
"day05/Code/Code/01_GD32F407_OTA_App/Firmware/GD32F4xx_usb_library/host/class/msc/Source/usbh_msc_core.c","projects/05-mqtt-ota-system/application/course/Firmware/GD32F4xx_usb_library/host/class/msc/Source/usbh_msc_core.c","VERBATIM","5df338c15161e6c7a6424179245e0e373973b22e81dea91111ad5613ae0c8690","5df338c15161e6c7a6424179245e0e373973b22e81dea91111ad5613ae0c8690","MATCH",""
"day05/Code/Code/01_GD32F407_OTA_App/Firmware/GD32F4xx_usb_library/host/class/msc/Source/usbh_msc_fatfs.c","projects/05-mqtt-ota-system/application/course/Firmware/GD32F4xx_usb_library/host/class/msc/Source/usbh_msc_fatfs.c","VERBATIM","8fd0c5b44f9ac0e35427803f9761e40a5297caa2acc078cb9fde3c25ba4036b1","8fd0c5b44f9ac0e35427803f9761e40a5297caa2acc078cb9fde3c25ba4036b1","MATCH",""
"day05/Code/Code/01_GD32F407_OTA_App/Firmware/GD32F4xx_usb_library/host/class/msc/Source/usbh_msc_scsi.c","projects/05-mqtt-ota-system/application/course/Firmware/GD32F4xx_usb_library/host/class/msc/Source/usbh_msc_scsi.c","VERBATIM","45e6ad746800250c90834ac684d207da486f3f0fda8503284def2c537f952a85","45e6ad746800250c90834ac684d207da486f3f0fda8503284def2c537f952a85","MATCH",""
"day05/Code/Code/01_GD32F407_OTA_App/Firmware/GD32F4xx_usb_library/host/core/Include/usbh_core.h","projects/05-mqtt-ota-system/application/course/Firmware/GD32F4xx_usb_library/host/core/Include/usbh_core.h","VERBATIM","8919b0da3bc89862ac89da53bd34cc4f8af2f7ecebf23493d3bc0980570ec67d","8919b0da3bc89862ac89da53bd34cc4f8af2f7ecebf23493d3bc0980570ec67d","MATCH",""
"day05/Code/Code/01_GD32F407_OTA_App/Firmware/GD32F4xx_usb_library/host/core/Include/usbh_enum.h","projects/05-mqtt-ota-system/application/course/Firmware/GD32F4xx_usb_library/host/core/Include/usbh_enum.h","VERBATIM","a08d6a471be77a6bfdf916e166e4a95b49358f209e0708080e4a441d7d454897","a08d6a471be77a6bfdf916e166e4a95b49358f209e0708080e4a441d7d454897","MATCH",""
"day05/Code/Code/01_GD32F407_OTA_App/Firmware/GD32F4xx_usb_library/host/core/Include/usbh_pipe.h","projects/05-mqtt-ota-system/application/course/Firmware/GD32F4xx_usb_library/host/core/Include/usbh_pipe.h","VERBATIM","d1aa31749db419f147e34bf1608f3c79d8846fc9067b138ce90dcc6d68a724b2","d1aa31749db419f147e34bf1608f3c79d8846fc9067b138ce90dcc6d68a724b2","MATCH",""
"day05/Code/Code/01_GD32F407_OTA_App/Firmware/GD32F4xx_usb_library/host/core/Include/usbh_transc.h","projects/05-mqtt-ota-system/application/course/Firmware/GD32F4xx_usb_library/host/core/Include/usbh_transc.h","VERBATIM","b0a9300c836592e16782062a0d898645adc64efd21ad96f46b8ef6ebd876499c","b0a9300c836592e16782062a0d898645adc64efd21ad96f46b8ef6ebd876499c","MATCH",""
"day05/Code/Code/01_GD32F407_OTA_App/Firmware/GD32F4xx_usb_library/host/core/Source/usbh_core.c","projects/05-mqtt-ota-system/application/course/Firmware/GD32F4xx_usb_library/host/core/Source/usbh_core.c","VERBATIM","2e61c1493a0f04d944a9b1e01924a57908552c5c5920f357df984f098988df08","2e61c1493a0f04d944a9b1e01924a57908552c5c5920f357df984f098988df08","MATCH",""
"day05/Code/Code/01_GD32F407_OTA_App/Firmware/GD32F4xx_usb_library/host/core/Source/usbh_enum.c","projects/05-mqtt-ota-system/application/course/Firmware/GD32F4xx_usb_library/host/core/Source/usbh_enum.c","VERBATIM","273217f6826c6d57a1d210d2a58974ae97a27e15951b98be25bbccdea8133871","273217f6826c6d57a1d210d2a58974ae97a27e15951b98be25bbccdea8133871","MATCH",""
"day05/Code/Code/01_GD32F407_OTA_App/Firmware/GD32F4xx_usb_library/host/core/Source/usbh_pipe.c","projects/05-mqtt-ota-system/application/course/Firmware/GD32F4xx_usb_library/host/core/Source/usbh_pipe.c","VERBATIM","e8a4253e2a4224333c4343ee0ffd5f280c9875ef57702f44c1973cbd42edd2e0","e8a4253e2a4224333c4343ee0ffd5f280c9875ef57702f44c1973cbd42edd2e0","MATCH",""
"day05/Code/Code/01_GD32F407_OTA_App/Firmware/GD32F4xx_usb_library/host/core/Source/usbh_transc.c","projects/05-mqtt-ota-system/application/course/Firmware/GD32F4xx_usb_library/host/core/Source/usbh_transc.c","VERBATIM","cf1ae1fcf884275e82634538e997d8d24c31fbe959140909f5bb4e34bca0bbef","cf1ae1fcf884275e82634538e997d8d24c31fbe959140909f5bb4e34bca0bbef","MATCH",""
"day05/Code/Code/01_GD32F407_OTA_App/Firmware/GD32F4xx_usb_library/ustd/class/cdc/usb_cdc.h","projects/05-mqtt-ota-system/application/course/Firmware/GD32F4xx_usb_library/ustd/class/cdc/usb_cdc.h","VERBATIM","fcd43c4f51573d30f01573e2d2856e0be969c8ffd02d415aadfb69a595decf4e","fcd43c4f51573d30f01573e2d2856e0be969c8ffd02d415aadfb69a595decf4e","MATCH",""
"day05/Code/Code/01_GD32F407_OTA_App/Firmware/GD32F4xx_usb_library/ustd/class/hid/usb_hid.h","projects/05-mqtt-ota-system/application/course/Firmware/GD32F4xx_usb_library/ustd/class/hid/usb_hid.h","VERBATIM","f3c6a02d4fc46f9512465b6eb2951c8cddb956af73422aab9d2a1bafc69f2e7b","f3c6a02d4fc46f9512465b6eb2951c8cddb956af73422aab9d2a1bafc69f2e7b","MATCH",""
"day05/Code/Code/01_GD32F407_OTA_App/Firmware/GD32F4xx_usb_library/ustd/class/msc/msc_bbb.h","projects/05-mqtt-ota-system/application/course/Firmware/GD32F4xx_usb_library/ustd/class/msc/msc_bbb.h","VERBATIM","b884b8f8f7cfaf22512ede7ae709b5f3591e126d2919aecf4e2b4d7efea1f5d6","b884b8f8f7cfaf22512ede7ae709b5f3591e126d2919aecf4e2b4d7efea1f5d6","MATCH",""
"day05/Code/Code/01_GD32F407_OTA_App/Firmware/GD32F4xx_usb_library/ustd/class/msc/msc_scsi.h","projects/05-mqtt-ota-system/application/course/Firmware/GD32F4xx_usb_library/ustd/class/msc/msc_scsi.h","VERBATIM","8842cf305e996369687fa89568c9aee3d46f745e1aef6eb58b1a3f519f863631","8842cf305e996369687fa89568c9aee3d46f745e1aef6eb58b1a3f519f863631","MATCH",""
"day05/Code/Code/01_GD32F407_OTA_App/Firmware/GD32F4xx_usb_library/ustd/class/msc/usb_msc.h","projects/05-mqtt-ota-system/application/course/Firmware/GD32F4xx_usb_library/ustd/class/msc/usb_msc.h","VERBATIM","e3c2a096085131687f121de426ef9154f23ccc26e877129243a648fb8c90b216","e3c2a096085131687f121de426ef9154f23ccc26e877129243a648fb8c90b216","MATCH",""
"day05/Code/Code/01_GD32F407_OTA_App/Firmware/GD32F4xx_usb_library/ustd/common/usb_ch9_std.h","projects/05-mqtt-ota-system/application/course/Firmware/GD32F4xx_usb_library/ustd/common/usb_ch9_std.h","VERBATIM","b5249865f377709e456f76ca76ca5499ace39bad6a452832dbe535f1989c6d22","b5249865f377709e456f76ca76ca5499ace39bad6a452832dbe535f1989c6d22","MATCH",""
"day05/Code/Code/01_GD32F407_OTA_App/Hardware/bsp_battery_leds.c","projects/05-mqtt-ota-system/application/course/Hardware/bsp_battery_leds.c","VERBATIM","3355ee67df90741c1311332c6cfb0053385a7ffd03c3de8ea06fcbd57563a61d","3355ee67df90741c1311332c6cfb0053385a7ffd03c3de8ea06fcbd57563a61d","MATCH",""
"day05/Code/Code/01_GD32F407_OTA_App/Hardware/bsp_battery_leds.h","projects/05-mqtt-ota-system/application/course/Hardware/bsp_battery_leds.h","VERBATIM","f7585067c016c3b5077e05028c10af52a247a608de67c34047073418c430d4bf","f7585067c016c3b5077e05028c10af52a247a608de67c34047073418c430d4bf","MATCH",""
"day05/Code/Code/01_GD32F407_OTA_App/Hardware/bsp_buzzer.c","projects/05-mqtt-ota-system/application/course/Hardware/bsp_buzzer.c","VERBATIM","2585fd1908edf73c203dbbcf159b75f73d605cdf35ee33bbeaa33dd42d6a341f","2585fd1908edf73c203dbbcf159b75f73d605cdf35ee33bbeaa33dd42d6a341f","MATCH",""
"day05/Code/Code/01_GD32F407_OTA_App/Hardware/bsp_buzzer.h","projects/05-mqtt-ota-system/application/course/Hardware/bsp_buzzer.h","VERBATIM","6f5fdca736b26835cda0c10dd1f5a020894e48716151d63e5ab8b6911b9c8831","6f5fdca736b26835cda0c10dd1f5a020894e48716151d63e5ab8b6911b9c8831","MATCH",""
"day05/Code/Code/01_GD32F407_OTA_App/Hardware/bsp_keys_adv.c","projects/05-mqtt-ota-system/application/course/Hardware/bsp_keys_adv.c","VERBATIM","018a1246d6a4624c4ce02d7205984e201deb520654f7d2c121bfee69aa769866","018a1246d6a4624c4ce02d7205984e201deb520654f7d2c121bfee69aa769866","MATCH",""
"day05/Code/Code/01_GD32F407_OTA_App/Hardware/bsp_keys_adv.h","projects/05-mqtt-ota-system/application/course/Hardware/bsp_keys_adv.h","VERBATIM","49a5ce532a4dde8d36f1ca94e94478439035497e60fec094d139f6a18bca9ec6","49a5ce532a4dde8d36f1ca94e94478439035497e60fec094d139f6a18bca9ec6","MATCH",""
"day05/Code/Code/01_GD32F407_OTA_App/Hardware/bsp_keys.c","projects/05-mqtt-ota-system/application/course/Hardware/bsp_keys.c","VERBATIM","06352592ceeb62d72bce1d2b408e7031a34e1a76010681e3d5e8d53a471cc1f4","06352592ceeb62d72bce1d2b408e7031a34e1a76010681e3d5e8d53a471cc1f4","MATCH",""
"day05/Code/Code/01_GD32F407_OTA_App/Hardware/bsp_keys.h","projects/05-mqtt-ota-system/application/course/Hardware/bsp_keys.h","VERBATIM","0ef66b8ce08877d228b8b505af37aa727b0d6a383bbc78619de51579c5b984d7","0ef66b8ce08877d228b8b505af37aa727b0d6a383bbc78619de51579c5b984d7","MATCH",""
"day05/Code/Code/01_GD32F407_OTA_App/Hardware/bsp_pca9685.c","projects/05-mqtt-ota-system/application/course/Hardware/bsp_pca9685.c","VERBATIM","8ad0523c80a951f1b6825ad0800f550876f4e8a47954aef21a89d538042ddf85","8ad0523c80a951f1b6825ad0800f550876f4e8a47954aef21a89d538042ddf85","MATCH",""
"day05/Code/Code/01_GD32F407_OTA_App/Hardware/bsp_pca9685.h","projects/05-mqtt-ota-system/application/course/Hardware/bsp_pca9685.h","VERBATIM","ea3f4d3874828b2dfe2932791ee00899154a3a182e99993ccbd9b9029deaa92e","ea3f4d3874828b2dfe2932791ee00899154a3a182e99993ccbd9b9029deaa92e","MATCH",""
"day05/Code/Code/01_GD32F407_OTA_App/Hardware/bsp_servo.c","projects/05-mqtt-ota-system/application/course/Hardware/bsp_servo.c","VERBATIM","a5179bee263075e44786e8e52cd5d6c0c3ec659e98906b560f691573ddc579a1","a5179bee263075e44786e8e52cd5d6c0c3ec659e98906b560f691573ddc579a1","MATCH",""
"day05/Code/Code/01_GD32F407_OTA_App/Hardware/bsp_servo.h","projects/05-mqtt-ota-system/application/course/Hardware/bsp_servo.h","VERBATIM","53bdaa6180cf37aa9adc025902600fac610b25477d81f8702bd614b98f305184","53bdaa6180cf37aa9adc025902600fac610b25477d81f8702bd614b98f305184","MATCH",""
"day05/Code/Code/01_GD32F407_OTA_App/Hardware/bsp_w25qxx.c","projects/05-mqtt-ota-system/application/course/Hardware/bsp_w25qxx.c","VERBATIM","a0ea74791e8ca1f55121f1b62463cba6faf593722e91a5118470a9b75cc4332d","a0ea74791e8ca1f55121f1b62463cba6faf593722e91a5118470a9b75cc4332d","MATCH",""
"day05/Code/Code/01_GD32F407_OTA_App/Hardware/bsp_w25qxx.h","projects/05-mqtt-ota-system/application/course/Hardware/bsp_w25qxx.h","VERBATIM","d8058d7878d27b6fc8e840fcc7aa677bda0f4b1d9f449fafc080af4767a5208f","d8058d7878d27b6fc8e840fcc7aa677bda0f4b1d9f449fafc080af4767a5208f","MATCH",""
"day05/Code/Code/01_GD32F407_OTA_App/Hardware/i2c_oled/bmp.h","projects/05-mqtt-ota-system/application/course/Hardware/i2c_oled/bmp.h","VERBATIM","49a086e5ab31da021f77579e99b5a71059ee57533aa0c1faf4e23a9d0fbf1cc4","49a086e5ab31da021f77579e99b5a71059ee57533aa0c1faf4e23a9d0fbf1cc4","MATCH",""
"day05/Code/Code/01_GD32F407_OTA_App/Hardware/i2c_oled/oled.c","projects/05-mqtt-ota-system/application/course/Hardware/i2c_oled/oled.c","VERBATIM","23d06db1f81c4000dbd1abe1527fb74ea8fd6d0855de47482b6c7e7e73f0f0c0","23d06db1f81c4000dbd1abe1527fb74ea8fd6d0855de47482b6c7e7e73f0f0c0","MATCH",""
"day05/Code/Code/01_GD32F407_OTA_App/Hardware/i2c_oled/oled.h","projects/05-mqtt-ota-system/application/course/Hardware/i2c_oled/oled.h","VERBATIM","acbd19c728fc0ac4f74f9a86ff5d5d5d021bd0925941eb26809ddb14baa9fc08","acbd19c728fc0ac4f74f9a86ff5d5d5d021bd0925941eb26809ddb14baa9fc08","MATCH",""
"day05/Code/Code/01_GD32F407_OTA_App/Hardware/i2c_oled/oledfont.h","projects/05-mqtt-ota-system/application/course/Hardware/i2c_oled/oledfont.h","VERBATIM","9bfd741a3dfc91f1d3309b67ac59ac4a9d367a1d7a616bcb444ccc8d09d29f4d","9bfd741a3dfc91f1d3309b67ac59ac4a9d367a1d7a616bcb444ccc8d09d29f4d","MATCH",""
"day05/Code/Code/01_GD32F407_OTA_App/Hardware/PCF8563.c","projects/05-mqtt-ota-system/application/course/Hardware/PCF8563.c","VERBATIM","175399ba450f8e636bb2fa95e138e6b9a3bddc84ff2f9d12cca17c0827488e9d","175399ba450f8e636bb2fa95e138e6b9a3bddc84ff2f9d12cca17c0827488e9d","MATCH",""
"day05/Code/Code/01_GD32F407_OTA_App/Hardware/PCF8563.h","projects/05-mqtt-ota-system/application/course/Hardware/PCF8563.h","VERBATIM","18cedb9ffa72107f8618f14884e3466570cbf6e72b04ad720e18ab8da0583a3a","18cedb9ffa72107f8618f14884e3466570cbf6e72b04ad720e18ab8da0583a3a","MATCH",""
"day05/Code/Code/01_GD32F407_OTA_App/Hardware/spi_oled/bmp.h","projects/05-mqtt-ota-system/application/course/Hardware/spi_oled/bmp.h","VERBATIM","b118e7d338a0517ba350906c3fb4433803937da878bb55588561b1de2e104f3d","b118e7d338a0517ba350906c3fb4433803937da878bb55588561b1de2e104f3d","MATCH",""
"day05/Code/Code/01_GD32F407_OTA_App/Hardware/spi_oled/oled.c","projects/05-mqtt-ota-system/application/course/Hardware/spi_oled/oled.c","VERBATIM","f81d723978f1c969ee1c964d50af0e4c61ec3775ac70a1433509619f8ea0092d","f81d723978f1c969ee1c964d50af0e4c61ec3775ac70a1433509619f8ea0092d","MATCH",""
"day05/Code/Code/01_GD32F407_OTA_App/Hardware/spi_oled/oled.h","projects/05-mqtt-ota-system/application/course/Hardware/spi_oled/oled.h","VERBATIM","d6644e05ccba3dbd2cec6ed02651892cfd5485bc0febdf20fd068c5ac2d1e962","d6644e05ccba3dbd2cec6ed02651892cfd5485bc0febdf20fd068c5ac2d1e962","MATCH",""
"day05/Code/Code/01_GD32F407_OTA_App/Library/EXTI_config.h","projects/05-mqtt-ota-system/application/course/Library/EXTI_config.h","VERBATIM","0e1d8994d361a55d9837f7251d9fbe43d6c26f110b82382ff86941480f30a85b","0e1d8994d361a55d9837f7251d9fbe43d6c26f110b82382ff86941480f30a85b","MATCH",""
"day05/Code/Code/01_GD32F407_OTA_App/Library/EXTI.c","projects/05-mqtt-ota-system/application/course/Library/EXTI.c","VERBATIM","f31ad6b5038d43f75066a667d0c1905ced684533c26c8dbd32d8bff6f822e28c","f31ad6b5038d43f75066a667d0c1905ced684533c26c8dbd32d8bff6f822e28c","MATCH",""
"day05/Code/Code/01_GD32F407_OTA_App/Library/EXTI.h","projects/05-mqtt-ota-system/application/course/Library/EXTI.h","VERBATIM","836bc18a5497f7024b8a58223e66391071ebef1051bc8dddc9cf9a4537d430fb","836bc18a5497f7024b8a58223e66391071ebef1051bc8dddc9cf9a4537d430fb","MATCH",""
"day05/Code/Code/01_GD32F407_OTA_App/Library/I2C/I2C_config.h","projects/05-mqtt-ota-system/application/course/Library/I2C/I2C_config.h","VERBATIM","c78e6ef8b19040f77c089e6c5da8a95e9ae1e5a890cecfd30731e8d831ef0fca","c78e6ef8b19040f77c089e6c5da8a95e9ae1e5a890cecfd30731e8d831ef0fca","MATCH",""
"day05/Code/Code/01_GD32F407_OTA_App/Library/I2C/I2C.c","projects/05-mqtt-ota-system/application/course/Library/I2C/I2C.c","VERBATIM","e17605acea90ba6709874fba8efbacb31f105f013b10779679c71da5d3c988c2","e17605acea90ba6709874fba8efbacb31f105f013b10779679c71da5d3c988c2","MATCH",""
"day05/Code/Code/01_GD32F407_OTA_App/Library/I2C/I2C.h","projects/05-mqtt-ota-system/application/course/Library/I2C/I2C.h","VERBATIM","b3c4ab98d7a9c01fe9fcefd7c8d7fdf3d97964b8efaa14cb057ebb2466ed5008","b3c4ab98d7a9c01fe9fcefd7c8d7fdf3d97964b8efaa14cb057ebb2466ed5008","MATCH",""
"day05/Code/Code/01_GD32F407_OTA_App/Library/I2C/I2C0.c","projects/05-mqtt-ota-system/application/course/Library/I2C/I2C0.c","VERBATIM","09d1eb340eff2166230fc1727269ad8bdfdd9d69801ee72516fafd5a4ac09f4b","09d1eb340eff2166230fc1727269ad8bdfdd9d69801ee72516fafd5a4ac09f4b","MATCH",""
"day05/Code/Code/01_GD32F407_OTA_App/Library/I2C/I2C0.h","projects/05-mqtt-ota-system/application/course/Library/I2C/I2C0.h","VERBATIM","5381921337295aaa5f855220ff496d62baca4002cd4bdc8a8cd389901b73b567","5381921337295aaa5f855220ff496d62baca4002cd4bdc8a8cd389901b73b567","MATCH",""
"day05/Code/Code/01_GD32F407_OTA_App/Library/SPI/SPI_config.h","projects/05-mqtt-ota-system/application/course/Library/SPI/SPI_config.h","VERBATIM","6b4f4ed9a65f23ecc97f5b76e34de2340443cd32839f39c58dea84118106d8c4","6b4f4ed9a65f23ecc97f5b76e34de2340443cd32839f39c58dea84118106d8c4","MATCH",""
"day05/Code/Code/01_GD32F407_OTA_App/Library/SPI/SPI.c","projects/05-mqtt-ota-system/application/course/Library/SPI/SPI.c","VERBATIM","d38d366d8c40053915116a8bc6fc4c4667341dfc87efdba5a68cc852a0d9b504","d38d366d8c40053915116a8bc6fc4c4667341dfc87efdba5a68cc852a0d9b504","MATCH",""
"day05/Code/Code/01_GD32F407_OTA_App/Library/SPI/SPI.h","projects/05-mqtt-ota-system/application/course/Library/SPI/SPI.h","VERBATIM","228827808cd9e5fa9d40c5158c82258adb18cb347fbc9cc6ce45d4e7c15f5198","228827808cd9e5fa9d40c5158c82258adb18cb347fbc9cc6ce45d4e7c15f5198","MATCH",""
"day05/Code/Code/01_GD32F407_OTA_App/Library/SPI/SPI0.c","projects/05-mqtt-ota-system/application/course/Library/SPI/SPI0.c","VERBATIM","6df75c41548208431df0eb0a3841c7c908ca0a62f863f941239d99af51c4d239","6df75c41548208431df0eb0a3841c7c908ca0a62f863f941239d99af51c4d239","MATCH",""
"day05/Code/Code/01_GD32F407_OTA_App/Library/SPI/SPI0.h","projects/05-mqtt-ota-system/application/course/Library/SPI/SPI0.h","VERBATIM","6ac40fd0140c927fcec89fb8e544f668e9fef2565b3c59c80b7c178db0a0e5e5","6ac40fd0140c927fcec89fb8e544f668e9fef2565b3c59c80b7c178db0a0e5e5","MATCH",""
"day05/Code/Code/01_GD32F407_OTA_App/Library/TIMER_config.h","projects/05-mqtt-ota-system/application/course/Library/TIMER_config.h","VERBATIM","fd153a4b76c23071b2c8f861a8ce001764d262c45cfea8dc65a447e42b716210","fd153a4b76c23071b2c8f861a8ce001764d262c45cfea8dc65a447e42b716210","MATCH",""
"day05/Code/Code/01_GD32F407_OTA_App/Library/TIMER.c","projects/05-mqtt-ota-system/application/course/Library/TIMER.c","VERBATIM","e32690d22b9982482691676795f7ebf70e27ca01b1cf3ababa165c3e65c91a6a","e32690d22b9982482691676795f7ebf70e27ca01b1cf3ababa165c3e65c91a6a","MATCH",""
"day05/Code/Code/01_GD32F407_OTA_App/Library/TIMER.h","projects/05-mqtt-ota-system/application/course/Library/TIMER.h","VERBATIM","589b5271d5c286801849960b11984b42ab88089f55d2e9393e8469ec6c42664f","589b5271d5c286801849960b11984b42ab88089f55d2e9393e8469ec6c42664f","MATCH",""
"day05/Code/Code/01_GD32F407_OTA_App/Library/USART/USART_config.h","projects/05-mqtt-ota-system/application/course/Library/USART/USART_config.h","VERBATIM","30f96e44b1ff25337d8591f9db152aed2fccbde9b18de801e129e7ca3f675a1c","30f96e44b1ff25337d8591f9db152aed2fccbde9b18de801e129e7ca3f675a1c","MATCH",""
"day05/Code/Code/01_GD32F407_OTA_App/Library/USART/USART.c","projects/05-mqtt-ota-system/application/course/Library/USART/USART.c","VERBATIM","aa584fadbc19286ac5492e068dca7a93efa402c5652cccb0e563003b79a3b96b","aa584fadbc19286ac5492e068dca7a93efa402c5652cccb0e563003b79a3b96b","MATCH",""
"day05/Code/Code/01_GD32F407_OTA_App/Library/USART/USART.h","projects/05-mqtt-ota-system/application/course/Library/USART/USART.h","VERBATIM","4242ade6a29cc3dc938ca6ddb89905ee525fb8d0a9837323c7cd0f17d2d6dbfa","4242ade6a29cc3dc938ca6ddb89905ee525fb8d0a9837323c7cd0f17d2d6dbfa","MATCH",""
"day05/Code/Code/01_GD32F407_OTA_App/Library/USART/USART0.c","projects/05-mqtt-ota-system/application/course/Library/USART/USART0.c","VERBATIM","d30ec7e30aea5afc0b64062eebea846c587f95f76bfed493475d370dc33b37ef","d30ec7e30aea5afc0b64062eebea846c587f95f76bfed493475d370dc33b37ef","MATCH",""
"day05/Code/Code/01_GD32F407_OTA_App/Library/USART/USART0.h","projects/05-mqtt-ota-system/application/course/Library/USART/USART0.h","VERBATIM","58d96f267dbbc3582c0622526177c7d0eccef031019ef990796afccb44a908db","58d96f267dbbc3582c0622526177c7d0eccef031019ef990796afccb44a908db","MATCH",""
"day05/Code/Code/01_GD32F407_OTA_App/Library/USART/USART1.c","projects/05-mqtt-ota-system/application/course/Library/USART/USART1.c","VERBATIM","9a6de68381da651969320719756e612b82da20c772aa3b7c9e6df4871247ee57","9a6de68381da651969320719756e612b82da20c772aa3b7c9e6df4871247ee57","MATCH",""
"day05/Code/Code/01_GD32F407_OTA_App/Library/USART/USART1.h","projects/05-mqtt-ota-system/application/course/Library/USART/USART1.h","VERBATIM","613ec47204418fbbeb443a5c1567065bc07a487c386aec4f6756f84f46807866","613ec47204418fbbeb443a5c1567065bc07a487c386aec4f6756f84f46807866","MATCH",""
"day05/Code/Code/01_GD32F407_OTA_App/Library/USART/USART2.c","projects/05-mqtt-ota-system/application/course/Library/USART/USART2.c","VERBATIM","15980b5d2490768e6e53670f0772b0f41edd22173e0a032e13337ed10c7b29fd","15980b5d2490768e6e53670f0772b0f41edd22173e0a032e13337ed10c7b29fd","MATCH",""
"day05/Code/Code/01_GD32F407_OTA_App/Library/USART/USART2.h","projects/05-mqtt-ota-system/application/course/Library/USART/USART2.h","VERBATIM","942a178070b4ffc824c3ac3a5b41afd1451245f5b62ce5a22854bd5894c733bc","942a178070b4ffc824c3ac3a5b41afd1451245f5b62ce5a22854bd5894c733bc","MATCH",""
"day05/Code/Code/01_GD32F407_OTA_App/Project/GD32F407.uvprojx","projects/05-mqtt-ota-system/application/course/Project/GD32F407.uvprojx","VERBATIM","66879d394761b0c94fa7ba0fdb2f4bcd98afd5aee1b18fef80cb9a700af64035","66879d394761b0c94fa7ba0fdb2f4bcd98afd5aee1b18fef80cb9a700af64035","MATCH",""
"day05/Code/Code/01_GD32F407_OTA_App/User/delay.c","projects/05-mqtt-ota-system/application/course/User/delay.c","VERBATIM","9925ebb469b96f3a6959ece35a3f473d3cdf2b01b2bb6ceb2eef02a506d4bdb1","9925ebb469b96f3a6959ece35a3f473d3cdf2b01b2bb6ceb2eef02a506d4bdb1","MATCH",""
"day05/Code/Code/01_GD32F407_OTA_App/User/delay.h","projects/05-mqtt-ota-system/application/course/User/delay.h","VERBATIM","f02fdf3663241e68dae0737394a6f99048394dc8a4e261537e933ab9bc179640","f02fdf3663241e68dae0737394a6f99048394dc8a4e261537e933ab9bc179640","MATCH",""
"day05/Code/Code/01_GD32F407_OTA_App/User/gd32f4xx_it.c","projects/05-mqtt-ota-system/application/course/User/gd32f4xx_it.c","VERBATIM","5be8e65b392a41354e513056974d1869598af02739a7ce6419e611d6aa3979c6","5be8e65b392a41354e513056974d1869598af02739a7ce6419e611d6aa3979c6","MATCH",""
"day05/Code/Code/01_GD32F407_OTA_App/User/gd32f4xx_it.h","projects/05-mqtt-ota-system/application/course/User/gd32f4xx_it.h","VERBATIM","b4995762ae5ceb7125cc9720cea7e2bad8640c23b87ed1856d9b8a380a5fc8c3","b4995762ae5ceb7125cc9720cea7e2bad8640c23b87ed1856d9b8a380a5fc8c3","MATCH",""
"day05/Code/Code/01_GD32F407_OTA_App/User/gd32f4xx_libopt.h","projects/05-mqtt-ota-system/application/course/User/gd32f4xx_libopt.h","VERBATIM","702c6d85987bcdddd363a8412c5806255f6c746065da984eb21896c5ddd6bf09","702c6d85987bcdddd363a8412c5806255f6c746065da984eb21896c5ddd6bf09","MATCH",""
"day05/Code/Code/01_GD32F407_OTA_App/User/main.c","projects/05-mqtt-ota-system/application/course/User/main.c","VERBATIM","5513d040989bd876f012a15758463c51fed02b2810c119aa9ce6060fdd3b4079","5513d040989bd876f012a15758463c51fed02b2810c119aa9ce6060fdd3b4079","MATCH",""
"day05/Code/Code/01_GD32F407_OTA_App/User/main.h","projects/05-mqtt-ota-system/application/course/User/main.h","VERBATIM","724b8affcda9984a7b0f94ac7a7bb1005015ac3ca9e2cf59e5bff08b58ceafd1","724b8affcda9984a7b0f94ac7a7bb1005015ac3ca9e2cf59e5bff08b58ceafd1","MATCH",""
"day05/Code/Code/01_GD32F407_OTA_App/User/readme.txt","projects/05-mqtt-ota-system/application/course/User/readme.txt","VERBATIM","a45bd1e14d470b46be2d57c9d35147e41204556cc4bb4e25ea3c7b6b424a0b7c","a45bd1e14d470b46be2d57c9d35147e41204556cc4bb4e25ea3c7b6b424a0b7c","MATCH",""
"day05/Code/Code/01_GD32F407_OTA_App/User/systick.c","projects/05-mqtt-ota-system/application/course/User/systick.c","VERBATIM","cb5fdf3914871d32a49f1e4c6ab744d8616919350c0e89c626fee07d4b5cde14","cb5fdf3914871d32a49f1e4c6ab744d8616919350c0e89c626fee07d4b5cde14","MATCH",""
"day05/Code/Code/01_GD32F407_OTA_App/User/systick.h","projects/05-mqtt-ota-system/application/course/User/systick.h","VERBATIM","bdd191cbdb4af1142d4365feac8197b72307be9b7e5cb1e0c6e0963a1c3ecb24","bdd191cbdb4af1142d4365feac8197b72307be9b7e5cb1e0c6e0963a1c3ecb24","MATCH",""
"day05/Code/Code/01_GD32F407_OTA_App/User/tasks_timer.c","projects/05-mqtt-ota-system/application/course/User/tasks_timer.c","VERBATIM","20cd7c8fe774a010f6602f4c5b452b70968b28441b6a77a22c14a4ce5b0db716","20cd7c8fe774a010f6602f4c5b452b70968b28441b6a77a22c14a4ce5b0db716","MATCH",""
"day05/Code/Code/01_GD32F407_OTA_App/User/tasks_timer.h","projects/05-mqtt-ota-system/application/course/User/tasks_timer.h","VERBATIM","0a2c8613335ff4f98ea42a36582ae288e03df75c445cfeae105995e1325757b9","0a2c8613335ff4f98ea42a36582ae288e03df75c445cfeae105995e1325757b9","MATCH",""
"day05/Code/Code/01_GD32F407_OTA_App/User/tasks.c","projects/05-mqtt-ota-system/application/course/User/tasks.c","VERBATIM","1612fcdee5c7fe244dc948dc02a07e8caf6f9bdf3966e9f1a0440e499b02cae0","1612fcdee5c7fe244dc948dc02a07e8caf6f9bdf3966e9f1a0440e499b02cae0","MATCH",""
"day05/Code/Code/01_GD32F407_OTA_App/User/tasks.h","projects/05-mqtt-ota-system/application/course/User/tasks.h","VERBATIM","79e5a9d6f8ba5ac1619e6795b645839801b438b83c738810ba4a7078b156d975","79e5a9d6f8ba5ac1619e6795b645839801b438b83c738810ba4a7078b156d975","MATCH",""
"day05/Code/Code/02_GD32F407_OTA_Bootloader/App/App_Input.c","projects/05-mqtt-ota-system/bootloader/course/App/App_Input.c","VERBATIM","fdeff892e0f949c4b436731587dbeaa664729725992d096cb7916f63afb4feef","fdeff892e0f949c4b436731587dbeaa664729725992d096cb7916f63afb4feef","MATCH",""
"day05/Code/Code/02_GD32F407_OTA_Bootloader/App/App_OTA.c","projects/05-mqtt-ota-system/bootloader/course/App/App_OTA.c","VERBATIM","ab15ff207889bbaa69aa8d06bc478d13e7c26016387c48b559808e08a82eaa01","ab15ff207889bbaa69aa8d06bc478d13e7c26016387c48b559808e08a82eaa01","MATCH",""
"day05/Code/Code/02_GD32F407_OTA_Bootloader/App/App_Wifi.c","projects/05-mqtt-ota-system/bootloader/course/App/App_Wifi.c","VERBATIM","41cf0a9b19e378ba59f9b486c1be3b590267d096497639f25d8ab93d008140c6","41cf0a9b19e378ba59f9b486c1be3b590267d096497639f25d8ab93d008140c6","MATCH",""
"day05/Code/Code/02_GD32F407_OTA_Bootloader/App/App.h","projects/05-mqtt-ota-system/bootloader/course/App/App.h","VERBATIM","2f7b7555f2545e0f209dfe0aded7c8948841c6baa1e0a15d9b87d13582101e04","2f7b7555f2545e0f209dfe0aded7c8948841c6baa1e0a15d9b87d13582101e04","MATCH",""
"day05/Code/Code/02_GD32F407_OTA_Bootloader/App/tasks_app.c","projects/05-mqtt-ota-system/bootloader/course/App/tasks_app.c","VERBATIM","49ab5c3f5320093de492d6db376f5b9f9b999bf9e2440e3d2b16c6dcb4657962","49ab5c3f5320093de492d6db376f5b9f9b999bf9e2440e3d2b16c6dcb4657962","MATCH",""
"day05/Code/Code/02_GD32F407_OTA_Bootloader/Common/flash_drv.c","projects/05-mqtt-ota-system/bootloader/course/Common/flash_drv.c","VERBATIM","d1ef57fcadeec305daed044553063a66503f50df5dc793312e5b356ec10178ac","d1ef57fcadeec305daed044553063a66503f50df5dc793312e5b356ec10178ac","MATCH",""
"day05/Code/Code/02_GD32F407_OTA_Bootloader/Common/flash_drv.h","projects/05-mqtt-ota-system/bootloader/course/Common/flash_drv.h","VERBATIM","f836e745ed922e0c1850aa8814fbb267218cd496be5cd7acef62b2e4d0144df0","f836e745ed922e0c1850aa8814fbb267218cd496be5cd7acef62b2e4d0144df0","MATCH",""
"day05/Code/Code/02_GD32F407_OTA_Bootloader/Common/fmc_operation.c","projects/05-mqtt-ota-system/bootloader/course/Common/fmc_operation.c","VERBATIM","996936d0d884172b36d96e9155f713489d099770f22b2f8d4ddbc7c9226c3c33","996936d0d884172b36d96e9155f713489d099770f22b2f8d4ddbc7c9226c3c33","MATCH",""
"day05/Code/Code/02_GD32F407_OTA_Bootloader/Common/fmc_operation.h","projects/05-mqtt-ota-system/bootloader/course/Common/fmc_operation.h","VERBATIM","3fc83074fa0df26c416ed8f0485d7cc88d8973c837ab24089723a7938f9bd1ce","3fc83074fa0df26c416ed8f0485d7cc88d8973c837ab24089723a7938f9bd1ce","MATCH",""
"day05/Code/Code/02_GD32F407_OTA_Bootloader/Common/iap_driver.c","projects/05-mqtt-ota-system/bootloader/course/Common/iap_driver.c","VERBATIM","b05c3081daace61a8ac10e64aa7549b650073dea73f52b41f694c1eaf2d922c5","b05c3081daace61a8ac10e64aa7549b650073dea73f52b41f694c1eaf2d922c5","MATCH",""
"day05/Code/Code/02_GD32F407_OTA_Bootloader/Common/iap_driver.h","projects/05-mqtt-ota-system/bootloader/course/Common/iap_driver.h","VERBATIM","4273f301579da4a08b761839f4653812337d8514feb209e204c40396df39f1ab","4273f301579da4a08b761839f4653812337d8514feb209e204c40396df39f1ab","MATCH",""
"day05/Code/Code/02_GD32F407_OTA_Bootloader/Common/store_app.c","projects/05-mqtt-ota-system/bootloader/course/Common/store_app.c","VERBATIM","be774c34baaa2181b7358839eeba358744fcdf65f5babf92b6e29020ff3f6966","be774c34baaa2181b7358839eeba358744fcdf65f5babf92b6e29020ff3f6966","MATCH",""
"day05/Code/Code/02_GD32F407_OTA_Bootloader/Common/store_app.h","projects/05-mqtt-ota-system/bootloader/course/Common/store_app.h","VERBATIM","fe2ff270f0856d2527637eab9297234e4ae99aaa3dea01219c787908c51be0d9","fe2ff270f0856d2527637eab9297234e4ae99aaa3dea01219c787908c51be0d9","MATCH",""
"day05/Code/Code/02_GD32F407_OTA_Bootloader/Common/update.c","projects/05-mqtt-ota-system/bootloader/course/Common/update.c","SANITIZED_DERIVATIVE","a28531acc827e9d09a686ae369cb330921c77a7c6b2360c229e458b810d570a1","e503d50703b452d64da82ce41fb2167c7874128a04f18dce7895f956546ba40c","EXPECTED_DIFFERENCE","CREDENTIAL_REDACTION"
"day05/Code/Code/02_GD32F407_OTA_Bootloader/Common/update.h","projects/05-mqtt-ota-system/bootloader/course/Common/update.h","VERBATIM","4f437f22f6733a2d8565d990f2fdfe09454fa29cc5d7ef4d3414a7452c52f5c6","4f437f22f6733a2d8565d990f2fdfe09454fa29cc5d7ef4d3414a7452c52f5c6","MATCH",""
"day05/Code/Code/02_GD32F407_OTA_Bootloader/Common/wifi_drv.c","projects/05-mqtt-ota-system/bootloader/course/Common/wifi_drv.c","VERBATIM","409f3d48088517eb10f74c4584d66a4015242796b4ab8e59155d72e253cfcecd","409f3d48088517eb10f74c4584d66a4015242796b4ab8e59155d72e253cfcecd","MATCH",""
"day05/Code/Code/02_GD32F407_OTA_Bootloader/Common/wifi_drv.h","projects/05-mqtt-ota-system/bootloader/course/Common/wifi_drv.h","VERBATIM","6e7f99b1169ae75da4c487c4a10c7db1617254812b32209cc71f456a06f36993","6e7f99b1169ae75da4c487c4a10c7db1617254812b32209cc71f456a06f36993","MATCH",""
"day05/Code/Code/02_GD32F407_OTA_Bootloader/Firmware/CMSIS/core_cm4_simd.h","projects/05-mqtt-ota-system/bootloader/course/Firmware/CMSIS/core_cm4_simd.h","VERBATIM","0c2a0c2d66c7791b82ca19d10336c96518830ef359f6bfd9da7477bc2cbccbbb","0c2a0c2d66c7791b82ca19d10336c96518830ef359f6bfd9da7477bc2cbccbbb","MATCH",""
"day05/Code/Code/02_GD32F407_OTA_Bootloader/Firmware/CMSIS/core_cm4.h","projects/05-mqtt-ota-system/bootloader/course/Firmware/CMSIS/core_cm4.h","VERBATIM","4756546e1449d17b1a7dee2f3307f2c92c9f1d669c3f5dfc3ee1dec8aee9a8f7","4756546e1449d17b1a7dee2f3307f2c92c9f1d669c3f5dfc3ee1dec8aee9a8f7","MATCH",""
"day05/Code/Code/02_GD32F407_OTA_Bootloader/Firmware/CMSIS/core_cmFunc.h","projects/05-mqtt-ota-system/bootloader/course/Firmware/CMSIS/core_cmFunc.h","VERBATIM","5075ff67c8e264b83d9b391c07c6512e26abbc189e321de0d8b4375476980e5e","5075ff67c8e264b83d9b391c07c6512e26abbc189e321de0d8b4375476980e5e","MATCH",""
"day05/Code/Code/02_GD32F407_OTA_Bootloader/Firmware/CMSIS/core_cmInstr.h","projects/05-mqtt-ota-system/bootloader/course/Firmware/CMSIS/core_cmInstr.h","VERBATIM","c35ddca16ca04646dc70acf2d592ad9eaeaaecd8125a32abb710069648266eb5","c35ddca16ca04646dc70acf2d592ad9eaeaaecd8125a32abb710069648266eb5","MATCH",""
"day05/Code/Code/02_GD32F407_OTA_Bootloader/Firmware/CMSIS/GD/GD32F4xx/Include/gd32f4xx.h","projects/05-mqtt-ota-system/bootloader/course/Firmware/CMSIS/GD/GD32F4xx/Include/gd32f4xx.h","VERBATIM","96f1f6884c9885d32df760a385ca0b5e8e9b20c066f71b946771a00503623a62","96f1f6884c9885d32df760a385ca0b5e8e9b20c066f71b946771a00503623a62","MATCH",""
"day05/Code/Code/02_GD32F407_OTA_Bootloader/Firmware/CMSIS/GD/GD32F4xx/Include/system_gd32f4xx.h","projects/05-mqtt-ota-system/bootloader/course/Firmware/CMSIS/GD/GD32F4xx/Include/system_gd32f4xx.h","VERBATIM","98ef2dd6dd7f6d2542c4d5ca83e9869be3630b43300cb9ab453703e4277913bd","98ef2dd6dd7f6d2542c4d5ca83e9869be3630b43300cb9ab453703e4277913bd","MATCH",""
"day05/Code/Code/02_GD32F407_OTA_Bootloader/Firmware/CMSIS/GD/GD32F4xx/Source/ARM/startup_gd32f405_425.s","projects/05-mqtt-ota-system/bootloader/course/Firmware/CMSIS/GD/GD32F4xx/Source/ARM/startup_gd32f405_425.s","VERBATIM","aef6290f6950c0b7fb922fd12b91b3fc34ada707a6846aa5d7a1277fdd50fbd9","aef6290f6950c0b7fb922fd12b91b3fc34ada707a6846aa5d7a1277fdd50fbd9","MATCH",""
"day05/Code/Code/02_GD32F407_OTA_Bootloader/Firmware/CMSIS/GD/GD32F4xx/Source/ARM/startup_gd32f407_427.s","projects/05-mqtt-ota-system/bootloader/course/Firmware/CMSIS/GD/GD32F4xx/Source/ARM/startup_gd32f407_427.s","VERBATIM","8bd565510812682bb78eabde21966437e355651d87969df804bb7a03f6a1966c","8bd565510812682bb78eabde21966437e355651d87969df804bb7a03f6a1966c","MATCH",""
"day05/Code/Code/02_GD32F407_OTA_Bootloader/Firmware/CMSIS/GD/GD32F4xx/Source/ARM/startup_gd32f450_470.s","projects/05-mqtt-ota-system/bootloader/course/Firmware/CMSIS/GD/GD32F4xx/Source/ARM/startup_gd32f450_470.s","VERBATIM","a4e9852ba47aad025de9645d067fab33dda87b8e82dea6d77b3364f902345299","a4e9852ba47aad025de9645d067fab33dda87b8e82dea6d77b3364f902345299","MATCH",""
"day05/Code/Code/02_GD32F407_OTA_Bootloader/Firmware/CMSIS/GD/GD32F4xx/Source/IAR/startup_gd32f405_425.s","projects/05-mqtt-ota-system/bootloader/course/Firmware/CMSIS/GD/GD32F4xx/Source/IAR/startup_gd32f405_425.s","VERBATIM","70e76c6ad0182a5682773261e308008bc1102c09839605a0e058851173026836","70e76c6ad0182a5682773261e308008bc1102c09839605a0e058851173026836","MATCH",""
"day05/Code/Code/02_GD32F407_OTA_Bootloader/Firmware/CMSIS/GD/GD32F4xx/Source/IAR/startup_gd32f407_427.s","projects/05-mqtt-ota-system/bootloader/course/Firmware/CMSIS/GD/GD32F4xx/Source/IAR/startup_gd32f407_427.s","VERBATIM","550d6ca54de7f8fcb2791aaf9141666ba15978c55017fa6798bf0ca80a2864c6","550d6ca54de7f8fcb2791aaf9141666ba15978c55017fa6798bf0ca80a2864c6","MATCH",""
"day05/Code/Code/02_GD32F407_OTA_Bootloader/Firmware/CMSIS/GD/GD32F4xx/Source/IAR/startup_gd32f450_470.s","projects/05-mqtt-ota-system/bootloader/course/Firmware/CMSIS/GD/GD32F4xx/Source/IAR/startup_gd32f450_470.s","VERBATIM","ee6654f1d551c6937d014fe943342b0395a32076e5ac8dd688c600eacb9bd343","ee6654f1d551c6937d014fe943342b0395a32076e5ac8dd688c600eacb9bd343","MATCH",""
"day05/Code/Code/02_GD32F407_OTA_Bootloader/Firmware/CMSIS/GD/GD32F4xx/Source/system_gd32f4xx.c","projects/05-mqtt-ota-system/bootloader/course/Firmware/CMSIS/GD/GD32F4xx/Source/system_gd32f4xx.c","VERBATIM","8f66a123756716cf74297a7b54eec616f230cbbc37dfb60f21bf05d1bc070836","8f66a123756716cf74297a7b54eec616f230cbbc37dfb60f21bf05d1bc070836","MATCH",""
"day05/Code/Code/02_GD32F407_OTA_Bootloader/Firmware/GD32F4xx_standard_peripheral/Include/gd32f4xx_adc.h","projects/05-mqtt-ota-system/bootloader/course/Firmware/GD32F4xx_standard_peripheral/Include/gd32f4xx_adc.h","VERBATIM","d6b41e007f1ee95e5fa1b495f94924f7e6166439fbf3e9234a26b5fa6c32f1de","d6b41e007f1ee95e5fa1b495f94924f7e6166439fbf3e9234a26b5fa6c32f1de","MATCH",""
"day05/Code/Code/02_GD32F407_OTA_Bootloader/Firmware/GD32F4xx_standard_peripheral/Include/gd32f4xx_can.h","projects/05-mqtt-ota-system/bootloader/course/Firmware/GD32F4xx_standard_peripheral/Include/gd32f4xx_can.h","VERBATIM","62a96066d7b8a1cef45ab4092fce5058b962050eb1c9e4b3585f0e19b9f30578","62a96066d7b8a1cef45ab4092fce5058b962050eb1c9e4b3585f0e19b9f30578","MATCH",""
"day05/Code/Code/02_GD32F407_OTA_Bootloader/Firmware/GD32F4xx_standard_peripheral/Include/gd32f4xx_crc.h","projects/05-mqtt-ota-system/bootloader/course/Firmware/GD32F4xx_standard_peripheral/Include/gd32f4xx_crc.h","VERBATIM","4870f145aeec968f3a7a0a5068105591e1adeb9a37a5e47fdcc9d27d7d3afbd6","4870f145aeec968f3a7a0a5068105591e1adeb9a37a5e47fdcc9d27d7d3afbd6","MATCH",""
"day05/Code/Code/02_GD32F407_OTA_Bootloader/Firmware/GD32F4xx_standard_peripheral/Include/gd32f4xx_ctc.h","projects/05-mqtt-ota-system/bootloader/course/Firmware/GD32F4xx_standard_peripheral/Include/gd32f4xx_ctc.h","VERBATIM","900ab7d5f9c585834166a58966c8d523ff91d410066d00bbed3e6522c25782d7","900ab7d5f9c585834166a58966c8d523ff91d410066d00bbed3e6522c25782d7","MATCH",""
"day05/Code/Code/02_GD32F407_OTA_Bootloader/Firmware/GD32F4xx_standard_peripheral/Include/gd32f4xx_dac.h","projects/05-mqtt-ota-system/bootloader/course/Firmware/GD32F4xx_standard_peripheral/Include/gd32f4xx_dac.h","VERBATIM","86057cc0c52a32f955a12f47aba1e4997ac2daba13b10a686d8777579f638afb","86057cc0c52a32f955a12f47aba1e4997ac2daba13b10a686d8777579f638afb","MATCH",""
"day05/Code/Code/02_GD32F407_OTA_Bootloader/Firmware/GD32F4xx_standard_peripheral/Include/gd32f4xx_dbg.h","projects/05-mqtt-ota-system/bootloader/course/Firmware/GD32F4xx_standard_peripheral/Include/gd32f4xx_dbg.h","VERBATIM","21a089b5880f1d101116bd37eaac7a085a103901a40900e75941130d901b150e","21a089b5880f1d101116bd37eaac7a085a103901a40900e75941130d901b150e","MATCH",""
"day05/Code/Code/02_GD32F407_OTA_Bootloader/Firmware/GD32F4xx_standard_peripheral/Include/gd32f4xx_dci.h","projects/05-mqtt-ota-system/bootloader/course/Firmware/GD32F4xx_standard_peripheral/Include/gd32f4xx_dci.h","VERBATIM","787f449f0b2eba5bbcc92b0d50899fa668cea6ed9ccab3960eba0b2253cc7748","787f449f0b2eba5bbcc92b0d50899fa668cea6ed9ccab3960eba0b2253cc7748","MATCH",""
"day05/Code/Code/02_GD32F407_OTA_Bootloader/Firmware/GD32F4xx_standard_peripheral/Include/gd32f4xx_dma.h","projects/05-mqtt-ota-system/bootloader/course/Firmware/GD32F4xx_standard_peripheral/Include/gd32f4xx_dma.h","VERBATIM","f358957ebf98c4c449480a088e349cdac2716394c24fa4111de08b06fcdc5094","f358957ebf98c4c449480a088e349cdac2716394c24fa4111de08b06fcdc5094","MATCH",""
"day05/Code/Code/02_GD32F407_OTA_Bootloader/Firmware/GD32F4xx_standard_peripheral/Include/gd32f4xx_enet.h","projects/05-mqtt-ota-system/bootloader/course/Firmware/GD32F4xx_standard_peripheral/Include/gd32f4xx_enet.h","VERBATIM","2bdbc2be9b0e3ba398deeab38021442a2cfeedff21fc353cf3b16c717a2cdf9b","2bdbc2be9b0e3ba398deeab38021442a2cfeedff21fc353cf3b16c717a2cdf9b","MATCH",""
"day05/Code/Code/02_GD32F407_OTA_Bootloader/Firmware/GD32F4xx_standard_peripheral/Include/gd32f4xx_exmc.h","projects/05-mqtt-ota-system/bootloader/course/Firmware/GD32F4xx_standard_peripheral/Include/gd32f4xx_exmc.h","VERBATIM","68482b678dd868085a6be6317eec18873d43f895936e503487e843e561a0d55e","68482b678dd868085a6be6317eec18873d43f895936e503487e843e561a0d55e","MATCH",""
"day05/Code/Code/02_GD32F407_OTA_Bootloader/Firmware/GD32F4xx_standard_peripheral/Include/gd32f4xx_exti.h","projects/05-mqtt-ota-system/bootloader/course/Firmware/GD32F4xx_standard_peripheral/Include/gd32f4xx_exti.h","VERBATIM","705948f029f63a5995d9849a60e417d6210ece34c8e942c76a2d4e7a2b927426","705948f029f63a5995d9849a60e417d6210ece34c8e942c76a2d4e7a2b927426","MATCH",""
"day05/Code/Code/02_GD32F407_OTA_Bootloader/Firmware/GD32F4xx_standard_peripheral/Include/gd32f4xx_fmc.h","projects/05-mqtt-ota-system/bootloader/course/Firmware/GD32F4xx_standard_peripheral/Include/gd32f4xx_fmc.h","VERBATIM","5a5d9f0b1ce1e7486206130f80048f81a6d3e9e6337bf0a4c69d4a1d5edc9f7e","5a5d9f0b1ce1e7486206130f80048f81a6d3e9e6337bf0a4c69d4a1d5edc9f7e","MATCH",""
"day05/Code/Code/02_GD32F407_OTA_Bootloader/Firmware/GD32F4xx_standard_peripheral/Include/gd32f4xx_fwdgt.h","projects/05-mqtt-ota-system/bootloader/course/Firmware/GD32F4xx_standard_peripheral/Include/gd32f4xx_fwdgt.h","VERBATIM","04cb4ee0d6526910cf9ca8befc437fc6df3fdfe09fb0bc418ab7ea5c19611a50","04cb4ee0d6526910cf9ca8befc437fc6df3fdfe09fb0bc418ab7ea5c19611a50","MATCH",""
"day05/Code/Code/02_GD32F407_OTA_Bootloader/Firmware/GD32F4xx_standard_peripheral/Include/gd32f4xx_gpio.h","projects/05-mqtt-ota-system/bootloader/course/Firmware/GD32F4xx_standard_peripheral/Include/gd32f4xx_gpio.h","VERBATIM","a20501a28644bf45b8e3c4ab2a7237466805c1480b06e7d6c8585296d7f08787","a20501a28644bf45b8e3c4ab2a7237466805c1480b06e7d6c8585296d7f08787","MATCH",""
"day05/Code/Code/02_GD32F407_OTA_Bootloader/Firmware/GD32F4xx_standard_peripheral/Include/gd32f4xx_i2c.h","projects/05-mqtt-ota-system/bootloader/course/Firmware/GD32F4xx_standard_peripheral/Include/gd32f4xx_i2c.h","VERBATIM","6cf4053e2452263cdfcb98da0832ce1f2f1b0380c1bea5d4284c1df0d5cbbb05","6cf4053e2452263cdfcb98da0832ce1f2f1b0380c1bea5d4284c1df0d5cbbb05","MATCH",""
"day05/Code/Code/02_GD32F407_OTA_Bootloader/Firmware/GD32F4xx_standard_peripheral/Include/gd32f4xx_ipa.h","projects/05-mqtt-ota-system/bootloader/course/Firmware/GD32F4xx_standard_peripheral/Include/gd32f4xx_ipa.h","VERBATIM","1ad22068402e09bae4117e637ed972fcd7452751ccbe01c7829aea7df45ae8ae","1ad22068402e09bae4117e637ed972fcd7452751ccbe01c7829aea7df45ae8ae","MATCH",""
"day05/Code/Code/02_GD32F407_OTA_Bootloader/Firmware/GD32F4xx_standard_peripheral/Include/gd32f4xx_iref.h","projects/05-mqtt-ota-system/bootloader/course/Firmware/GD32F4xx_standard_peripheral/Include/gd32f4xx_iref.h","VERBATIM","d9d1e67fd4473f44b2f7e22bb78c3dfa9b5109d083af1b0fdc63ec657b241c4a","d9d1e67fd4473f44b2f7e22bb78c3dfa9b5109d083af1b0fdc63ec657b241c4a","MATCH",""
"day05/Code/Code/02_GD32F407_OTA_Bootloader/Firmware/GD32F4xx_standard_peripheral/Include/gd32f4xx_misc.h","projects/05-mqtt-ota-system/bootloader/course/Firmware/GD32F4xx_standard_peripheral/Include/gd32f4xx_misc.h","VERBATIM","0a918f830f0200c0e806dfb50594259783e69d8adbc27708705567f7193d35fb","0a918f830f0200c0e806dfb50594259783e69d8adbc27708705567f7193d35fb","MATCH",""
"day05/Code/Code/02_GD32F407_OTA_Bootloader/Firmware/GD32F4xx_standard_peripheral/Include/gd32f4xx_pmu.h","projects/05-mqtt-ota-system/bootloader/course/Firmware/GD32F4xx_standard_peripheral/Include/gd32f4xx_pmu.h","VERBATIM","b9a72b6e42083efd170c0c5fbe579c5d6417f9bbf674db36041be96fcbd84636","b9a72b6e42083efd170c0c5fbe579c5d6417f9bbf674db36041be96fcbd84636","MATCH",""
"day05/Code/Code/02_GD32F407_OTA_Bootloader/Firmware/GD32F4xx_standard_peripheral/Include/gd32f4xx_rcu.h","projects/05-mqtt-ota-system/bootloader/course/Firmware/GD32F4xx_standard_peripheral/Include/gd32f4xx_rcu.h","VERBATIM","ac2b2ae653edc89e674eda24e1cfe8b511b73984ae0cabed3df60ba61f8eef08","ac2b2ae653edc89e674eda24e1cfe8b511b73984ae0cabed3df60ba61f8eef08","MATCH",""
"day05/Code/Code/02_GD32F407_OTA_Bootloader/Firmware/GD32F4xx_standard_peripheral/Include/gd32f4xx_rtc.h","projects/05-mqtt-ota-system/bootloader/course/Firmware/GD32F4xx_standard_peripheral/Include/gd32f4xx_rtc.h","VERBATIM","1798b1b495683096d4491cf0f854957d2ad60612f65a801ed0e7a4bee49fa549","1798b1b495683096d4491cf0f854957d2ad60612f65a801ed0e7a4bee49fa549","MATCH",""
"day05/Code/Code/02_GD32F407_OTA_Bootloader/Firmware/GD32F4xx_standard_peripheral/Include/gd32f4xx_sdio.h","projects/05-mqtt-ota-system/bootloader/course/Firmware/GD32F4xx_standard_peripheral/Include/gd32f4xx_sdio.h","VERBATIM","8d6813efc565e3085611d767ea4e670e0c76a256c6f17fc93f313bcb11d0385a","8d6813efc565e3085611d767ea4e670e0c76a256c6f17fc93f313bcb11d0385a","MATCH",""
"day05/Code/Code/02_GD32F407_OTA_Bootloader/Firmware/GD32F4xx_standard_peripheral/Include/gd32f4xx_spi.h","projects/05-mqtt-ota-system/bootloader/course/Firmware/GD32F4xx_standard_peripheral/Include/gd32f4xx_spi.h","VERBATIM","4c6360c8fe58d4a38e4870bcba17630857551d3ec7b4bd3ddeb5085c31240b1c","4c6360c8fe58d4a38e4870bcba17630857551d3ec7b4bd3ddeb5085c31240b1c","MATCH",""
"day05/Code/Code/02_GD32F407_OTA_Bootloader/Firmware/GD32F4xx_standard_peripheral/Include/gd32f4xx_syscfg.h","projects/05-mqtt-ota-system/bootloader/course/Firmware/GD32F4xx_standard_peripheral/Include/gd32f4xx_syscfg.h","VERBATIM","5060fef0a07a3fc1396a31f09f95fe1d134f8a1fb1581e3dd98bb6078108c447","5060fef0a07a3fc1396a31f09f95fe1d134f8a1fb1581e3dd98bb6078108c447","MATCH",""
"day05/Code/Code/02_GD32F407_OTA_Bootloader/Firmware/GD32F4xx_standard_peripheral/Include/gd32f4xx_timer.h","projects/05-mqtt-ota-system/bootloader/course/Firmware/GD32F4xx_standard_peripheral/Include/gd32f4xx_timer.h","VERBATIM","7a79f81f1d862a1b49f23bfe05b1ac751a71e761b6e63c2dffabe6c7bc69ac49","7a79f81f1d862a1b49f23bfe05b1ac751a71e761b6e63c2dffabe6c7bc69ac49","MATCH",""
"day05/Code/Code/02_GD32F407_OTA_Bootloader/Firmware/GD32F4xx_standard_peripheral/Include/gd32f4xx_tli.h","projects/05-mqtt-ota-system/bootloader/course/Firmware/GD32F4xx_standard_peripheral/Include/gd32f4xx_tli.h","VERBATIM","1b94ea157ac8ce2fed962b0c4ff95b6702c6194300aa51b04c3aafe493768d2a","1b94ea157ac8ce2fed962b0c4ff95b6702c6194300aa51b04c3aafe493768d2a","MATCH",""
"day05/Code/Code/02_GD32F407_OTA_Bootloader/Firmware/GD32F4xx_standard_peripheral/Include/gd32f4xx_trng.h","projects/05-mqtt-ota-system/bootloader/course/Firmware/GD32F4xx_standard_peripheral/Include/gd32f4xx_trng.h","VERBATIM","91e2bb5affefa65f90927fad795faa0f4204516284eca38e461506f0cd9ca924","91e2bb5affefa65f90927fad795faa0f4204516284eca38e461506f0cd9ca924","MATCH",""
"day05/Code/Code/02_GD32F407_OTA_Bootloader/Firmware/GD32F4xx_standard_peripheral/Include/gd32f4xx_usart.h","projects/05-mqtt-ota-system/bootloader/course/Firmware/GD32F4xx_standard_peripheral/Include/gd32f4xx_usart.h","VERBATIM","6cf40e957a1216c99e3663d667de1944c42272897011834bf20adcd97e791074","6cf40e957a1216c99e3663d667de1944c42272897011834bf20adcd97e791074","MATCH",""
"day05/Code/Code/02_GD32F407_OTA_Bootloader/Firmware/GD32F4xx_standard_peripheral/Include/gd32f4xx_wwdgt.h","projects/05-mqtt-ota-system/bootloader/course/Firmware/GD32F4xx_standard_peripheral/Include/gd32f4xx_wwdgt.h","VERBATIM","01eecfc98b4507aeb8f0afbe7d994ea0a617a79e5d4eb2d1d4a85979ba014efe","01eecfc98b4507aeb8f0afbe7d994ea0a617a79e5d4eb2d1d4a85979ba014efe","MATCH",""
"day05/Code/Code/02_GD32F407_OTA_Bootloader/Firmware/GD32F4xx_standard_peripheral/Source/gd32f4xx_adc.c","projects/05-mqtt-ota-system/bootloader/course/Firmware/GD32F4xx_standard_peripheral/Source/gd32f4xx_adc.c","VERBATIM","8a5c91ec7a397b53efd086646674d273ece00f36c9610ab50715fe1521ba4112","8a5c91ec7a397b53efd086646674d273ece00f36c9610ab50715fe1521ba4112","MATCH",""
"day05/Code/Code/02_GD32F407_OTA_Bootloader/Firmware/GD32F4xx_standard_peripheral/Source/gd32f4xx_can.c","projects/05-mqtt-ota-system/bootloader/course/Firmware/GD32F4xx_standard_peripheral/Source/gd32f4xx_can.c","VERBATIM","ce0e343b00856972eabaccc1f4d88c051796a8d1e30c4596312fc29a533db8ba","ce0e343b00856972eabaccc1f4d88c051796a8d1e30c4596312fc29a533db8ba","MATCH",""
"day05/Code/Code/02_GD32F407_OTA_Bootloader/Firmware/GD32F4xx_standard_peripheral/Source/gd32f4xx_crc.c","projects/05-mqtt-ota-system/bootloader/course/Firmware/GD32F4xx_standard_peripheral/Source/gd32f4xx_crc.c","VERBATIM","c14034159e72e082aa70e2a8cba60ffcf950b63d75ae467706632f32ec00f315","c14034159e72e082aa70e2a8cba60ffcf950b63d75ae467706632f32ec00f315","MATCH",""
"day05/Code/Code/02_GD32F407_OTA_Bootloader/Firmware/GD32F4xx_standard_peripheral/Source/gd32f4xx_ctc.c","projects/05-mqtt-ota-system/bootloader/course/Firmware/GD32F4xx_standard_peripheral/Source/gd32f4xx_ctc.c","VERBATIM","07f4a6385c6ffb2e18ecf95daae6a431fb91262fa988835a249a64f4002280a1","07f4a6385c6ffb2e18ecf95daae6a431fb91262fa988835a249a64f4002280a1","MATCH",""
"day05/Code/Code/02_GD32F407_OTA_Bootloader/Firmware/GD32F4xx_standard_peripheral/Source/gd32f4xx_dac.c","projects/05-mqtt-ota-system/bootloader/course/Firmware/GD32F4xx_standard_peripheral/Source/gd32f4xx_dac.c","VERBATIM","ace5c99f1e2774d955ca4e4d5d6e81b2d831f718098487ea3e8c2c34c960e160","ace5c99f1e2774d955ca4e4d5d6e81b2d831f718098487ea3e8c2c34c960e160","MATCH",""
"day05/Code/Code/02_GD32F407_OTA_Bootloader/Firmware/GD32F4xx_standard_peripheral/Source/gd32f4xx_dbg.c","projects/05-mqtt-ota-system/bootloader/course/Firmware/GD32F4xx_standard_peripheral/Source/gd32f4xx_dbg.c","VERBATIM","6eec659fd6b5c549226bae8e9c9c78785b064d557434189bb221287d550fe291","6eec659fd6b5c549226bae8e9c9c78785b064d557434189bb221287d550fe291","MATCH",""
"day05/Code/Code/02_GD32F407_OTA_Bootloader/Firmware/GD32F4xx_standard_peripheral/Source/gd32f4xx_dci.c","projects/05-mqtt-ota-system/bootloader/course/Firmware/GD32F4xx_standard_peripheral/Source/gd32f4xx_dci.c","VERBATIM","b99613d9a21a02dd39117f30b9a488b859209ab3489dcfde7361d147cdf76516","b99613d9a21a02dd39117f30b9a488b859209ab3489dcfde7361d147cdf76516","MATCH",""
"day05/Code/Code/02_GD32F407_OTA_Bootloader/Firmware/GD32F4xx_standard_peripheral/Source/gd32f4xx_dma.c","projects/05-mqtt-ota-system/bootloader/course/Firmware/GD32F4xx_standard_peripheral/Source/gd32f4xx_dma.c","VERBATIM","2d943a169ababcc22cbc6c41665f5ce375c30b63005954e1d34bb3218cb63faf","2d943a169ababcc22cbc6c41665f5ce375c30b63005954e1d34bb3218cb63faf","MATCH",""
"day05/Code/Code/02_GD32F407_OTA_Bootloader/Firmware/GD32F4xx_standard_peripheral/Source/gd32f4xx_enet.c","projects/05-mqtt-ota-system/bootloader/course/Firmware/GD32F4xx_standard_peripheral/Source/gd32f4xx_enet.c","VERBATIM","3051e8737c463d23d07b9c9ad937bc7c488bb573738b2313982870daa670e87e","3051e8737c463d23d07b9c9ad937bc7c488bb573738b2313982870daa670e87e","MATCH",""
"day05/Code/Code/02_GD32F407_OTA_Bootloader/Firmware/GD32F4xx_standard_peripheral/Source/gd32f4xx_exmc.c","projects/05-mqtt-ota-system/bootloader/course/Firmware/GD32F4xx_standard_peripheral/Source/gd32f4xx_exmc.c","VERBATIM","e4a79b377c89d9eb8bd5be101e273ad5efba0c2a24fb4621ab7bc124beeeaebf","e4a79b377c89d9eb8bd5be101e273ad5efba0c2a24fb4621ab7bc124beeeaebf","MATCH",""
"day05/Code/Code/02_GD32F407_OTA_Bootloader/Firmware/GD32F4xx_standard_peripheral/Source/gd32f4xx_exti.c","projects/05-mqtt-ota-system/bootloader/course/Firmware/GD32F4xx_standard_peripheral/Source/gd32f4xx_exti.c","VERBATIM","fce4a7eca93486d71a9e5758642f2282ae7f8805dbb559312837a0b17577fe58","fce4a7eca93486d71a9e5758642f2282ae7f8805dbb559312837a0b17577fe58","MATCH",""
"day05/Code/Code/02_GD32F407_OTA_Bootloader/Firmware/GD32F4xx_standard_peripheral/Source/gd32f4xx_fmc.c","projects/05-mqtt-ota-system/bootloader/course/Firmware/GD32F4xx_standard_peripheral/Source/gd32f4xx_fmc.c","VERBATIM","15408829d2405432fc8ed73d5d8c6bbb1e6c74540f1b817983babd62e22cab16","15408829d2405432fc8ed73d5d8c6bbb1e6c74540f1b817983babd62e22cab16","MATCH",""
"day05/Code/Code/02_GD32F407_OTA_Bootloader/Firmware/GD32F4xx_standard_peripheral/Source/gd32f4xx_fwdgt.c","projects/05-mqtt-ota-system/bootloader/course/Firmware/GD32F4xx_standard_peripheral/Source/gd32f4xx_fwdgt.c","VERBATIM","05b67d15069ced6f0472e4115ecd16064402e0d6220561499000025a8cd189b7","05b67d15069ced6f0472e4115ecd16064402e0d6220561499000025a8cd189b7","MATCH",""
"day05/Code/Code/02_GD32F407_OTA_Bootloader/Firmware/GD32F4xx_standard_peripheral/Source/gd32f4xx_gpio.c","projects/05-mqtt-ota-system/bootloader/course/Firmware/GD32F4xx_standard_peripheral/Source/gd32f4xx_gpio.c","VERBATIM","262befe864d5da3bada64d0b3dab29e5c2747e46b154ede8bcab0b788db614e0","262befe864d5da3bada64d0b3dab29e5c2747e46b154ede8bcab0b788db614e0","MATCH",""
"day05/Code/Code/02_GD32F407_OTA_Bootloader/Firmware/GD32F4xx_standard_peripheral/Source/gd32f4xx_i2c.c","projects/05-mqtt-ota-system/bootloader/course/Firmware/GD32F4xx_standard_peripheral/Source/gd32f4xx_i2c.c","VERBATIM","8edfaf1a8f0bf2833923d0072fe1b9d0467382b3ec1d243e918d0de9711cccd2","8edfaf1a8f0bf2833923d0072fe1b9d0467382b3ec1d243e918d0de9711cccd2","MATCH",""
"day05/Code/Code/02_GD32F407_OTA_Bootloader/Firmware/GD32F4xx_standard_peripheral/Source/gd32f4xx_ipa.c","projects/05-mqtt-ota-system/bootloader/course/Firmware/GD32F4xx_standard_peripheral/Source/gd32f4xx_ipa.c","VERBATIM","38a8350304763c1c83b4d2341f6782b090ca09abe541ac360089b5cb454bcf57","38a8350304763c1c83b4d2341f6782b090ca09abe541ac360089b5cb454bcf57","MATCH",""
"day05/Code/Code/02_GD32F407_OTA_Bootloader/Firmware/GD32F4xx_standard_peripheral/Source/gd32f4xx_iref.c","projects/05-mqtt-ota-system/bootloader/course/Firmware/GD32F4xx_standard_peripheral/Source/gd32f4xx_iref.c","VERBATIM","24f2fcfcd20882fd3e65773a281a827bf5391a0a8054324eef7c98bb3f2b9b80","24f2fcfcd20882fd3e65773a281a827bf5391a0a8054324eef7c98bb3f2b9b80","MATCH",""
"day05/Code/Code/02_GD32F407_OTA_Bootloader/Firmware/GD32F4xx_standard_peripheral/Source/gd32f4xx_misc.c","projects/05-mqtt-ota-system/bootloader/course/Firmware/GD32F4xx_standard_peripheral/Source/gd32f4xx_misc.c","VERBATIM","1cd262f295155428c25dedc69bfbab99f7a99de09e0b602eca1f2c6017cfe2da","1cd262f295155428c25dedc69bfbab99f7a99de09e0b602eca1f2c6017cfe2da","MATCH",""
"day05/Code/Code/02_GD32F407_OTA_Bootloader/Firmware/GD32F4xx_standard_peripheral/Source/gd32f4xx_pmu.c","projects/05-mqtt-ota-system/bootloader/course/Firmware/GD32F4xx_standard_peripheral/Source/gd32f4xx_pmu.c","VERBATIM","dafa94838a55132e3313234c5ac2be6172116dc26574347363d554effb186d79","dafa94838a55132e3313234c5ac2be6172116dc26574347363d554effb186d79","MATCH",""
"day05/Code/Code/02_GD32F407_OTA_Bootloader/Firmware/GD32F4xx_standard_peripheral/Source/gd32f4xx_rcu.c","projects/05-mqtt-ota-system/bootloader/course/Firmware/GD32F4xx_standard_peripheral/Source/gd32f4xx_rcu.c","VERBATIM","6c1030eb58ec7cb9c41e2a1ff31ddef87f70dd083222327978234004c4e95b98","6c1030eb58ec7cb9c41e2a1ff31ddef87f70dd083222327978234004c4e95b98","MATCH",""
"day05/Code/Code/02_GD32F407_OTA_Bootloader/Firmware/GD32F4xx_standard_peripheral/Source/gd32f4xx_rtc.c","projects/05-mqtt-ota-system/bootloader/course/Firmware/GD32F4xx_standard_peripheral/Source/gd32f4xx_rtc.c","VERBATIM","eea5bcb92c88a7bab9f3740f8e9408236412a546b03a5467f21b0f94a01183e7","eea5bcb92c88a7bab9f3740f8e9408236412a546b03a5467f21b0f94a01183e7","MATCH",""
"day05/Code/Code/02_GD32F407_OTA_Bootloader/Firmware/GD32F4xx_standard_peripheral/Source/gd32f4xx_sdio.c","projects/05-mqtt-ota-system/bootloader/course/Firmware/GD32F4xx_standard_peripheral/Source/gd32f4xx_sdio.c","VERBATIM","9d8f3e488c74c44a30c4d0bbb9cd8d86555d898ca9c36f259ce57609959b9854","9d8f3e488c74c44a30c4d0bbb9cd8d86555d898ca9c36f259ce57609959b9854","MATCH",""
"day05/Code/Code/02_GD32F407_OTA_Bootloader/Firmware/GD32F4xx_standard_peripheral/Source/gd32f4xx_spi.c","projects/05-mqtt-ota-system/bootloader/course/Firmware/GD32F4xx_standard_peripheral/Source/gd32f4xx_spi.c","VERBATIM","ce06438e9ad5882a0fca88dfe658dd925ed3320ba574c2797e2f93acf6142459","ce06438e9ad5882a0fca88dfe658dd925ed3320ba574c2797e2f93acf6142459","MATCH",""
"day05/Code/Code/02_GD32F407_OTA_Bootloader/Firmware/GD32F4xx_standard_peripheral/Source/gd32f4xx_syscfg.c","projects/05-mqtt-ota-system/bootloader/course/Firmware/GD32F4xx_standard_peripheral/Source/gd32f4xx_syscfg.c","VERBATIM","51a7a5e70f3064424cc6e2f6a06942b47adaac8c36a6612ee08b1643557b3ca3","51a7a5e70f3064424cc6e2f6a06942b47adaac8c36a6612ee08b1643557b3ca3","MATCH",""
"day05/Code/Code/02_GD32F407_OTA_Bootloader/Firmware/GD32F4xx_standard_peripheral/Source/gd32f4xx_timer.c","projects/05-mqtt-ota-system/bootloader/course/Firmware/GD32F4xx_standard_peripheral/Source/gd32f4xx_timer.c","VERBATIM","3961465cf6ba39554e34c02183c50676a4ab9b3991a6aad32d271754b2506b14","3961465cf6ba39554e34c02183c50676a4ab9b3991a6aad32d271754b2506b14","MATCH",""
"day05/Code/Code/02_GD32F407_OTA_Bootloader/Firmware/GD32F4xx_standard_peripheral/Source/gd32f4xx_tli.c","projects/05-mqtt-ota-system/bootloader/course/Firmware/GD32F4xx_standard_peripheral/Source/gd32f4xx_tli.c","VERBATIM","881a02e692afd4a0b6848a929b0b8c79148911ad7543cf611287c45e82372541","881a02e692afd4a0b6848a929b0b8c79148911ad7543cf611287c45e82372541","MATCH",""
"day05/Code/Code/02_GD32F407_OTA_Bootloader/Firmware/GD32F4xx_standard_peripheral/Source/gd32f4xx_trng.c","projects/05-mqtt-ota-system/bootloader/course/Firmware/GD32F4xx_standard_peripheral/Source/gd32f4xx_trng.c","VERBATIM","ba9093d046a01c997aa54d2de9f663e8af32fb9e53c950cfc640f1033fcd6c53","ba9093d046a01c997aa54d2de9f663e8af32fb9e53c950cfc640f1033fcd6c53","MATCH",""
"day05/Code/Code/02_GD32F407_OTA_Bootloader/Firmware/GD32F4xx_standard_peripheral/Source/gd32f4xx_usart.c","projects/05-mqtt-ota-system/bootloader/course/Firmware/GD32F4xx_standard_peripheral/Source/gd32f4xx_usart.c","VERBATIM","f67fa54d9c9537317be92d95fd880a394d9abe98df708e5aa821fbfa392ae9b0","f67fa54d9c9537317be92d95fd880a394d9abe98df708e5aa821fbfa392ae9b0","MATCH",""
"day05/Code/Code/02_GD32F407_OTA_Bootloader/Firmware/GD32F4xx_standard_peripheral/Source/gd32f4xx_wwdgt.c","projects/05-mqtt-ota-system/bootloader/course/Firmware/GD32F4xx_standard_peripheral/Source/gd32f4xx_wwdgt.c","VERBATIM","0ed39de6f0101e10ddcb476e6ef21c44d2282d4f689d0d0d70f9e04940e6f0fe","0ed39de6f0101e10ddcb476e6ef21c44d2282d4f689d0d0d70f9e04940e6f0fe","MATCH",""
"day05/Code/Code/02_GD32F407_OTA_Bootloader/Firmware/GD32F4xx_usb_library/device/class/audio/Include/audio_core.h","projects/05-mqtt-ota-system/bootloader/course/Firmware/GD32F4xx_usb_library/device/class/audio/Include/audio_core.h","VERBATIM","d4550583ad93fb3eed7d288fb84ca5e1b57269e088fb073e541a666b636fec00","d4550583ad93fb3eed7d288fb84ca5e1b57269e088fb073e541a666b636fec00","MATCH",""
"day05/Code/Code/02_GD32F407_OTA_Bootloader/Firmware/GD32F4xx_usb_library/device/class/audio/Include/audio_out_itf.h","projects/05-mqtt-ota-system/bootloader/course/Firmware/GD32F4xx_usb_library/device/class/audio/Include/audio_out_itf.h","VERBATIM","77fb54dea6431af26c1de2b1ccfb8186fac92519d817556fe6b31fde7947310b","77fb54dea6431af26c1de2b1ccfb8186fac92519d817556fe6b31fde7947310b","MATCH",""
"day05/Code/Code/02_GD32F407_OTA_Bootloader/Firmware/GD32F4xx_usb_library/device/class/audio/Source/audio_core.c","projects/05-mqtt-ota-system/bootloader/course/Firmware/GD32F4xx_usb_library/device/class/audio/Source/audio_core.c","VERBATIM","e134abab42ada7e2d9c6bad56032f4358fbd37b82e3861496bfe8dc7b4263d32","e134abab42ada7e2d9c6bad56032f4358fbd37b82e3861496bfe8dc7b4263d32","MATCH",""
"day05/Code/Code/02_GD32F407_OTA_Bootloader/Firmware/GD32F4xx_usb_library/device/class/audio/Source/audio_out_itf.c","projects/05-mqtt-ota-system/bootloader/course/Firmware/GD32F4xx_usb_library/device/class/audio/Source/audio_out_itf.c","VERBATIM","33f0490e4b3ce2315d51257bb877a233ba7293bf83f1272113382989476b887b","33f0490e4b3ce2315d51257bb877a233ba7293bf83f1272113382989476b887b","MATCH",""
"day05/Code/Code/02_GD32F407_OTA_Bootloader/Firmware/GD32F4xx_usb_library/device/class/cdc/Include/cdc_acm_core.h","projects/05-mqtt-ota-system/bootloader/course/Firmware/GD32F4xx_usb_library/device/class/cdc/Include/cdc_acm_core.h","VERBATIM","58a53b46a222a4ca1b4f35901a48555a22ff6c8ef95dcb23e651a64512a0b8ec","58a53b46a222a4ca1b4f35901a48555a22ff6c8ef95dcb23e651a64512a0b8ec","MATCH",""
"day05/Code/Code/02_GD32F407_OTA_Bootloader/Firmware/GD32F4xx_usb_library/device/class/cdc/Source/cdc_acm_core.c","projects/05-mqtt-ota-system/bootloader/course/Firmware/GD32F4xx_usb_library/device/class/cdc/Source/cdc_acm_core.c","VERBATIM","92f6d272cb501a2e0e8020a5c7c3fdbf3f6267044a5f00c248a53bdc23867e71","92f6d272cb501a2e0e8020a5c7c3fdbf3f6267044a5f00c248a53bdc23867e71","MATCH",""
"day05/Code/Code/02_GD32F407_OTA_Bootloader/Firmware/GD32F4xx_usb_library/device/class/dfu/Include/dfu_core.h","projects/05-mqtt-ota-system/bootloader/course/Firmware/GD32F4xx_usb_library/device/class/dfu/Include/dfu_core.h","VERBATIM","b074e46c11dfc3d6f057e7c91263a7894a8598f5ad27062a8f0c737739f0ac4b","b074e46c11dfc3d6f057e7c91263a7894a8598f5ad27062a8f0c737739f0ac4b","MATCH",""
"day05/Code/Code/02_GD32F407_OTA_Bootloader/Firmware/GD32F4xx_usb_library/device/class/dfu/Include/dfu_mem.h","projects/05-mqtt-ota-system/bootloader/course/Firmware/GD32F4xx_usb_library/device/class/dfu/Include/dfu_mem.h","VERBATIM","ee0fa900e1595041db2524e57a7684a911afec27bd737544cb8acc1a419b54f3","ee0fa900e1595041db2524e57a7684a911afec27bd737544cb8acc1a419b54f3","MATCH",""
"day05/Code/Code/02_GD32F407_OTA_Bootloader/Firmware/GD32F4xx_usb_library/device/class/dfu/Source/dfu_core.c","projects/05-mqtt-ota-system/bootloader/course/Firmware/GD32F4xx_usb_library/device/class/dfu/Source/dfu_core.c","VERBATIM","ee0b61f48e523f816e1977ab5667701d4a30c9d7994809daec56a6c22b6b23f2","ee0b61f48e523f816e1977ab5667701d4a30c9d7994809daec56a6c22b6b23f2","MATCH",""
"day05/Code/Code/02_GD32F407_OTA_Bootloader/Firmware/GD32F4xx_usb_library/device/class/dfu/Source/dfu_mem.c","projects/05-mqtt-ota-system/bootloader/course/Firmware/GD32F4xx_usb_library/device/class/dfu/Source/dfu_mem.c","VERBATIM","1740852fd0411642aad47bf10951d51de5338ca02239c634c4a28211cc0b6bd5","1740852fd0411642aad47bf10951d51de5338ca02239c634c4a28211cc0b6bd5","MATCH",""
"day05/Code/Code/02_GD32F407_OTA_Bootloader/Firmware/GD32F4xx_usb_library/device/class/hid/Include/custom_hid_core.h","projects/05-mqtt-ota-system/bootloader/course/Firmware/GD32F4xx_usb_library/device/class/hid/Include/custom_hid_core.h","VERBATIM","3d8630539b539b75241b088ba5cb2bd6a6377ebe6a0c026e14e4d9f618149f3c","3d8630539b539b75241b088ba5cb2bd6a6377ebe6a0c026e14e4d9f618149f3c","MATCH",""
"day05/Code/Code/02_GD32F407_OTA_Bootloader/Firmware/GD32F4xx_usb_library/device/class/hid/Include/standard_hid_core.h","projects/05-mqtt-ota-system/bootloader/course/Firmware/GD32F4xx_usb_library/device/class/hid/Include/standard_hid_core.h","VERBATIM","b43958e8ef0bb4e5939d1b1279f2b4d25791abd357c51504fb08c6bf5cde5a55","b43958e8ef0bb4e5939d1b1279f2b4d25791abd357c51504fb08c6bf5cde5a55","MATCH",""
"day05/Code/Code/02_GD32F407_OTA_Bootloader/Firmware/GD32F4xx_usb_library/device/class/hid/Source/custom_hid_core.c","projects/05-mqtt-ota-system/bootloader/course/Firmware/GD32F4xx_usb_library/device/class/hid/Source/custom_hid_core.c","VERBATIM","e31d924422097b600884693e2cfb38c20e4215861dfc8bbdff3058c9a9133668","e31d924422097b600884693e2cfb38c20e4215861dfc8bbdff3058c9a9133668","MATCH",""
"day05/Code/Code/02_GD32F407_OTA_Bootloader/Firmware/GD32F4xx_usb_library/device/class/hid/Source/standard_hid_core.c","projects/05-mqtt-ota-system/bootloader/course/Firmware/GD32F4xx_usb_library/device/class/hid/Source/standard_hid_core.c","VERBATIM","976542c7fc8c038846c71e4c5e6755b3c9364c8c09425f671fa694f1f14889a1","976542c7fc8c038846c71e4c5e6755b3c9364c8c09425f671fa694f1f14889a1","MATCH",""
"day05/Code/Code/02_GD32F407_OTA_Bootloader/Firmware/GD32F4xx_usb_library/device/class/iap/Include/usb_iap_core.h","projects/05-mqtt-ota-system/bootloader/course/Firmware/GD32F4xx_usb_library/device/class/iap/Include/usb_iap_core.h","VERBATIM","0c5491567e7452be4cdc0099bc8f6e5b6aca7b9c273fdb95647264938337c163","0c5491567e7452be4cdc0099bc8f6e5b6aca7b9c273fdb95647264938337c163","MATCH",""
"day05/Code/Code/02_GD32F407_OTA_Bootloader/Firmware/GD32F4xx_usb_library/device/class/iap/Source/usb_iap_core.c","projects/05-mqtt-ota-system/bootloader/course/Firmware/GD32F4xx_usb_library/device/class/iap/Source/usb_iap_core.c","VERBATIM","b48d8edb4882f57e2ee0b7cd17d94a4ea574bbfdb3ef72f35355fb7b8cbf374d","b48d8edb4882f57e2ee0b7cd17d94a4ea574bbfdb3ef72f35355fb7b8cbf374d","MATCH",""
"day05/Code/Code/02_GD32F407_OTA_Bootloader/Firmware/GD32F4xx_usb_library/device/class/msc/Include/usbd_msc_bbb.h","projects/05-mqtt-ota-system/bootloader/course/Firmware/GD32F4xx_usb_library/device/class/msc/Include/usbd_msc_bbb.h","VERBATIM","fce4e4a9e17e3c7ad6ef23bf6284354b3c1e0bc79e2e3d8c51c00c7cba88598f","fce4e4a9e17e3c7ad6ef23bf6284354b3c1e0bc79e2e3d8c51c00c7cba88598f","MATCH",""
"day05/Code/Code/02_GD32F407_OTA_Bootloader/Firmware/GD32F4xx_usb_library/device/class/msc/Include/usbd_msc_core.h","projects/05-mqtt-ota-system/bootloader/course/Firmware/GD32F4xx_usb_library/device/class/msc/Include/usbd_msc_core.h","VERBATIM","1b56e50c7f78bd46cc86e131565da5a3ca050901171a99d33526283996d0062c","1b56e50c7f78bd46cc86e131565da5a3ca050901171a99d33526283996d0062c","MATCH",""
"day05/Code/Code/02_GD32F407_OTA_Bootloader/Firmware/GD32F4xx_usb_library/device/class/msc/Include/usbd_msc_mem.h","projects/05-mqtt-ota-system/bootloader/course/Firmware/GD32F4xx_usb_library/device/class/msc/Include/usbd_msc_mem.h","VERBATIM","4219910f0d5565cbf2cb7de2191fffad41f01f9903ec160827c6f441fc9fe241","4219910f0d5565cbf2cb7de2191fffad41f01f9903ec160827c6f441fc9fe241","MATCH",""
"day05/Code/Code/02_GD32F407_OTA_Bootloader/Firmware/GD32F4xx_usb_library/device/class/msc/Include/usbd_msc_scsi.h","projects/05-mqtt-ota-system/bootloader/course/Firmware/GD32F4xx_usb_library/device/class/msc/Include/usbd_msc_scsi.h","VERBATIM","8a843a759a5d1013db6524b1547453013da00c202f03a7011b604c8e79f96a2d","8a843a759a5d1013db6524b1547453013da00c202f03a7011b604c8e79f96a2d","MATCH",""
"day05/Code/Code/02_GD32F407_OTA_Bootloader/Firmware/GD32F4xx_usb_library/device/class/msc/Source/usbd_msc_bbb.c","projects/05-mqtt-ota-system/bootloader/course/Firmware/GD32F4xx_usb_library/device/class/msc/Source/usbd_msc_bbb.c","VERBATIM","d613ecddab72a03de672e4669f2549f5ce93259c09819fcbd78db49dbbefa4a5","d613ecddab72a03de672e4669f2549f5ce93259c09819fcbd78db49dbbefa4a5","MATCH",""
"day05/Code/Code/02_GD32F407_OTA_Bootloader/Firmware/GD32F4xx_usb_library/device/class/msc/Source/usbd_msc_core.c","projects/05-mqtt-ota-system/bootloader/course/Firmware/GD32F4xx_usb_library/device/class/msc/Source/usbd_msc_core.c","VERBATIM","5c5983c2884b08aa4a480b29929e20a502741c56cefd717e48a6fe5c807bbb5c","5c5983c2884b08aa4a480b29929e20a502741c56cefd717e48a6fe5c807bbb5c","MATCH",""
"day05/Code/Code/02_GD32F407_OTA_Bootloader/Firmware/GD32F4xx_usb_library/device/class/msc/Source/usbd_msc_scsi.c","projects/05-mqtt-ota-system/bootloader/course/Firmware/GD32F4xx_usb_library/device/class/msc/Source/usbd_msc_scsi.c","VERBATIM","062e1df310c0feed9372585e09d4a317f65b8e0e03bd70c14aa7418a99c5effd","062e1df310c0feed9372585e09d4a317f65b8e0e03bd70c14aa7418a99c5effd","MATCH",""
"day05/Code/Code/02_GD32F407_OTA_Bootloader/Firmware/GD32F4xx_usb_library/device/class/printer/Include/printer_core.h","projects/05-mqtt-ota-system/bootloader/course/Firmware/GD32F4xx_usb_library/device/class/printer/Include/printer_core.h","VERBATIM","4231dae7349cc3643150ec1e90a5cefb4adf23adc0314e82ef001bdfcd7d7e8c","4231dae7349cc3643150ec1e90a5cefb4adf23adc0314e82ef001bdfcd7d7e8c","MATCH",""
"day05/Code/Code/02_GD32F407_OTA_Bootloader/Firmware/GD32F4xx_usb_library/device/class/printer/Source/printer_core.c","projects/05-mqtt-ota-system/bootloader/course/Firmware/GD32F4xx_usb_library/device/class/printer/Source/printer_core.c","VERBATIM","93eb77ff7a45da1424244e1ffa25755a259e43b815d00b14c319bec17a079831","93eb77ff7a45da1424244e1ffa25755a259e43b815d00b14c319bec17a079831","MATCH",""
"day05/Code/Code/02_GD32F407_OTA_Bootloader/Firmware/GD32F4xx_usb_library/device/core/Include/usbd_core.h","projects/05-mqtt-ota-system/bootloader/course/Firmware/GD32F4xx_usb_library/device/core/Include/usbd_core.h","VERBATIM","a205d78d7c4299519538d5057744916bcb5459ec963bfbd6aa42101197b15041","a205d78d7c4299519538d5057744916bcb5459ec963bfbd6aa42101197b15041","MATCH",""
"day05/Code/Code/02_GD32F407_OTA_Bootloader/Firmware/GD32F4xx_usb_library/device/core/Include/usbd_enum.h","projects/05-mqtt-ota-system/bootloader/course/Firmware/GD32F4xx_usb_library/device/core/Include/usbd_enum.h","VERBATIM","9de97ed85ba71120379bf876faf752fa7900784d1614c18d1e9ecea6c7e2c897","9de97ed85ba71120379bf876faf752fa7900784d1614c18d1e9ecea6c7e2c897","MATCH",""
"day05/Code/Code/02_GD32F407_OTA_Bootloader/Firmware/GD32F4xx_usb_library/device/core/Include/usbd_transc.h","projects/05-mqtt-ota-system/bootloader/course/Firmware/GD32F4xx_usb_library/device/core/Include/usbd_transc.h","VERBATIM","7598a18b6aa5696b7d15c3f8da6f0f04c37bca44d48c86fd5a7bd92850a17681","7598a18b6aa5696b7d15c3f8da6f0f04c37bca44d48c86fd5a7bd92850a17681","MATCH",""
"day05/Code/Code/02_GD32F407_OTA_Bootloader/Firmware/GD32F4xx_usb_library/device/core/Source/usbd_core.c","projects/05-mqtt-ota-system/bootloader/course/Firmware/GD32F4xx_usb_library/device/core/Source/usbd_core.c","VERBATIM","74a04240e3912ef2d959396250678ff65e41a6d65e4c92cddb7babebc646a12f","74a04240e3912ef2d959396250678ff65e41a6d65e4c92cddb7babebc646a12f","MATCH",""
"day05/Code/Code/02_GD32F407_OTA_Bootloader/Firmware/GD32F4xx_usb_library/device/core/Source/usbd_enum.c","projects/05-mqtt-ota-system/bootloader/course/Firmware/GD32F4xx_usb_library/device/core/Source/usbd_enum.c","VERBATIM","07c9d4af518d9659d3696a574638d2238413c849345915f347b1ce91c02a81ee","07c9d4af518d9659d3696a574638d2238413c849345915f347b1ce91c02a81ee","MATCH",""
"day05/Code/Code/02_GD32F407_OTA_Bootloader/Firmware/GD32F4xx_usb_library/device/core/Source/usbd_transc.c","projects/05-mqtt-ota-system/bootloader/course/Firmware/GD32F4xx_usb_library/device/core/Source/usbd_transc.c","VERBATIM","ce5e569f4cbb0918250c03000276fd987e116e69f489eec7b049b790a5a87f37","ce5e569f4cbb0918250c03000276fd987e116e69f489eec7b049b790a5a87f37","MATCH",""
"day05/Code/Code/02_GD32F407_OTA_Bootloader/Firmware/GD32F4xx_usb_library/driver/Include/drv_usb_core.h","projects/05-mqtt-ota-system/bootloader/course/Firmware/GD32F4xx_usb_library/driver/Include/drv_usb_core.h","VERBATIM","d7957d291f199b35772ce89782b17558bcc73b935f66f80c5b7fbe16ddba5875","d7957d291f199b35772ce89782b17558bcc73b935f66f80c5b7fbe16ddba5875","MATCH",""
"day05/Code/Code/02_GD32F407_OTA_Bootloader/Firmware/GD32F4xx_usb_library/driver/Include/drv_usb_dev.h","projects/05-mqtt-ota-system/bootloader/course/Firmware/GD32F4xx_usb_library/driver/Include/drv_usb_dev.h","VERBATIM","caf5d56ebafdba9fc9f167418a1616e4291b112edbf47a8654bd9a98f8c17b9a","caf5d56ebafdba9fc9f167418a1616e4291b112edbf47a8654bd9a98f8c17b9a","MATCH",""
"day05/Code/Code/02_GD32F407_OTA_Bootloader/Firmware/GD32F4xx_usb_library/driver/Include/drv_usb_host.h","projects/05-mqtt-ota-system/bootloader/course/Firmware/GD32F4xx_usb_library/driver/Include/drv_usb_host.h","VERBATIM","fb4056a260f60fda977ab1139ebfcf00e53b5c3e697fdda573b902a413bfff14","fb4056a260f60fda977ab1139ebfcf00e53b5c3e697fdda573b902a413bfff14","MATCH",""
"day05/Code/Code/02_GD32F407_OTA_Bootloader/Firmware/GD32F4xx_usb_library/driver/Include/drv_usb_hw.h","projects/05-mqtt-ota-system/bootloader/course/Firmware/GD32F4xx_usb_library/driver/Include/drv_usb_hw.h","VERBATIM","81dbb2d76cd496106998eaa694da78184988c9618e06cfe573e5d6b5fa1c1f20","81dbb2d76cd496106998eaa694da78184988c9618e06cfe573e5d6b5fa1c1f20","MATCH",""
"day05/Code/Code/02_GD32F407_OTA_Bootloader/Firmware/GD32F4xx_usb_library/driver/Include/drv_usb_regs.h","projects/05-mqtt-ota-system/bootloader/course/Firmware/GD32F4xx_usb_library/driver/Include/drv_usb_regs.h","VERBATIM","048a97f0ff66f557ee6a5e829f8aa0336d69e13e63151cf4d64092d0ff9606ba","048a97f0ff66f557ee6a5e829f8aa0336d69e13e63151cf4d64092d0ff9606ba","MATCH",""
"day05/Code/Code/02_GD32F407_OTA_Bootloader/Firmware/GD32F4xx_usb_library/driver/Include/drv_usbd_int.h","projects/05-mqtt-ota-system/bootloader/course/Firmware/GD32F4xx_usb_library/driver/Include/drv_usbd_int.h","VERBATIM","3b71749a04450bbec4838039bc3c6482ee1d7ecb509b97da5151f362f918a8f4","3b71749a04450bbec4838039bc3c6482ee1d7ecb509b97da5151f362f918a8f4","MATCH",""
"day05/Code/Code/02_GD32F407_OTA_Bootloader/Firmware/GD32F4xx_usb_library/driver/Include/drv_usbh_int.h","projects/05-mqtt-ota-system/bootloader/course/Firmware/GD32F4xx_usb_library/driver/Include/drv_usbh_int.h","VERBATIM","5268ee8f0accee9c9e848ae421f3f1b83b8efa72b8854f08a5756c16c3873997","5268ee8f0accee9c9e848ae421f3f1b83b8efa72b8854f08a5756c16c3873997","MATCH",""
"day05/Code/Code/02_GD32F407_OTA_Bootloader/Firmware/GD32F4xx_usb_library/driver/Source/drv_usb_core.c","projects/05-mqtt-ota-system/bootloader/course/Firmware/GD32F4xx_usb_library/driver/Source/drv_usb_core.c","VERBATIM","b90492a8404bcbdcbba9d31d38ad75d2d85b6014ccacf6eea77b23f69cf5f623","b90492a8404bcbdcbba9d31d38ad75d2d85b6014ccacf6eea77b23f69cf5f623","MATCH",""
"day05/Code/Code/02_GD32F407_OTA_Bootloader/Firmware/GD32F4xx_usb_library/driver/Source/drv_usb_dev.c","projects/05-mqtt-ota-system/bootloader/course/Firmware/GD32F4xx_usb_library/driver/Source/drv_usb_dev.c","VERBATIM","93ca6cd491c5e0fea197d5ac7f10ba23e6973543da7aeed38bfc1ae3a0dc474b","93ca6cd491c5e0fea197d5ac7f10ba23e6973543da7aeed38bfc1ae3a0dc474b","MATCH",""
"day05/Code/Code/02_GD32F407_OTA_Bootloader/Firmware/GD32F4xx_usb_library/driver/Source/drv_usb_host.c","projects/05-mqtt-ota-system/bootloader/course/Firmware/GD32F4xx_usb_library/driver/Source/drv_usb_host.c","VERBATIM","d9f6de1a16c13351c6947a1d8c735a2fa2ef6495159ef75e8c84a903003853ea","d9f6de1a16c13351c6947a1d8c735a2fa2ef6495159ef75e8c84a903003853ea","MATCH",""
"day05/Code/Code/02_GD32F407_OTA_Bootloader/Firmware/GD32F4xx_usb_library/driver/Source/drv_usbd_int.c","projects/05-mqtt-ota-system/bootloader/course/Firmware/GD32F4xx_usb_library/driver/Source/drv_usbd_int.c","VERBATIM","6d629c1b2ee8a05bd9c1b8e20f2664410afc9608e9489ccac5be881d10d0a715","6d629c1b2ee8a05bd9c1b8e20f2664410afc9608e9489ccac5be881d10d0a715","MATCH",""
"day05/Code/Code/02_GD32F407_OTA_Bootloader/Firmware/GD32F4xx_usb_library/driver/Source/drv_usbh_int.c","projects/05-mqtt-ota-system/bootloader/course/Firmware/GD32F4xx_usb_library/driver/Source/drv_usbh_int.c","VERBATIM","4d390034615df35fb792026bd76844c922f387580e291039f1bc5f6b6c982486","4d390034615df35fb792026bd76844c922f387580e291039f1bc5f6b6c982486","MATCH",""
"day05/Code/Code/02_GD32F407_OTA_Bootloader/Firmware/GD32F4xx_usb_library/host/class/hid/Include/usbh_hid_core.h","projects/05-mqtt-ota-system/bootloader/course/Firmware/GD32F4xx_usb_library/host/class/hid/Include/usbh_hid_core.h","VERBATIM","0dec84719141c68389ec4f957111fb6dc21a5be55159a808a9d4d20759e447aa","0dec84719141c68389ec4f957111fb6dc21a5be55159a808a9d4d20759e447aa","MATCH",""
"day05/Code/Code/02_GD32F407_OTA_Bootloader/Firmware/GD32F4xx_usb_library/host/class/hid/Include/usbh_standard_hid.h","projects/05-mqtt-ota-system/bootloader/course/Firmware/GD32F4xx_usb_library/host/class/hid/Include/usbh_standard_hid.h","VERBATIM","9dff3d162d5690f986145fc6a50e8be49ee6ea57b0df5de92708173ece1231a8","9dff3d162d5690f986145fc6a50e8be49ee6ea57b0df5de92708173ece1231a8","MATCH",""
"day05/Code/Code/02_GD32F407_OTA_Bootloader/Firmware/GD32F4xx_usb_library/host/class/hid/Source/usbh_hid_core.c","projects/05-mqtt-ota-system/bootloader/course/Firmware/GD32F4xx_usb_library/host/class/hid/Source/usbh_hid_core.c","VERBATIM","2cdafdf63ebb98a454a09acc070b9c2e925c7eec29af318f1a8ce5f913c5d200","2cdafdf63ebb98a454a09acc070b9c2e925c7eec29af318f1a8ce5f913c5d200","MATCH",""
"day05/Code/Code/02_GD32F407_OTA_Bootloader/Firmware/GD32F4xx_usb_library/host/class/hid/Source/usbh_standard_hid.c","projects/05-mqtt-ota-system/bootloader/course/Firmware/GD32F4xx_usb_library/host/class/hid/Source/usbh_standard_hid.c","VERBATIM","324f535d3213364159ef30d0ab69cb69472d94ee6a25f07d1c624d1b4bb315c3","324f535d3213364159ef30d0ab69cb69472d94ee6a25f07d1c624d1b4bb315c3","MATCH",""
"day05/Code/Code/02_GD32F407_OTA_Bootloader/Firmware/GD32F4xx_usb_library/host/class/msc/Include/usbh_msc_bbb.h","projects/05-mqtt-ota-system/bootloader/course/Firmware/GD32F4xx_usb_library/host/class/msc/Include/usbh_msc_bbb.h","VERBATIM","fe164e019db850549fa0edb8a4b2f0c38ff1c7540a834b935c91268d0e275ff8","fe164e019db850549fa0edb8a4b2f0c38ff1c7540a834b935c91268d0e275ff8","MATCH",""
"day05/Code/Code/02_GD32F407_OTA_Bootloader/Firmware/GD32F4xx_usb_library/host/class/msc/Include/usbh_msc_core.h","projects/05-mqtt-ota-system/bootloader/course/Firmware/GD32F4xx_usb_library/host/class/msc/Include/usbh_msc_core.h","VERBATIM","34b4b4aed85f332b815096ee4c39fba67c77fef1f9eb79fc470603568cbe2dc9","34b4b4aed85f332b815096ee4c39fba67c77fef1f9eb79fc470603568cbe2dc9","MATCH",""
"day05/Code/Code/02_GD32F407_OTA_Bootloader/Firmware/GD32F4xx_usb_library/host/class/msc/Include/usbh_msc_scsi.h","projects/05-mqtt-ota-system/bootloader/course/Firmware/GD32F4xx_usb_library/host/class/msc/Include/usbh_msc_scsi.h","VERBATIM","e6e8ca26d9a2abffe14a21af356cb07c4058d9052dfd22b46205ec11884a867a","e6e8ca26d9a2abffe14a21af356cb07c4058d9052dfd22b46205ec11884a867a","MATCH",""
"day05/Code/Code/02_GD32F407_OTA_Bootloader/Firmware/GD32F4xx_usb_library/host/class/msc/Source/usbh_msc_bbb.c","projects/05-mqtt-ota-system/bootloader/course/Firmware/GD32F4xx_usb_library/host/class/msc/Source/usbh_msc_bbb.c","VERBATIM","2a82ad623d78ccc1802d851ab7fb124d6abb5dbea980aa8c6517e26ff906e049","2a82ad623d78ccc1802d851ab7fb124d6abb5dbea980aa8c6517e26ff906e049","MATCH",""
"day05/Code/Code/02_GD32F407_OTA_Bootloader/Firmware/GD32F4xx_usb_library/host/class/msc/Source/usbh_msc_core.c","projects/05-mqtt-ota-system/bootloader/course/Firmware/GD32F4xx_usb_library/host/class/msc/Source/usbh_msc_core.c","VERBATIM","5df338c15161e6c7a6424179245e0e373973b22e81dea91111ad5613ae0c8690","5df338c15161e6c7a6424179245e0e373973b22e81dea91111ad5613ae0c8690","MATCH",""
"day05/Code/Code/02_GD32F407_OTA_Bootloader/Firmware/GD32F4xx_usb_library/host/class/msc/Source/usbh_msc_fatfs.c","projects/05-mqtt-ota-system/bootloader/course/Firmware/GD32F4xx_usb_library/host/class/msc/Source/usbh_msc_fatfs.c","VERBATIM","8fd0c5b44f9ac0e35427803f9761e40a5297caa2acc078cb9fde3c25ba4036b1","8fd0c5b44f9ac0e35427803f9761e40a5297caa2acc078cb9fde3c25ba4036b1","MATCH",""
"day05/Code/Code/02_GD32F407_OTA_Bootloader/Firmware/GD32F4xx_usb_library/host/class/msc/Source/usbh_msc_scsi.c","projects/05-mqtt-ota-system/bootloader/course/Firmware/GD32F4xx_usb_library/host/class/msc/Source/usbh_msc_scsi.c","VERBATIM","45e6ad746800250c90834ac684d207da486f3f0fda8503284def2c537f952a85","45e6ad746800250c90834ac684d207da486f3f0fda8503284def2c537f952a85","MATCH",""
"day05/Code/Code/02_GD32F407_OTA_Bootloader/Firmware/GD32F4xx_usb_library/host/core/Include/usbh_core.h","projects/05-mqtt-ota-system/bootloader/course/Firmware/GD32F4xx_usb_library/host/core/Include/usbh_core.h","VERBATIM","8919b0da3bc89862ac89da53bd34cc4f8af2f7ecebf23493d3bc0980570ec67d","8919b0da3bc89862ac89da53bd34cc4f8af2f7ecebf23493d3bc0980570ec67d","MATCH",""
"day05/Code/Code/02_GD32F407_OTA_Bootloader/Firmware/GD32F4xx_usb_library/host/core/Include/usbh_enum.h","projects/05-mqtt-ota-system/bootloader/course/Firmware/GD32F4xx_usb_library/host/core/Include/usbh_enum.h","VERBATIM","a08d6a471be77a6bfdf916e166e4a95b49358f209e0708080e4a441d7d454897","a08d6a471be77a6bfdf916e166e4a95b49358f209e0708080e4a441d7d454897","MATCH",""
"day05/Code/Code/02_GD32F407_OTA_Bootloader/Firmware/GD32F4xx_usb_library/host/core/Include/usbh_pipe.h","projects/05-mqtt-ota-system/bootloader/course/Firmware/GD32F4xx_usb_library/host/core/Include/usbh_pipe.h","VERBATIM","d1aa31749db419f147e34bf1608f3c79d8846fc9067b138ce90dcc6d68a724b2","d1aa31749db419f147e34bf1608f3c79d8846fc9067b138ce90dcc6d68a724b2","MATCH",""
"day05/Code/Code/02_GD32F407_OTA_Bootloader/Firmware/GD32F4xx_usb_library/host/core/Include/usbh_transc.h","projects/05-mqtt-ota-system/bootloader/course/Firmware/GD32F4xx_usb_library/host/core/Include/usbh_transc.h","VERBATIM","b0a9300c836592e16782062a0d898645adc64efd21ad96f46b8ef6ebd876499c","b0a9300c836592e16782062a0d898645adc64efd21ad96f46b8ef6ebd876499c","MATCH",""
"day05/Code/Code/02_GD32F407_OTA_Bootloader/Firmware/GD32F4xx_usb_library/host/core/Source/usbh_core.c","projects/05-mqtt-ota-system/bootloader/course/Firmware/GD32F4xx_usb_library/host/core/Source/usbh_core.c","VERBATIM","2e61c1493a0f04d944a9b1e01924a57908552c5c5920f357df984f098988df08","2e61c1493a0f04d944a9b1e01924a57908552c5c5920f357df984f098988df08","MATCH",""
"day05/Code/Code/02_GD32F407_OTA_Bootloader/Firmware/GD32F4xx_usb_library/host/core/Source/usbh_enum.c","projects/05-mqtt-ota-system/bootloader/course/Firmware/GD32F4xx_usb_library/host/core/Source/usbh_enum.c","VERBATIM","273217f6826c6d57a1d210d2a58974ae97a27e15951b98be25bbccdea8133871","273217f6826c6d57a1d210d2a58974ae97a27e15951b98be25bbccdea8133871","MATCH",""
"day05/Code/Code/02_GD32F407_OTA_Bootloader/Firmware/GD32F4xx_usb_library/host/core/Source/usbh_pipe.c","projects/05-mqtt-ota-system/bootloader/course/Firmware/GD32F4xx_usb_library/host/core/Source/usbh_pipe.c","VERBATIM","e8a4253e2a4224333c4343ee0ffd5f280c9875ef57702f44c1973cbd42edd2e0","e8a4253e2a4224333c4343ee0ffd5f280c9875ef57702f44c1973cbd42edd2e0","MATCH",""
"day05/Code/Code/02_GD32F407_OTA_Bootloader/Firmware/GD32F4xx_usb_library/host/core/Source/usbh_transc.c","projects/05-mqtt-ota-system/bootloader/course/Firmware/GD32F4xx_usb_library/host/core/Source/usbh_transc.c","VERBATIM","cf1ae1fcf884275e82634538e997d8d24c31fbe959140909f5bb4e34bca0bbef","cf1ae1fcf884275e82634538e997d8d24c31fbe959140909f5bb4e34bca0bbef","MATCH",""
"day05/Code/Code/02_GD32F407_OTA_Bootloader/Firmware/GD32F4xx_usb_library/ustd/class/cdc/usb_cdc.h","projects/05-mqtt-ota-system/bootloader/course/Firmware/GD32F4xx_usb_library/ustd/class/cdc/usb_cdc.h","VERBATIM","fcd43c4f51573d30f01573e2d2856e0be969c8ffd02d415aadfb69a595decf4e","fcd43c4f51573d30f01573e2d2856e0be969c8ffd02d415aadfb69a595decf4e","MATCH",""
"day05/Code/Code/02_GD32F407_OTA_Bootloader/Firmware/GD32F4xx_usb_library/ustd/class/hid/usb_hid.h","projects/05-mqtt-ota-system/bootloader/course/Firmware/GD32F4xx_usb_library/ustd/class/hid/usb_hid.h","VERBATIM","f3c6a02d4fc46f9512465b6eb2951c8cddb956af73422aab9d2a1bafc69f2e7b","f3c6a02d4fc46f9512465b6eb2951c8cddb956af73422aab9d2a1bafc69f2e7b","MATCH",""
"day05/Code/Code/02_GD32F407_OTA_Bootloader/Firmware/GD32F4xx_usb_library/ustd/class/msc/msc_bbb.h","projects/05-mqtt-ota-system/bootloader/course/Firmware/GD32F4xx_usb_library/ustd/class/msc/msc_bbb.h","VERBATIM","b884b8f8f7cfaf22512ede7ae709b5f3591e126d2919aecf4e2b4d7efea1f5d6","b884b8f8f7cfaf22512ede7ae709b5f3591e126d2919aecf4e2b4d7efea1f5d6","MATCH",""
"day05/Code/Code/02_GD32F407_OTA_Bootloader/Firmware/GD32F4xx_usb_library/ustd/class/msc/msc_scsi.h","projects/05-mqtt-ota-system/bootloader/course/Firmware/GD32F4xx_usb_library/ustd/class/msc/msc_scsi.h","VERBATIM","8842cf305e996369687fa89568c9aee3d46f745e1aef6eb58b1a3f519f863631","8842cf305e996369687fa89568c9aee3d46f745e1aef6eb58b1a3f519f863631","MATCH",""
"day05/Code/Code/02_GD32F407_OTA_Bootloader/Firmware/GD32F4xx_usb_library/ustd/class/msc/usb_msc.h","projects/05-mqtt-ota-system/bootloader/course/Firmware/GD32F4xx_usb_library/ustd/class/msc/usb_msc.h","VERBATIM","e3c2a096085131687f121de426ef9154f23ccc26e877129243a648fb8c90b216","e3c2a096085131687f121de426ef9154f23ccc26e877129243a648fb8c90b216","MATCH",""
"day05/Code/Code/02_GD32F407_OTA_Bootloader/Firmware/GD32F4xx_usb_library/ustd/common/usb_ch9_std.h","projects/05-mqtt-ota-system/bootloader/course/Firmware/GD32F4xx_usb_library/ustd/common/usb_ch9_std.h","VERBATIM","b5249865f377709e456f76ca76ca5499ace39bad6a452832dbe535f1989c6d22","b5249865f377709e456f76ca76ca5499ace39bad6a452832dbe535f1989c6d22","MATCH",""
"day05/Code/Code/02_GD32F407_OTA_Bootloader/Hardware/bsp_battery_leds.c","projects/05-mqtt-ota-system/bootloader/course/Hardware/bsp_battery_leds.c","VERBATIM","3355ee67df90741c1311332c6cfb0053385a7ffd03c3de8ea06fcbd57563a61d","3355ee67df90741c1311332c6cfb0053385a7ffd03c3de8ea06fcbd57563a61d","MATCH",""
"day05/Code/Code/02_GD32F407_OTA_Bootloader/Hardware/bsp_battery_leds.h","projects/05-mqtt-ota-system/bootloader/course/Hardware/bsp_battery_leds.h","VERBATIM","f7585067c016c3b5077e05028c10af52a247a608de67c34047073418c430d4bf","f7585067c016c3b5077e05028c10af52a247a608de67c34047073418c430d4bf","MATCH",""
"day05/Code/Code/02_GD32F407_OTA_Bootloader/Hardware/bsp_buzzer.c","projects/05-mqtt-ota-system/bootloader/course/Hardware/bsp_buzzer.c","VERBATIM","2585fd1908edf73c203dbbcf159b75f73d605cdf35ee33bbeaa33dd42d6a341f","2585fd1908edf73c203dbbcf159b75f73d605cdf35ee33bbeaa33dd42d6a341f","MATCH",""
"day05/Code/Code/02_GD32F407_OTA_Bootloader/Hardware/bsp_buzzer.h","projects/05-mqtt-ota-system/bootloader/course/Hardware/bsp_buzzer.h","VERBATIM","6f5fdca736b26835cda0c10dd1f5a020894e48716151d63e5ab8b6911b9c8831","6f5fdca736b26835cda0c10dd1f5a020894e48716151d63e5ab8b6911b9c8831","MATCH",""
"day05/Code/Code/02_GD32F407_OTA_Bootloader/Hardware/bsp_keys_adv.c","projects/05-mqtt-ota-system/bootloader/course/Hardware/bsp_keys_adv.c","VERBATIM","018a1246d6a4624c4ce02d7205984e201deb520654f7d2c121bfee69aa769866","018a1246d6a4624c4ce02d7205984e201deb520654f7d2c121bfee69aa769866","MATCH",""
"day05/Code/Code/02_GD32F407_OTA_Bootloader/Hardware/bsp_keys_adv.h","projects/05-mqtt-ota-system/bootloader/course/Hardware/bsp_keys_adv.h","VERBATIM","49a5ce532a4dde8d36f1ca94e94478439035497e60fec094d139f6a18bca9ec6","49a5ce532a4dde8d36f1ca94e94478439035497e60fec094d139f6a18bca9ec6","MATCH",""
"day05/Code/Code/02_GD32F407_OTA_Bootloader/Hardware/bsp_keys.c","projects/05-mqtt-ota-system/bootloader/course/Hardware/bsp_keys.c","VERBATIM","06352592ceeb62d72bce1d2b408e7031a34e1a76010681e3d5e8d53a471cc1f4","06352592ceeb62d72bce1d2b408e7031a34e1a76010681e3d5e8d53a471cc1f4","MATCH",""
"day05/Code/Code/02_GD32F407_OTA_Bootloader/Hardware/bsp_keys.h","projects/05-mqtt-ota-system/bootloader/course/Hardware/bsp_keys.h","VERBATIM","0ef66b8ce08877d228b8b505af37aa727b0d6a383bbc78619de51579c5b984d7","0ef66b8ce08877d228b8b505af37aa727b0d6a383bbc78619de51579c5b984d7","MATCH",""
"day05/Code/Code/02_GD32F407_OTA_Bootloader/Hardware/bsp_pca9685.c","projects/05-mqtt-ota-system/bootloader/course/Hardware/bsp_pca9685.c","VERBATIM","8ad0523c80a951f1b6825ad0800f550876f4e8a47954aef21a89d538042ddf85","8ad0523c80a951f1b6825ad0800f550876f4e8a47954aef21a89d538042ddf85","MATCH",""
"day05/Code/Code/02_GD32F407_OTA_Bootloader/Hardware/bsp_pca9685.h","projects/05-mqtt-ota-system/bootloader/course/Hardware/bsp_pca9685.h","VERBATIM","ea3f4d3874828b2dfe2932791ee00899154a3a182e99993ccbd9b9029deaa92e","ea3f4d3874828b2dfe2932791ee00899154a3a182e99993ccbd9b9029deaa92e","MATCH",""
"day05/Code/Code/02_GD32F407_OTA_Bootloader/Hardware/bsp_servo.c","projects/05-mqtt-ota-system/bootloader/course/Hardware/bsp_servo.c","VERBATIM","a5179bee263075e44786e8e52cd5d6c0c3ec659e98906b560f691573ddc579a1","a5179bee263075e44786e8e52cd5d6c0c3ec659e98906b560f691573ddc579a1","MATCH",""
"day05/Code/Code/02_GD32F407_OTA_Bootloader/Hardware/bsp_servo.h","projects/05-mqtt-ota-system/bootloader/course/Hardware/bsp_servo.h","VERBATIM","53bdaa6180cf37aa9adc025902600fac610b25477d81f8702bd614b98f305184","53bdaa6180cf37aa9adc025902600fac610b25477d81f8702bd614b98f305184","MATCH",""
"day05/Code/Code/02_GD32F407_OTA_Bootloader/Hardware/bsp_w25qxx.c","projects/05-mqtt-ota-system/bootloader/course/Hardware/bsp_w25qxx.c","VERBATIM","a0ea74791e8ca1f55121f1b62463cba6faf593722e91a5118470a9b75cc4332d","a0ea74791e8ca1f55121f1b62463cba6faf593722e91a5118470a9b75cc4332d","MATCH",""
"day05/Code/Code/02_GD32F407_OTA_Bootloader/Hardware/bsp_w25qxx.h","projects/05-mqtt-ota-system/bootloader/course/Hardware/bsp_w25qxx.h","VERBATIM","d8058d7878d27b6fc8e840fcc7aa677bda0f4b1d9f449fafc080af4767a5208f","d8058d7878d27b6fc8e840fcc7aa677bda0f4b1d9f449fafc080af4767a5208f","MATCH",""
"day05/Code/Code/02_GD32F407_OTA_Bootloader/Hardware/i2c_oled/bmp.h","projects/05-mqtt-ota-system/bootloader/course/Hardware/i2c_oled/bmp.h","VERBATIM","49a086e5ab31da021f77579e99b5a71059ee57533aa0c1faf4e23a9d0fbf1cc4","49a086e5ab31da021f77579e99b5a71059ee57533aa0c1faf4e23a9d0fbf1cc4","MATCH",""
"day05/Code/Code/02_GD32F407_OTA_Bootloader/Hardware/i2c_oled/oled.c","projects/05-mqtt-ota-system/bootloader/course/Hardware/i2c_oled/oled.c","VERBATIM","23d06db1f81c4000dbd1abe1527fb74ea8fd6d0855de47482b6c7e7e73f0f0c0","23d06db1f81c4000dbd1abe1527fb74ea8fd6d0855de47482b6c7e7e73f0f0c0","MATCH",""
"day05/Code/Code/02_GD32F407_OTA_Bootloader/Hardware/i2c_oled/oled.h","projects/05-mqtt-ota-system/bootloader/course/Hardware/i2c_oled/oled.h","VERBATIM","acbd19c728fc0ac4f74f9a86ff5d5d5d021bd0925941eb26809ddb14baa9fc08","acbd19c728fc0ac4f74f9a86ff5d5d5d021bd0925941eb26809ddb14baa9fc08","MATCH",""
"day05/Code/Code/02_GD32F407_OTA_Bootloader/Hardware/i2c_oled/oledfont.h","projects/05-mqtt-ota-system/bootloader/course/Hardware/i2c_oled/oledfont.h","VERBATIM","9bfd741a3dfc91f1d3309b67ac59ac4a9d367a1d7a616bcb444ccc8d09d29f4d","9bfd741a3dfc91f1d3309b67ac59ac4a9d367a1d7a616bcb444ccc8d09d29f4d","MATCH",""
"day05/Code/Code/02_GD32F407_OTA_Bootloader/Hardware/PCF8563.c","projects/05-mqtt-ota-system/bootloader/course/Hardware/PCF8563.c","VERBATIM","175399ba450f8e636bb2fa95e138e6b9a3bddc84ff2f9d12cca17c0827488e9d","175399ba450f8e636bb2fa95e138e6b9a3bddc84ff2f9d12cca17c0827488e9d","MATCH",""
"day05/Code/Code/02_GD32F407_OTA_Bootloader/Hardware/PCF8563.h","projects/05-mqtt-ota-system/bootloader/course/Hardware/PCF8563.h","VERBATIM","18cedb9ffa72107f8618f14884e3466570cbf6e72b04ad720e18ab8da0583a3a","18cedb9ffa72107f8618f14884e3466570cbf6e72b04ad720e18ab8da0583a3a","MATCH",""
"day05/Code/Code/02_GD32F407_OTA_Bootloader/Hardware/spi_oled/bmp.h","projects/05-mqtt-ota-system/bootloader/course/Hardware/spi_oled/bmp.h","VERBATIM","b118e7d338a0517ba350906c3fb4433803937da878bb55588561b1de2e104f3d","b118e7d338a0517ba350906c3fb4433803937da878bb55588561b1de2e104f3d","MATCH",""
"day05/Code/Code/02_GD32F407_OTA_Bootloader/Hardware/spi_oled/oled.c","projects/05-mqtt-ota-system/bootloader/course/Hardware/spi_oled/oled.c","VERBATIM","f81d723978f1c969ee1c964d50af0e4c61ec3775ac70a1433509619f8ea0092d","f81d723978f1c969ee1c964d50af0e4c61ec3775ac70a1433509619f8ea0092d","MATCH",""
"day05/Code/Code/02_GD32F407_OTA_Bootloader/Hardware/spi_oled/oled.h","projects/05-mqtt-ota-system/bootloader/course/Hardware/spi_oled/oled.h","VERBATIM","d6644e05ccba3dbd2cec6ed02651892cfd5485bc0febdf20fd068c5ac2d1e962","d6644e05ccba3dbd2cec6ed02651892cfd5485bc0febdf20fd068c5ac2d1e962","MATCH",""
"day05/Code/Code/02_GD32F407_OTA_Bootloader/Library/EXTI_config.h","projects/05-mqtt-ota-system/bootloader/course/Library/EXTI_config.h","VERBATIM","0e1d8994d361a55d9837f7251d9fbe43d6c26f110b82382ff86941480f30a85b","0e1d8994d361a55d9837f7251d9fbe43d6c26f110b82382ff86941480f30a85b","MATCH",""
"day05/Code/Code/02_GD32F407_OTA_Bootloader/Library/EXTI.c","projects/05-mqtt-ota-system/bootloader/course/Library/EXTI.c","VERBATIM","f31ad6b5038d43f75066a667d0c1905ced684533c26c8dbd32d8bff6f822e28c","f31ad6b5038d43f75066a667d0c1905ced684533c26c8dbd32d8bff6f822e28c","MATCH",""
"day05/Code/Code/02_GD32F407_OTA_Bootloader/Library/EXTI.h","projects/05-mqtt-ota-system/bootloader/course/Library/EXTI.h","VERBATIM","836bc18a5497f7024b8a58223e66391071ebef1051bc8dddc9cf9a4537d430fb","836bc18a5497f7024b8a58223e66391071ebef1051bc8dddc9cf9a4537d430fb","MATCH",""
"day05/Code/Code/02_GD32F407_OTA_Bootloader/Library/I2C/I2C_config.h","projects/05-mqtt-ota-system/bootloader/course/Library/I2C/I2C_config.h","VERBATIM","c78e6ef8b19040f77c089e6c5da8a95e9ae1e5a890cecfd30731e8d831ef0fca","c78e6ef8b19040f77c089e6c5da8a95e9ae1e5a890cecfd30731e8d831ef0fca","MATCH",""
"day05/Code/Code/02_GD32F407_OTA_Bootloader/Library/I2C/I2C.c","projects/05-mqtt-ota-system/bootloader/course/Library/I2C/I2C.c","VERBATIM","e17605acea90ba6709874fba8efbacb31f105f013b10779679c71da5d3c988c2","e17605acea90ba6709874fba8efbacb31f105f013b10779679c71da5d3c988c2","MATCH",""
"day05/Code/Code/02_GD32F407_OTA_Bootloader/Library/I2C/I2C.h","projects/05-mqtt-ota-system/bootloader/course/Library/I2C/I2C.h","VERBATIM","b3c4ab98d7a9c01fe9fcefd7c8d7fdf3d97964b8efaa14cb057ebb2466ed5008","b3c4ab98d7a9c01fe9fcefd7c8d7fdf3d97964b8efaa14cb057ebb2466ed5008","MATCH",""
"day05/Code/Code/02_GD32F407_OTA_Bootloader/Library/I2C/I2C0.c","projects/05-mqtt-ota-system/bootloader/course/Library/I2C/I2C0.c","VERBATIM","09d1eb340eff2166230fc1727269ad8bdfdd9d69801ee72516fafd5a4ac09f4b","09d1eb340eff2166230fc1727269ad8bdfdd9d69801ee72516fafd5a4ac09f4b","MATCH",""
"day05/Code/Code/02_GD32F407_OTA_Bootloader/Library/I2C/I2C0.h","projects/05-mqtt-ota-system/bootloader/course/Library/I2C/I2C0.h","VERBATIM","5381921337295aaa5f855220ff496d62baca4002cd4bdc8a8cd389901b73b567","5381921337295aaa5f855220ff496d62baca4002cd4bdc8a8cd389901b73b567","MATCH",""
"day05/Code/Code/02_GD32F407_OTA_Bootloader/Library/SPI/SPI_config.h","projects/05-mqtt-ota-system/bootloader/course/Library/SPI/SPI_config.h","VERBATIM","6b4f4ed9a65f23ecc97f5b76e34de2340443cd32839f39c58dea84118106d8c4","6b4f4ed9a65f23ecc97f5b76e34de2340443cd32839f39c58dea84118106d8c4","MATCH",""
"day05/Code/Code/02_GD32F407_OTA_Bootloader/Library/SPI/SPI.c","projects/05-mqtt-ota-system/bootloader/course/Library/SPI/SPI.c","VERBATIM","d38d366d8c40053915116a8bc6fc4c4667341dfc87efdba5a68cc852a0d9b504","d38d366d8c40053915116a8bc6fc4c4667341dfc87efdba5a68cc852a0d9b504","MATCH",""
"day05/Code/Code/02_GD32F407_OTA_Bootloader/Library/SPI/SPI.h","projects/05-mqtt-ota-system/bootloader/course/Library/SPI/SPI.h","VERBATIM","228827808cd9e5fa9d40c5158c82258adb18cb347fbc9cc6ce45d4e7c15f5198","228827808cd9e5fa9d40c5158c82258adb18cb347fbc9cc6ce45d4e7c15f5198","MATCH",""
"day05/Code/Code/02_GD32F407_OTA_Bootloader/Library/SPI/SPI0.c","projects/05-mqtt-ota-system/bootloader/course/Library/SPI/SPI0.c","VERBATIM","6df75c41548208431df0eb0a3841c7c908ca0a62f863f941239d99af51c4d239","6df75c41548208431df0eb0a3841c7c908ca0a62f863f941239d99af51c4d239","MATCH",""
"day05/Code/Code/02_GD32F407_OTA_Bootloader/Library/SPI/SPI0.h","projects/05-mqtt-ota-system/bootloader/course/Library/SPI/SPI0.h","VERBATIM","6ac40fd0140c927fcec89fb8e544f668e9fef2565b3c59c80b7c178db0a0e5e5","6ac40fd0140c927fcec89fb8e544f668e9fef2565b3c59c80b7c178db0a0e5e5","MATCH",""
"day05/Code/Code/02_GD32F407_OTA_Bootloader/Library/TIMER_config.h","projects/05-mqtt-ota-system/bootloader/course/Library/TIMER_config.h","VERBATIM","fd153a4b76c23071b2c8f861a8ce001764d262c45cfea8dc65a447e42b716210","fd153a4b76c23071b2c8f861a8ce001764d262c45cfea8dc65a447e42b716210","MATCH",""
"day05/Code/Code/02_GD32F407_OTA_Bootloader/Library/TIMER.c","projects/05-mqtt-ota-system/bootloader/course/Library/TIMER.c","VERBATIM","e32690d22b9982482691676795f7ebf70e27ca01b1cf3ababa165c3e65c91a6a","e32690d22b9982482691676795f7ebf70e27ca01b1cf3ababa165c3e65c91a6a","MATCH",""
"day05/Code/Code/02_GD32F407_OTA_Bootloader/Library/TIMER.h","projects/05-mqtt-ota-system/bootloader/course/Library/TIMER.h","VERBATIM","589b5271d5c286801849960b11984b42ab88089f55d2e9393e8469ec6c42664f","589b5271d5c286801849960b11984b42ab88089f55d2e9393e8469ec6c42664f","MATCH",""
"day05/Code/Code/02_GD32F407_OTA_Bootloader/Library/USART/USART_config.h","projects/05-mqtt-ota-system/bootloader/course/Library/USART/USART_config.h","VERBATIM","30f96e44b1ff25337d8591f9db152aed2fccbde9b18de801e129e7ca3f675a1c","30f96e44b1ff25337d8591f9db152aed2fccbde9b18de801e129e7ca3f675a1c","MATCH",""
"day05/Code/Code/02_GD32F407_OTA_Bootloader/Library/USART/USART.c","projects/05-mqtt-ota-system/bootloader/course/Library/USART/USART.c","VERBATIM","aa584fadbc19286ac5492e068dca7a93efa402c5652cccb0e563003b79a3b96b","aa584fadbc19286ac5492e068dca7a93efa402c5652cccb0e563003b79a3b96b","MATCH",""
"day05/Code/Code/02_GD32F407_OTA_Bootloader/Library/USART/USART.h","projects/05-mqtt-ota-system/bootloader/course/Library/USART/USART.h","VERBATIM","4242ade6a29cc3dc938ca6ddb89905ee525fb8d0a9837323c7cd0f17d2d6dbfa","4242ade6a29cc3dc938ca6ddb89905ee525fb8d0a9837323c7cd0f17d2d6dbfa","MATCH",""
"day05/Code/Code/02_GD32F407_OTA_Bootloader/Library/USART/USART0.c","projects/05-mqtt-ota-system/bootloader/course/Library/USART/USART0.c","VERBATIM","d30ec7e30aea5afc0b64062eebea846c587f95f76bfed493475d370dc33b37ef","d30ec7e30aea5afc0b64062eebea846c587f95f76bfed493475d370dc33b37ef","MATCH",""
"day05/Code/Code/02_GD32F407_OTA_Bootloader/Library/USART/USART0.h","projects/05-mqtt-ota-system/bootloader/course/Library/USART/USART0.h","VERBATIM","58d96f267dbbc3582c0622526177c7d0eccef031019ef990796afccb44a908db","58d96f267dbbc3582c0622526177c7d0eccef031019ef990796afccb44a908db","MATCH",""
"day05/Code/Code/02_GD32F407_OTA_Bootloader/Library/USART/USART1.c","projects/05-mqtt-ota-system/bootloader/course/Library/USART/USART1.c","VERBATIM","9a6de68381da651969320719756e612b82da20c772aa3b7c9e6df4871247ee57","9a6de68381da651969320719756e612b82da20c772aa3b7c9e6df4871247ee57","MATCH",""
"day05/Code/Code/02_GD32F407_OTA_Bootloader/Library/USART/USART1.h","projects/05-mqtt-ota-system/bootloader/course/Library/USART/USART1.h","VERBATIM","613ec47204418fbbeb443a5c1567065bc07a487c386aec4f6756f84f46807866","613ec47204418fbbeb443a5c1567065bc07a487c386aec4f6756f84f46807866","MATCH",""
"day05/Code/Code/02_GD32F407_OTA_Bootloader/Library/USART/USART2.c","projects/05-mqtt-ota-system/bootloader/course/Library/USART/USART2.c","VERBATIM","15980b5d2490768e6e53670f0772b0f41edd22173e0a032e13337ed10c7b29fd","15980b5d2490768e6e53670f0772b0f41edd22173e0a032e13337ed10c7b29fd","MATCH",""
"day05/Code/Code/02_GD32F407_OTA_Bootloader/Library/USART/USART2.h","projects/05-mqtt-ota-system/bootloader/course/Library/USART/USART2.h","VERBATIM","942a178070b4ffc824c3ac3a5b41afd1451245f5b62ce5a22854bd5894c733bc","942a178070b4ffc824c3ac3a5b41afd1451245f5b62ce5a22854bd5894c733bc","MATCH",""
"day05/Code/Code/02_GD32F407_OTA_Bootloader/Project/GD32F407.uvprojx","projects/05-mqtt-ota-system/bootloader/course/Project/GD32F407.uvprojx","VERBATIM","aac9d6c39f0a68e08c27e5df7b7314c33055ff4470865b82b9ecfbe16da6860c","aac9d6c39f0a68e08c27e5df7b7314c33055ff4470865b82b9ecfbe16da6860c","MATCH",""
"day05/Code/Code/02_GD32F407_OTA_Bootloader/User/delay.c","projects/05-mqtt-ota-system/bootloader/course/User/delay.c","VERBATIM","9925ebb469b96f3a6959ece35a3f473d3cdf2b01b2bb6ceb2eef02a506d4bdb1","9925ebb469b96f3a6959ece35a3f473d3cdf2b01b2bb6ceb2eef02a506d4bdb1","MATCH",""
"day05/Code/Code/02_GD32F407_OTA_Bootloader/User/delay.h","projects/05-mqtt-ota-system/bootloader/course/User/delay.h","VERBATIM","f02fdf3663241e68dae0737394a6f99048394dc8a4e261537e933ab9bc179640","f02fdf3663241e68dae0737394a6f99048394dc8a4e261537e933ab9bc179640","MATCH",""
"day05/Code/Code/02_GD32F407_OTA_Bootloader/User/gd32f4xx_it.c","projects/05-mqtt-ota-system/bootloader/course/User/gd32f4xx_it.c","VERBATIM","5be8e65b392a41354e513056974d1869598af02739a7ce6419e611d6aa3979c6","5be8e65b392a41354e513056974d1869598af02739a7ce6419e611d6aa3979c6","MATCH",""
"day05/Code/Code/02_GD32F407_OTA_Bootloader/User/gd32f4xx_it.h","projects/05-mqtt-ota-system/bootloader/course/User/gd32f4xx_it.h","VERBATIM","b4995762ae5ceb7125cc9720cea7e2bad8640c23b87ed1856d9b8a380a5fc8c3","b4995762ae5ceb7125cc9720cea7e2bad8640c23b87ed1856d9b8a380a5fc8c3","MATCH",""
"day05/Code/Code/02_GD32F407_OTA_Bootloader/User/gd32f4xx_libopt.h","projects/05-mqtt-ota-system/bootloader/course/User/gd32f4xx_libopt.h","VERBATIM","702c6d85987bcdddd363a8412c5806255f6c746065da984eb21896c5ddd6bf09","702c6d85987bcdddd363a8412c5806255f6c746065da984eb21896c5ddd6bf09","MATCH",""
"day05/Code/Code/02_GD32F407_OTA_Bootloader/User/main.c","projects/05-mqtt-ota-system/bootloader/course/User/main.c","VERBATIM","c92e49900f5b274e9a02fde54ffa1a49dd627e33f3568a80b653dfa8d013ab29","c92e49900f5b274e9a02fde54ffa1a49dd627e33f3568a80b653dfa8d013ab29","MATCH",""
"day05/Code/Code/02_GD32F407_OTA_Bootloader/User/main.h","projects/05-mqtt-ota-system/bootloader/course/User/main.h","VERBATIM","724b8affcda9984a7b0f94ac7a7bb1005015ac3ca9e2cf59e5bff08b58ceafd1","724b8affcda9984a7b0f94ac7a7bb1005015ac3ca9e2cf59e5bff08b58ceafd1","MATCH",""
"day05/Code/Code/02_GD32F407_OTA_Bootloader/User/readme.txt","projects/05-mqtt-ota-system/bootloader/course/User/readme.txt","VERBATIM","a45bd1e14d470b46be2d57c9d35147e41204556cc4bb4e25ea3c7b6b424a0b7c","a45bd1e14d470b46be2d57c9d35147e41204556cc4bb4e25ea3c7b6b424a0b7c","MATCH",""
"day05/Code/Code/02_GD32F407_OTA_Bootloader/User/systick.c","projects/05-mqtt-ota-system/bootloader/course/User/systick.c","VERBATIM","cb5fdf3914871d32a49f1e4c6ab744d8616919350c0e89c626fee07d4b5cde14","cb5fdf3914871d32a49f1e4c6ab744d8616919350c0e89c626fee07d4b5cde14","MATCH",""
"day05/Code/Code/02_GD32F407_OTA_Bootloader/User/systick.h","projects/05-mqtt-ota-system/bootloader/course/User/systick.h","VERBATIM","bdd191cbdb4af1142d4365feac8197b72307be9b7e5cb1e0c6e0963a1c3ecb24","bdd191cbdb4af1142d4365feac8197b72307be9b7e5cb1e0c6e0963a1c3ecb24","MATCH",""
"day05/Code/Code/02_GD32F407_OTA_Bootloader/User/tasks_timer.c","projects/05-mqtt-ota-system/bootloader/course/User/tasks_timer.c","VERBATIM","b0f19e4f191a9d6eb5527f182fdfdf516a05a54053ccbfc344a4814162cc1f51","b0f19e4f191a9d6eb5527f182fdfdf516a05a54053ccbfc344a4814162cc1f51","MATCH",""
"day05/Code/Code/02_GD32F407_OTA_Bootloader/User/tasks_timer.h","projects/05-mqtt-ota-system/bootloader/course/User/tasks_timer.h","VERBATIM","0a2c8613335ff4f98ea42a36582ae288e03df75c445cfeae105995e1325757b9","0a2c8613335ff4f98ea42a36582ae288e03df75c445cfeae105995e1325757b9","MATCH",""
"day05/Code/Code/02_GD32F407_OTA_Bootloader/User/tasks.c","projects/05-mqtt-ota-system/bootloader/course/User/tasks.c","VERBATIM","1612fcdee5c7fe244dc948dc02a07e8caf6f9bdf3966e9f1a0440e499b02cae0","1612fcdee5c7fe244dc948dc02a07e8caf6f9bdf3966e9f1a0440e499b02cae0","MATCH",""
"day05/Code/Code/02_GD32F407_OTA_Bootloader/User/tasks.h","projects/05-mqtt-ota-system/bootloader/course/User/tasks.h","VERBATIM","79e5a9d6f8ba5ac1619e6795b645839801b438b83c738810ba4a7078b156d975","79e5a9d6f8ba5ac1619e6795b645839801b438b83c738810ba4a7078b156d975","MATCH",""
